provider,endpoint,display_name,method,price_json,tags,categories,owned_resources,x402_networks,detail_error,public_input_schema_present,docs_url,public_detail_url
aaa-gas-prices,/get_ev_charging_prices,Get EV charging prices,GET,"{""type"":""PER_CALL"",""amount"":{""value"":0.01,""currency"":""USD""}}",verified,aaa-gas-prices|automotive,,eip155:8453|eip155:143,,False,https://parse.bot/marketplace/gasprices-aaa-com-api,https://api.monid.ai/public/v1/providers/aaa-gas-prices/endpoints/get_ev_charging_prices
aaa-gas-prices,/get_highest_recorded_prices,Get record high prices,GET,"{""type"":""PER_CALL"",""amount"":{""value"":0.01,""currency"":""USD""}}",verified,aaa-gas-prices|automotive,,eip155:8453|eip155:143,,False,https://parse.bot/marketplace/gasprices-aaa-com-api,https://api.monid.ai/public/v1/providers/aaa-gas-prices/endpoints/get_highest_recorded_prices
aaa-gas-prices,/get_lowest_metro_prices,Get lowest metro prices,GET,"{""type"":""PER_CALL"",""amount"":{""value"":0.01,""currency"":""USD""}}",verified,aaa-gas-prices|automotive,,eip155:8453|eip155:143,,False,https://parse.bot/marketplace/gasprices-aaa-com-api,https://api.monid.ai/public/v1/providers/aaa-gas-prices/endpoints/get_lowest_metro_prices
aaa-gas-prices,/get_lowest_state_prices,Get lowest state prices,GET,"{""type"":""PER_CALL"",""amount"":{""value"":0.01,""currency"":""USD""}}",verified,aaa-gas-prices|automotive,,eip155:8453|eip155:143,,False,https://parse.bot/marketplace/gasprices-aaa-com-api,https://api.monid.ai/public/v1/providers/aaa-gas-prices/endpoints/get_lowest_state_prices
aaa-gas-prices,/get_metro_prices_by_state,Get metro prices by state,GET,"{""type"":""PER_CALL"",""amount"":{""value"":0.01,""currency"":""USD""}}",verified,aaa-gas-prices|automotive,,eip155:8453|eip155:143,,False,https://parse.bot/marketplace/gasprices-aaa-com-api,https://api.monid.ai/public/v1/providers/aaa-gas-prices/endpoints/get_metro_prices_by_state
aaa-gas-prices,/get_national_average,Get national average,GET,"{""type"":""PER_CALL"",""amount"":{""value"":0.02,""currency"":""USD""}}",verified,aaa-gas-prices|automotive,,eip155:8453|eip155:143,,False,https://parse.bot/marketplace/gasprices-aaa-com-api,https://api.monid.ai/public/v1/providers/aaa-gas-prices/endpoints/get_national_average
aaa-gas-prices,/get_news_article_detail,Get fuel news article,GET,"{""type"":""PER_CALL"",""amount"":{""value"":0.01,""currency"":""USD""}}",verified,aaa-gas-prices|automotive,,eip155:8453|eip155:143,,False,https://parse.bot/marketplace/gasprices-aaa-com-api,https://api.monid.ai/public/v1/providers/aaa-gas-prices/endpoints/get_news_article_detail
aaa-gas-prices,/get_news_articles,List fuel news,GET,"{""type"":""PER_CALL"",""amount"":{""value"":0.01,""currency"":""USD""}}",verified,aaa-gas-prices|automotive,,eip155:8453|eip155:143,,False,https://parse.bot/marketplace/gasprices-aaa-com-api,https://api.monid.ai/public/v1/providers/aaa-gas-prices/endpoints/get_news_articles
aaa-gas-prices,/get_price_change_by_metro,Get price change by metro,GET,"{""type"":""PER_CALL"",""amount"":{""value"":0.01,""currency"":""USD""}}",verified,aaa-gas-prices|automotive,,eip155:8453|eip155:143,,False,https://parse.bot/marketplace/gasprices-aaa-com-api,https://api.monid.ai/public/v1/providers/aaa-gas-prices/endpoints/get_price_change_by_metro
aaa-gas-prices,/get_price_change_by_state,Get price change by state,GET,"{""type"":""PER_CALL"",""amount"":{""value"":0.02,""currency"":""USD""}}",verified,aaa-gas-prices|automotive,,eip155:8453|eip155:143,,False,https://parse.bot/marketplace/gasprices-aaa-com-api,https://api.monid.ai/public/v1/providers/aaa-gas-prices/endpoints/get_price_change_by_state
aaa-gas-prices,/get_state_gas_prices,Get state gas prices,GET,"{""type"":""PER_CALL"",""amount"":{""value"":0.01,""currency"":""USD""}}",verified,aaa-gas-prices|automotive,,eip155:8453|eip155:143,,False,https://parse.bot/marketplace/gasprices-aaa-com-api,https://api.monid.ai/public/v1/providers/aaa-gas-prices/endpoints/get_state_gas_prices
aaa-gas-prices,/get_state_price_details,Get state price detail,GET,"{""type"":""PER_CALL"",""amount"":{""value"":0.01,""currency"":""USD""}}",verified,aaa-gas-prices|automotive,,eip155:8453|eip155:143,,False,https://parse.bot/marketplace/gasprices-aaa-com-api,https://api.monid.ai/public/v1/providers/aaa-gas-prices/endpoints/get_state_price_details
aaa-gas-prices,/search_news_articles,search_news_articles,GET,"{""type"":""PER_CALL"",""amount"":{""value"":0.01,""currency"":""USD""}}",verified,aaa-gas-prices|automotive,,eip155:8453|eip155:143,,False,https://parse.bot/marketplace/gasprices-aaa-com-api,https://api.monid.ai/public/v1/providers/aaa-gas-prices/endpoints/search_news_articles
accuweather,/get_weather,Get current weather and forecast,GET,"{""type"":""PER_CALL"",""amount"":{""value"":0.05,""currency"":""USD""}}",verified,accuweather|weather,,eip155:8453|eip155:143,,False,https://parse.bot/marketplace/accuweather-com-api,https://api.monid.ai/public/v1/providers/accuweather/endpoints/get_weather
accuweather,/list_cities,List cities,GET,"{""type"":""PER_CALL"",""amount"":{""value"":0.01,""currency"":""USD""}}",verified,accuweather|weather,,eip155:8453|eip155:143,,False,https://parse.bot/marketplace/accuweather-com-api,https://api.monid.ai/public/v1/providers/accuweather/endpoints/list_cities
accuweather,/search_locations,Search locations,GET,"{""type"":""PER_CALL"",""amount"":{""value"":0.01,""currency"":""USD""}}",verified,accuweather|weather,,eip155:8453|eip155:143,,False,https://parse.bot/marketplace/accuweather-com-api,https://api.monid.ai/public/v1/providers/accuweather/endpoints/search_locations
agentmail,/create-allow-block-entries,Add Allow/Block Rule,POST,"{""type"":""PER_CALL"",""amount"":{""value"":0,""currency"":""USD""}}",verified,agentic-email|agentmail,AgentMailInbox,,,False,https://docs.agentmail.to/api-reference/lists/create,https://api.monid.ai/public/v1/providers/agentmail/endpoints/create-allow-block-entries
agentmail,/create-domains,Create Custom Email Domain,POST,"{""type"":""PER_CALL"",""amount"":{""value"":1,""currency"":""USD""}}",verified,agentic-email|agentmail,AgentMailDomain,,,False,https://docs.agentmail.to/api-reference/domains/create,https://api.monid.ai/public/v1/providers/agentmail/endpoints/create-domains
agentmail,/create-drafts,Create Email Draft,POST,"{""type"":""PER_CALL"",""amount"":{""value"":0,""currency"":""USD""}}",verified,agentic-email|agentmail,AgentMailInbox,,,False,https://docs.agentmail.to/api-reference/inboxes/drafts/create,https://api.monid.ai/public/v1/providers/agentmail/endpoints/create-drafts
agentmail,/create-inboxes,Create Email Inbox,POST,"{""type"":""PER_CALL"",""amount"":{""value"":1,""currency"":""USD""}}",verified,agentic-email|agentmail,AgentMailInbox,,,False,https://docs.agentmail.to/api-reference/inboxes/create,https://api.monid.ai/public/v1/providers/agentmail/endpoints/create-inboxes
agentmail,/delete-allow-block-entries,Remove Allow/Block Rule,DELETE,"{""type"":""PER_CALL"",""amount"":{""value"":0,""currency"":""USD""}}",verified,agentic-email|agentmail,AgentMailInbox,,,False,https://docs.agentmail.to/api-reference/lists/delete,https://api.monid.ai/public/v1/providers/agentmail/endpoints/delete-allow-block-entries
agentmail,/delete-drafts/{id},Delete Email Draft,DELETE,"{""type"":""PER_CALL"",""amount"":{""value"":0,""currency"":""USD""}}",verified,agentic-email|agentmail,AgentMailInbox,,,False,https://docs.agentmail.to/api-reference/inboxes/drafts/delete,https://api.monid.ai/public/v1/providers/agentmail/endpoints/delete-drafts/%7Bid%7D
agentmail,/delete-messages/{id},Delete Email Message,DELETE,"{""type"":""PER_CALL"",""amount"":{""value"":0,""currency"":""USD""}}",verified,agentic-email|agentmail,AgentMailInbox,,,False,https://docs.agentmail.to/api-reference/inboxes/messages/delete,https://api.monid.ai/public/v1/providers/agentmail/endpoints/delete-messages/%7Bid%7D
agentmail,/delete-threads/{id},Delete Email Thread,DELETE,"{""type"":""PER_CALL"",""amount"":{""value"":0,""currency"":""USD""}}",verified,agentic-email|agentmail,,,,False,https://docs.agentmail.to/api-reference/threads/delete,https://api.monid.ai/public/v1/providers/agentmail/endpoints/delete-threads/%7Bid%7D
agentmail,/domains/{id},Get Email Domain,GET,"{""type"":""PER_CALL"",""amount"":{""value"":0,""currency"":""USD""}}",verified,agentic-email|agentmail,AgentMailDomain,,,False,https://docs.agentmail.to/api-reference/domains/get,https://api.monid.ai/public/v1/providers/agentmail/endpoints/domains/%7Bid%7D
agentmail,/drafts/{id},Get Email Draft,GET,"{""type"":""PER_CALL"",""amount"":{""value"":0,""currency"":""USD""}}",verified,agentic-email|agentmail,AgentMailInbox,,,False,https://docs.agentmail.to/api-reference/drafts/get,https://api.monid.ai/public/v1/providers/agentmail/endpoints/drafts/%7Bid%7D
agentmail,/forward-messages/{id},Forward Email Message,POST,"{""type"":""PER_RESULT"",""amount"":{""value"":0.001,""currency"":""USD""}}",verified,agentic-email|agentmail,AgentMailInbox,,,False,https://docs.agentmail.to/api-reference/inboxes/messages/forward,https://api.monid.ai/public/v1/providers/agentmail/endpoints/forward-messages/%7Bid%7D
agentmail,/inboxes/{id},Get Email Inbox,GET,"{""type"":""PER_CALL"",""amount"":{""value"":0,""currency"":""USD""}}",verified,agentic-email|agentmail,AgentMailInbox,,,False,https://docs.agentmail.to/api-reference/inboxes/get,https://api.monid.ai/public/v1/providers/agentmail/endpoints/inboxes/%7Bid%7D
agentmail,/list-allow-block-entries,List Allow/Block Rules,GET,"{""type"":""PER_CALL"",""amount"":{""value"":0,""currency"":""USD""}}",verified,agentic-email|agentmail,AgentMailInbox,,,False,https://docs.agentmail.to/api-reference/lists/list,https://api.monid.ai/public/v1/providers/agentmail/endpoints/list-allow-block-entries
agentmail,/list-domains,List Your Email Domains,GET,"{""type"":""PER_CALL"",""amount"":{""value"":0,""currency"":""USD""}}",verified,agentic-email|agentmail,,,,False,https://docs.agentmail.to/api-reference/domains/list,https://api.monid.ai/public/v1/providers/agentmail/endpoints/list-domains
agentmail,/list-drafts,List Email Drafts,GET,"{""type"":""PER_CALL"",""amount"":{""value"":0,""currency"":""USD""}}",verified,agentic-email|agentmail,AgentMailInbox,,,False,https://docs.agentmail.to/api-reference/drafts/list,https://api.monid.ai/public/v1/providers/agentmail/endpoints/list-drafts
agentmail,/list-inboxes,List Your Email Inboxes,GET,"{""type"":""PER_CALL"",""amount"":{""value"":0,""currency"":""USD""}}",verified,agentic-email|agentmail,,,,False,https://docs.agentmail.to/api-reference/inboxes/list,https://api.monid.ai/public/v1/providers/agentmail/endpoints/list-inboxes
agentmail,/list-messages,List Email Messages,GET,"{""type"":""PER_CALL"",""amount"":{""value"":0,""currency"":""USD""}}",verified,agentic-email|agentmail,AgentMailInbox,,,False,https://docs.agentmail.to/api-reference/inboxes/messages/list,https://api.monid.ai/public/v1/providers/agentmail/endpoints/list-messages
agentmail,/list-threads,List Email Threads,GET,"{""type"":""PER_CALL"",""amount"":{""value"":0,""currency"":""USD""}}",verified,agentic-email|agentmail,,,,False,https://docs.agentmail.to/api-reference/threads/list,https://api.monid.ai/public/v1/providers/agentmail/endpoints/list-threads
agentmail,/messages/{id},Get Email Message,GET,"{""type"":""PER_CALL"",""amount"":{""value"":0,""currency"":""USD""}}",verified,agentic-email|agentmail,AgentMailInbox,,,False,https://docs.agentmail.to/api-reference/inboxes/messages/get,https://api.monid.ai/public/v1/providers/agentmail/endpoints/messages/%7Bid%7D
agentmail,/messages/{id}/attachments/{attachment_id},Get Message Attachment,GET,"{""type"":""PER_CALL"",""amount"":{""value"":0,""currency"":""USD""}}",verified,agentic-email|agentmail,AgentMailInbox,,,False,https://docs.agentmail.to/api-reference/inboxes/messages/get-attachment,https://api.monid.ai/public/v1/providers/agentmail/endpoints/messages/%7Bid%7D/attachments/%7Battachment_id%7D
agentmail,/messages/{id}/raw,Get Raw Email Message,GET,"{""type"":""PER_CALL"",""amount"":{""value"":0,""currency"":""USD""}}",verified,agentic-email|agentmail,AgentMailInbox,,,False,https://docs.agentmail.to/api-reference/inboxes/messages/get-raw,https://api.monid.ai/public/v1/providers/agentmail/endpoints/messages/%7Bid%7D/raw
agentmail,/release-domains/{id},Release Email Domain,DELETE,"{""type"":""PER_CALL"",""amount"":{""value"":0,""currency"":""USD""}}",verified,agentic-email|agentmail,AgentMailDomain,,,False,https://docs.agentmail.to/api-reference/domains/delete,https://api.monid.ai/public/v1/providers/agentmail/endpoints/release-domains/%7Bid%7D
agentmail,/release-inboxes/{id},Release Email Inbox,DELETE,"{""type"":""PER_CALL"",""amount"":{""value"":0,""currency"":""USD""}}",verified,agentic-email|agentmail,AgentMailInbox,,,False,https://docs.agentmail.to/api-reference/inboxes/delete,https://api.monid.ai/public/v1/providers/agentmail/endpoints/release-inboxes/%7Bid%7D
agentmail,/reply-messages/{id},Reply to Email Message,POST,"{""type"":""PER_RESULT"",""amount"":{""value"":0.001,""currency"":""USD""}}",verified,agentic-email|agentmail,AgentMailInbox,,,False,https://docs.agentmail.to/api-reference/inboxes/messages/reply,https://api.monid.ai/public/v1/providers/agentmail/endpoints/reply-messages/%7Bid%7D
agentmail,/search-messages,Search Email Messages,GET,"{""type"":""PER_CALL"",""amount"":{""value"":0,""currency"":""USD""}}",verified,agentic-email|agentmail,AgentMailInbox,,,False,https://docs.agentmail.to/api-reference/inboxes/messages/search,https://api.monid.ai/public/v1/providers/agentmail/endpoints/search-messages
agentmail,/search-threads,Search Email Threads,GET,"{""type"":""PER_CALL"",""amount"":{""value"":0,""currency"":""USD""}}",verified,agentic-email|agentmail,,,,False,https://docs.agentmail.to/api-reference/threads/search,https://api.monid.ai/public/v1/providers/agentmail/endpoints/search-threads
agentmail,/send-drafts/{id},Send Email Draft,POST,"{""type"":""PER_RESULT"",""amount"":{""value"":0.001,""currency"":""USD""}}",verified,agentic-email|agentmail,AgentMailInbox,,,False,https://docs.agentmail.to/api-reference/inboxes/drafts/send,https://api.monid.ai/public/v1/providers/agentmail/endpoints/send-drafts/%7Bid%7D
agentmail,/send-messages,Send Email Message,POST,"{""type"":""PER_RESULT"",""amount"":{""value"":0.001,""currency"":""USD""}}",verified,agentic-email|agentmail,AgentMailInbox,,,False,https://docs.agentmail.to/api-reference/inboxes/messages/send,https://api.monid.ai/public/v1/providers/agentmail/endpoints/send-messages
agentmail,/threads/{id},Get Email Thread,GET,"{""type"":""PER_CALL"",""amount"":{""value"":0,""currency"":""USD""}}",verified,agentic-email|agentmail,,,,False,https://docs.agentmail.to/api-reference/threads/get,https://api.monid.ai/public/v1/providers/agentmail/endpoints/threads/%7Bid%7D
agentmail,/threads/{id}/attachments/{attachment_id},Get Thread Attachment,GET,"{""type"":""PER_CALL"",""amount"":{""value"":0,""currency"":""USD""}}",verified,agentic-email|agentmail,,,,False,https://docs.agentmail.to/api-reference/threads/get-attachment,https://api.monid.ai/public/v1/providers/agentmail/endpoints/threads/%7Bid%7D/attachments/%7Battachment_id%7D
agentmail,/update-drafts/{id},Update Email Draft,PATCH,"{""type"":""PER_CALL"",""amount"":{""value"":0,""currency"":""USD""}}",verified,agentic-email|agentmail,AgentMailInbox,,,False,https://docs.agentmail.to/api-reference/inboxes/drafts/update,https://api.monid.ai/public/v1/providers/agentmail/endpoints/update-drafts/%7Bid%7D
agentmail,/update-inboxes/{id},Update Email Inbox,PATCH,"{""type"":""PER_CALL"",""amount"":{""value"":0,""currency"":""USD""}}",verified,agentic-email|agentmail,AgentMailInbox,,,False,https://docs.agentmail.to/api-reference/inboxes/update,https://api.monid.ai/public/v1/providers/agentmail/endpoints/update-inboxes/%7Bid%7D
agentmail,/update-messages/{id},Update Email Message,PATCH,"{""type"":""PER_CALL"",""amount"":{""value"":0,""currency"":""USD""}}",verified,agentic-email|agentmail,AgentMailInbox,,,False,https://docs.agentmail.to/api-reference/inboxes/messages/update,https://api.monid.ai/public/v1/providers/agentmail/endpoints/update-messages/%7Bid%7D
agentmail,/update-threads/{id},Update Email Thread,PATCH,"{""type"":""PER_CALL"",""amount"":{""value"":0,""currency"":""USD""}}",verified,agentic-email|agentmail,,,,False,https://docs.agentmail.to/api-reference/threads/update,https://api.monid.ai/public/v1/providers/agentmail/endpoints/update-threads/%7Bid%7D
agentmail,/verify-domains/{id},Verify Email Domain,POST,"{""type"":""PER_CALL"",""amount"":{""value"":0,""currency"":""USD""}}",verified,agentic-email|agentmail,AgentMailDomain,,,False,https://docs.agentmail.to/api-reference/domains/verify,https://api.monid.ai/public/v1/providers/agentmail/endpoints/verify-domains/%7Bid%7D
ahrefs,/batch-analysis/batch-analysis,Batch Target Analysis,POST,"{""type"":""PER_RESULT"",""amount"":{""value"":0.013545,""currency"":""USD""}}",verified,ahrefs|seo,,eip155:8453|eip155:143,,False,https://docs.ahrefs.com/en/api/docs/introduction,https://api.monid.ai/public/v1/providers/ahrefs/endpoints/batch-analysis/batch-analysis
ahrefs,/keywords-explorer/matching-terms,Matching Keywords,GET,"{""type"":""PER_RESULT"",""amount"":{""value"":0.01419,""currency"":""USD""}}",verified,ahrefs|seo,,eip155:8453|eip155:143,,False,https://docs.ahrefs.com/en/api/docs/introduction,https://api.monid.ai/public/v1/providers/ahrefs/endpoints/keywords-explorer/matching-terms
ahrefs,/keywords-explorer/overview,Keyword Metrics,GET,"{""type"":""PER_RESULT"",""amount"":{""value"":0.02709,""currency"":""USD""}}",verified,ahrefs|seo,,eip155:8453|eip155:143,,False,https://docs.ahrefs.com/en/api/docs/introduction,https://api.monid.ai/public/v1/providers/ahrefs/endpoints/keywords-explorer/overview
ahrefs,/keywords-explorer/related-terms,Related Keywords,GET,"{""type"":""PER_RESULT"",""amount"":{""value"":0.01419,""currency"":""USD""}}",verified,ahrefs|seo,,eip155:8453|eip155:143,,False,https://docs.ahrefs.com/en/api/docs/introduction,https://api.monid.ai/public/v1/providers/ahrefs/endpoints/keywords-explorer/related-terms
ahrefs,/keywords-explorer/search-suggestions,Search Suggestions,GET,"{""type"":""PER_RESULT"",""amount"":{""value"":0.00774,""currency"":""USD""}}",verified,ahrefs|seo,,eip155:8453|eip155:143,,False,https://docs.ahrefs.com/en/api/docs/introduction,https://api.monid.ai/public/v1/providers/ahrefs/endpoints/keywords-explorer/search-suggestions
ahrefs,/keywords-explorer/volume-by-country,Volume by Country,GET,"{""type"":""PER_RESULT"",""amount"":{""value"":0.007095,""currency"":""USD""}}",verified,ahrefs|seo,,eip155:8453|eip155:143,,False,https://docs.ahrefs.com/en/api/docs/introduction,https://api.monid.ai/public/v1/providers/ahrefs/endpoints/keywords-explorer/volume-by-country
ahrefs,/keywords-explorer/volume-history,Keyword Volume History,GET,"{""type"":""PER_RESULT"",""amount"":{""value"":0.00129,""currency"":""USD""}}",verified,ahrefs|seo,,eip155:8453|eip155:143,,False,https://docs.ahrefs.com/en/api/docs/introduction,https://api.monid.ai/public/v1/providers/ahrefs/endpoints/keywords-explorer/volume-history
ahrefs,/serp-overview/serp-overview,SERP Overview,GET,"{""type"":""PER_RESULT"",""amount"":{""value"":0.0129,""currency"":""USD""}}",verified,ahrefs|seo,,eip155:8453|eip155:143,,False,https://docs.ahrefs.com/en/api/docs/introduction,https://api.monid.ai/public/v1/providers/ahrefs/endpoints/serp-overview/serp-overview
ahrefs,/site-explorer/ai-responses-count,AI Answer Citations,GET,"{""type"":""PER_RESULT"",""amount"":{""value"":0.0774,""currency"":""USD""}}",verified,ahrefs|geo,,eip155:8453|eip155:143,,False,https://docs.ahrefs.com/en/api/docs/introduction,https://api.monid.ai/public/v1/providers/ahrefs/endpoints/site-explorer/ai-responses-count
ahrefs,/site-explorer/all-backlinks,Backlinks,GET,"{""type"":""PER_RESULT"",""amount"":{""value"":0.00645,""currency"":""USD""}}",verified,ahrefs|seo,,eip155:8453|eip155:143,,False,https://docs.ahrefs.com/en/api/docs/introduction,https://api.monid.ai/public/v1/providers/ahrefs/endpoints/site-explorer/all-backlinks
ahrefs,/site-explorer/anchors,Backlink Anchors,GET,"{""type"":""PER_RESULT"",""amount"":{""value"":0.005805,""currency"":""USD""}}",verified,ahrefs|seo,,eip155:8453|eip155:143,,False,https://docs.ahrefs.com/en/api/docs/introduction,https://api.monid.ai/public/v1/providers/ahrefs/endpoints/site-explorer/anchors
ahrefs,/site-explorer/backlinks-stats,Backlink Totals,GET,"{""type"":""PER_RESULT"",""amount"":{""value"":0.00774,""currency"":""USD""}}",verified,ahrefs|seo,,eip155:8453|eip155:143,,False,https://docs.ahrefs.com/en/api/docs/introduction,https://api.monid.ai/public/v1/providers/ahrefs/endpoints/site-explorer/backlinks-stats
ahrefs,/site-explorer/broken-backlinks,Broken Backlinks,GET,"{""type"":""PER_RESULT"",""amount"":{""value"":0.005805,""currency"":""USD""}}",verified,ahrefs|seo,,eip155:8453|eip155:143,,False,https://docs.ahrefs.com/en/api/docs/introduction,https://api.monid.ai/public/v1/providers/ahrefs/endpoints/site-explorer/broken-backlinks
ahrefs,/site-explorer/crawled-pages,Crawled Pages,GET,"{""type"":""PER_RESULT"",""amount"":{""value"":0.00387,""currency"":""USD""}}",verified,ahrefs|seo,,eip155:8453|eip155:143,,False,https://docs.ahrefs.com/en/api/docs/introduction,https://api.monid.ai/public/v1/providers/ahrefs/endpoints/site-explorer/crawled-pages
ahrefs,/site-explorer/domain-rating,Domain Rating,GET,"{""type"":""PER_RESULT"",""amount"":{""value"":0.00129,""currency"":""USD""}}",verified,ahrefs|seo,,eip155:8453|eip155:143,,False,https://docs.ahrefs.com/en/api/docs/introduction,https://api.monid.ai/public/v1/providers/ahrefs/endpoints/site-explorer/domain-rating
ahrefs,/site-explorer/domain-rating-history,Domain Rating History,GET,"{""type"":""PER_RESULT"",""amount"":{""value"":0.00129,""currency"":""USD""}}",verified,ahrefs|seo,,eip155:8453|eip155:143,,False,https://docs.ahrefs.com/en/api/docs/introduction,https://api.monid.ai/public/v1/providers/ahrefs/endpoints/site-explorer/domain-rating-history
ahrefs,/site-explorer/keywords-history,Keyword Positions History,GET,"{""type"":""PER_RESULT"",""amount"":{""value"":0.00387,""currency"":""USD""}}",verified,ahrefs|seo,,eip155:8453|eip155:143,,False,https://docs.ahrefs.com/en/api/docs/introduction,https://api.monid.ai/public/v1/providers/ahrefs/endpoints/site-explorer/keywords-history
ahrefs,/site-explorer/linked-anchors-external,Outbound Anchors,GET,"{""type"":""PER_RESULT"",""amount"":{""value"":0.003225,""currency"":""USD""}}",verified,ahrefs|seo,,eip155:8453|eip155:143,,False,https://docs.ahrefs.com/en/api/docs/introduction,https://api.monid.ai/public/v1/providers/ahrefs/endpoints/site-explorer/linked-anchors-external
ahrefs,/site-explorer/linked-anchors-internal,Internal Anchors,GET,"{""type"":""PER_RESULT"",""amount"":{""value"":0.00258,""currency"":""USD""}}",verified,ahrefs|seo,,eip155:8453|eip155:143,,False,https://docs.ahrefs.com/en/api/docs/introduction,https://api.monid.ai/public/v1/providers/ahrefs/endpoints/site-explorer/linked-anchors-internal
ahrefs,/site-explorer/linkeddomains,Outbound Domains,GET,"{""type"":""PER_RESULT"",""amount"":{""value"":0.00258,""currency"":""USD""}}",verified,ahrefs|seo,,eip155:8453|eip155:143,,False,https://docs.ahrefs.com/en/api/docs/introduction,https://api.monid.ai/public/v1/providers/ahrefs/endpoints/site-explorer/linkeddomains
ahrefs,/site-explorer/metrics,SEO Metrics,GET,"{""type"":""PER_RESULT"",""amount"":{""value"":0.02838,""currency"":""USD""}}",verified,ahrefs|seo,,eip155:8453|eip155:143,,False,https://docs.ahrefs.com/en/api/docs/introduction,https://api.monid.ai/public/v1/providers/ahrefs/endpoints/site-explorer/metrics
ahrefs,/site-explorer/metrics-by-country,Metrics by Country,GET,"{""type"":""PER_RESULT"",""amount"":{""value"":0.014835,""currency"":""USD""}}",verified,ahrefs|seo,,eip155:8453|eip155:143,,False,https://docs.ahrefs.com/en/api/docs/introduction,https://api.monid.ai/public/v1/providers/ahrefs/endpoints/site-explorer/metrics-by-country
ahrefs,/site-explorer/metrics-history,Traffic History,GET,"{""type"":""PER_RESULT"",""amount"":{""value"":0.013545,""currency"":""USD""}}",verified,ahrefs|seo,,eip155:8453|eip155:143,,False,https://docs.ahrefs.com/en/api/docs/introduction,https://api.monid.ai/public/v1/providers/ahrefs/endpoints/site-explorer/metrics-history
ahrefs,/site-explorer/organic-competitors,Organic Competitors,GET,"{""type"":""PER_RESULT"",""amount"":{""value"":0.00903,""currency"":""USD""}}",verified,ahrefs|seo,,eip155:8453|eip155:143,,False,https://docs.ahrefs.com/en/api/docs/introduction,https://api.monid.ai/public/v1/providers/ahrefs/endpoints/site-explorer/organic-competitors
ahrefs,/site-explorer/organic-keywords,Organic Keywords,GET,"{""type"":""PER_RESULT"",""amount"":{""value"":0.01548,""currency"":""USD""}}",verified,ahrefs|seo,,eip155:8453|eip155:143,,False,https://docs.ahrefs.com/en/api/docs/introduction,https://api.monid.ai/public/v1/providers/ahrefs/endpoints/site-explorer/organic-keywords
ahrefs,/site-explorer/outlinks-stats,Outbound Link Totals,GET,"{""type"":""PER_RESULT"",""amount"":{""value"":0.00258,""currency"":""USD""}}",verified,ahrefs|seo,,eip155:8453|eip155:143,,False,https://docs.ahrefs.com/en/api/docs/introduction,https://api.monid.ai/public/v1/providers/ahrefs/endpoints/site-explorer/outlinks-stats
ahrefs,/site-explorer/pages-by-backlinks,Pages by Backlinks,GET,"{""type"":""PER_RESULT"",""amount"":{""value"":0.00516,""currency"":""USD""}}",verified,ahrefs|seo,,eip155:8453|eip155:143,,False,https://docs.ahrefs.com/en/api/docs/introduction,https://api.monid.ai/public/v1/providers/ahrefs/endpoints/site-explorer/pages-by-backlinks
ahrefs,/site-explorer/pages-by-internal-links,Pages by Internal Links,GET,"{""type"":""PER_RESULT"",""amount"":{""value"":0.001935,""currency"":""USD""}}",verified,ahrefs|seo,,eip155:8453|eip155:143,,False,https://docs.ahrefs.com/en/api/docs/introduction,https://api.monid.ai/public/v1/providers/ahrefs/endpoints/site-explorer/pages-by-internal-links
ahrefs,/site-explorer/pages-by-traffic,Traffic Distribution,GET,"{""type"":""PER_RESULT"",""amount"":{""value"":0.03612,""currency"":""USD""}}",verified,ahrefs|seo,,eip155:8453|eip155:143,,False,https://docs.ahrefs.com/en/api/docs/introduction,https://api.monid.ai/public/v1/providers/ahrefs/endpoints/site-explorer/pages-by-traffic
ahrefs,/site-explorer/pages-history,Ranking Pages History,GET,"{""type"":""PER_RESULT"",""amount"":{""value"":0.00129,""currency"":""USD""}}",verified,ahrefs|seo,,eip155:8453|eip155:143,,False,https://docs.ahrefs.com/en/api/docs/introduction,https://api.monid.ai/public/v1/providers/ahrefs/endpoints/site-explorer/pages-history
ahrefs,/site-explorer/paid-pages,Paid Landing Pages,GET,"{""type"":""PER_RESULT"",""amount"":{""value"":0.008385,""currency"":""USD""}}",verified,ahrefs|seo,,eip155:8453|eip155:143,,False,https://docs.ahrefs.com/en/api/docs/introduction,https://api.monid.ai/public/v1/providers/ahrefs/endpoints/site-explorer/paid-pages
ahrefs,/site-explorer/refdomains,Referring Domains,GET,"{""type"":""PER_RESULT"",""amount"":{""value"":0.00387,""currency"":""USD""}}",verified,ahrefs|seo,,eip155:8453|eip155:143,,False,https://docs.ahrefs.com/en/api/docs/introduction,https://api.monid.ai/public/v1/providers/ahrefs/endpoints/site-explorer/refdomains
ahrefs,/site-explorer/refdomains-history,Referring Domains History,GET,"{""type"":""PER_RESULT"",""amount"":{""value"":0.00387,""currency"":""USD""}}",verified,ahrefs|seo,,eip155:8453|eip155:143,,False,https://docs.ahrefs.com/en/api/docs/introduction,https://api.monid.ai/public/v1/providers/ahrefs/endpoints/site-explorer/refdomains-history
ahrefs,/site-explorer/top-pages,Top Pages by Traffic,GET,"{""type"":""PER_RESULT"",""amount"":{""value"":0.014835,""currency"":""USD""}}",verified,ahrefs|seo,,eip155:8453|eip155:143,,False,https://docs.ahrefs.com/en/api/docs/introduction,https://api.monid.ai/public/v1/providers/ahrefs/endpoints/site-explorer/top-pages
ahrefs,/site-explorer/total-search-volume-history,Search Volume History,GET,"{""type"":""PER_RESULT"",""amount"":{""value"":0.007095,""currency"":""USD""}}",verified,ahrefs|seo,,eip155:8453|eip155:143,,False,https://docs.ahrefs.com/en/api/docs/introduction,https://api.monid.ai/public/v1/providers/ahrefs/endpoints/site-explorer/total-search-volume-history
ahrefs,/site-explorer/url-rating-history,URL Rating History,GET,"{""type"":""PER_RESULT"",""amount"":{""value"":0.00129,""currency"":""USD""}}",verified,ahrefs|seo,,eip155:8453|eip155:143,,False,https://docs.ahrefs.com/en/api/docs/introduction,https://api.monid.ai/public/v1/providers/ahrefs/endpoints/site-explorer/url-rating-history
akta,/v1/company/employee-reviews,Akta Employee Reviews,GET,"{""type"":""PER_UNIT"",""amount"":{""value"":0.075,""currency"":""USD""},""per"":50,""unit"":""result""}",verified,akta|company-reviews,,eip155:8453|eip155:143,,False,https://docs.akta.pro/api-reference/alternative-data/employee-reviews,https://api.monid.ai/public/v1/providers/akta/endpoints/v1/company/employee-reviews
akta,/v1/company/enrichment,Akta Company Enrichment,GET,"{""type"":""PER_RESULT"",""amount"":{""value"":0.125,""currency"":""USD""}}",verified,akta|company-enrichment|funding-data,,eip155:8453|eip155:143,,False,https://docs.akta.pro/api-reference/company-data,https://api.monid.ai/public/v1/providers/akta/endpoints/v1/company/enrichment
akta,/v1/company/product-reviews,Akta Product Reviews,GET,"{""type"":""PER_UNIT"",""amount"":{""value"":0.075,""currency"":""USD""},""per"":50,""unit"":""result""}",verified,akta|company-reviews,,eip155:8453|eip155:143,,False,https://docs.akta.pro/api-reference/alternative-data/product-reviews,https://api.monid.ai/public/v1/providers/akta/endpoints/v1/company/product-reviews
akta,/v1/company/search,Akta Company Search,GET,"{""type"":""PER_CALL"",""amount"":{""value"":0,""currency"":""USD""}}",verified,akta|company-enrichment,,eip155:8453|eip155:143,,False,https://docs.akta.pro/api-reference/supporting-apis/company-search,https://api.monid.ai/public/v1/providers/akta/endpoints/v1/company/search
akta,/v1/industry/search,Akta Industry Search,GET,"{""type"":""PER_CALL"",""amount"":{""value"":0,""currency"":""USD""}}",verified,akta|company-enrichment,,eip155:8453|eip155:143,,False,https://docs.akta.pro/api-reference/supporting-apis/industry-search,https://api.monid.ai/public/v1/providers/akta/endpoints/v1/industry/search
akta,/v1/news,Akta News,GET,"{""type"":""PER_RESULT"",""amount"":{""value"":0.0005,""currency"":""USD""},""flatFee"":{""value"":0.005,""currency"":""USD""}}",verified,akta|company-enrichment|company-news|funding-data,,eip155:8453|eip155:143,,False,https://docs.akta.pro/api-reference/news-signals,https://api.monid.ai/public/v1/providers/akta/endpoints/v1/news
alibaba,/v1/image/qwen-image-3.0,Generate and Edit Images (Fast),POST,"{""type"":""TIERED"",""amount"":{""value"":0,""currency"":""USD""},""tiers"":[{""label"":""Output images"",""selector"":{""label"":""Output images"",""key"":""usage.output_image_count"",""in"":""output""},""price"":{""type"":""PER_UNIT"",""amount"":{""value"":0.03,""currency"":""USD""},""per"":1,""unit"":""image""}},{""label"":""Input images"",""selector"":{""label"":""Input images"",""key"":""usage.input_image_count"",""in"":""output""},""price"":{""type"":""PER_UNIT"",""amount"":{""value"":0.003,""currency"":""USD""},""per"":1,""unit"":""image""}}]}",verified,alibaba|image-generation,,eip155:8453|eip155:143,,False,https://www.alibabacloud.com/help/en/model-studio/qwen-image-generation-and-editing-api-reference,https://api.monid.ai/public/v1/providers/alibaba/endpoints/v1/image/qwen-image-3.0
alibaba,/v1/image/qwen-image-3.0-pro,Generate and Edit Images,POST,"{""type"":""TIERED"",""amount"":{""value"":0,""currency"":""USD""},""tiers"":[{""label"":""Output images (1K)"",""selector"":{""label"":""Output images (1K)"",""key"":""usage.billable_1k_images"",""in"":""output""},""price"":{""type"":""PER_UNIT"",""amount"":{""value"":0.04,""currency"":""USD""},""per"":1,""unit"":""image""}},{""label"":""Output images (2K)"",""selector"":{""label"":""Output images (2K)"",""key"":""usage.billable_2k_images"",""in"":""output""},""price"":{""type"":""PER_UNIT"",""amount"":{""value"":0.075,""currency"":""USD""},""per"":1,""unit"":""image""}},{""label"":""Input images"",""selector"":{""label"":""Input images"",""key"":""usage.input_image_count"",""in"":""output""},""price"":{""type"":""PER_UNIT"",""amount"":{""value"":0.003,""currency"":""USD""},""per"":1,""unit"":""image""}}]}",verified,alibaba|image-generation,,eip155:8453|eip155:143,,False,https://www.alibabacloud.com/help/en/model-studio/qwen-image-generation-and-editing-api-reference,https://api.monid.ai/public/v1/providers/alibaba/endpoints/v1/image/qwen-image-3.0-pro
alibaba,/v1/image/wan2.7-image,Generate Image Sets (Fast),POST,"{""type"":""PER_RESULT"",""amount"":{""value"":0.03,""currency"":""USD""}}",verified,alibaba|image-generation,,eip155:8453|eip155:143,,False,https://www.alibabacloud.com/help/en/model-studio/wan-image-generation-and-editing-api-reference,https://api.monid.ai/public/v1/providers/alibaba/endpoints/v1/image/wan2.7-image
alibaba,/v1/image/wan2.7-image-pro,Generate 4K Image Sets,POST,"{""type"":""PER_RESULT"",""amount"":{""value"":0.075,""currency"":""USD""}}",verified,alibaba|image-generation,,eip155:8453|eip155:143,,False,https://www.alibabacloud.com/help/en/model-studio/wan-image-generation-and-editing-api-reference,https://api.monid.ai/public/v1/providers/alibaba/endpoints/v1/image/wan2.7-image-pro
alibaba,/v1/video/wan2.7-i2v,Image to Video,POST,"{""type"":""PER_UNIT_MATRIX"",""amount"":{""value"":0.1,""currency"":""USD""},""selectors"":[{""label"":""Resolution"",""key"":""resolution"",""in"":""body""}],""variants"":[{""when"":{""resolution"":""720P""},""price"":{""type"":""PER_UNIT"",""amount"":{""value"":0.1,""currency"":""USD""},""per"":1,""unit"":""second""}},{""when"":{""resolution"":""1080P""},""price"":{""type"":""PER_UNIT"",""amount"":{""value"":0.15,""currency"":""USD""},""per"":1,""unit"":""second""}}]}",verified,alibaba|video-generation,,eip155:8453|eip155:143,,False,https://www.alibabacloud.com/help/en/model-studio/image-to-video-general-api-reference,https://api.monid.ai/public/v1/providers/alibaba/endpoints/v1/video/wan2.7-i2v
alibaba,/v1/video/wan2.7-r2v,Reference to Video,POST,"{""type"":""PER_UNIT_MATRIX"",""amount"":{""value"":0.1,""currency"":""USD""},""selectors"":[{""label"":""Resolution"",""key"":""resolution"",""in"":""body""}],""variants"":[{""when"":{""resolution"":""720P""},""price"":{""type"":""PER_UNIT"",""amount"":{""value"":0.1,""currency"":""USD""},""per"":1,""unit"":""second""}},{""when"":{""resolution"":""1080P""},""price"":{""type"":""PER_UNIT"",""amount"":{""value"":0.15,""currency"":""USD""},""per"":1,""unit"":""second""}}]}",verified,alibaba|video-generation,,eip155:8453|eip155:143,,False,https://www.alibabacloud.com/help/en/model-studio/wan-video-to-video-api-reference,https://api.monid.ai/public/v1/providers/alibaba/endpoints/v1/video/wan2.7-r2v
alibaba,/v1/video/wan2.7-t2v,Text to Video,POST,"{""type"":""PER_UNIT_MATRIX"",""amount"":{""value"":0.1,""currency"":""USD""},""selectors"":[{""label"":""Resolution"",""key"":""resolution"",""in"":""body""}],""variants"":[{""when"":{""resolution"":""720P""},""price"":{""type"":""PER_UNIT"",""amount"":{""value"":0.1,""currency"":""USD""},""per"":1,""unit"":""second""}},{""when"":{""resolution"":""1080P""},""price"":{""type"":""PER_UNIT"",""amount"":{""value"":0.15,""currency"":""USD""},""per"":1,""unit"":""second""}}]}",verified,alibaba|video-generation,,eip155:8453|eip155:143,,False,https://www.alibabacloud.com/help/en/model-studio/text-to-video-api-reference,https://api.monid.ai/public/v1/providers/alibaba/endpoints/v1/video/wan2.7-t2v
alibaba,/v1/video/wan2.7-videoedit,Edit Video,POST,"{""type"":""PER_UNIT_MATRIX"",""amount"":{""value"":0.1,""currency"":""USD""},""selectors"":[{""label"":""Resolution"",""key"":""resolution"",""in"":""body""}],""variants"":[{""when"":{""resolution"":""720P""},""price"":{""type"":""PER_UNIT"",""amount"":{""value"":0.1,""currency"":""USD""},""per"":1,""unit"":""second""}},{""when"":{""resolution"":""1080P""},""price"":{""type"":""PER_UNIT"",""amount"":{""value"":0.15,""currency"":""USD""},""per"":1,""unit"":""second""}}]}",verified,alibaba|video-generation,,eip155:8453|eip155:143,,False,https://www.alibabacloud.com/help/en/model-studio/wan-video-editing-api-reference,https://api.monid.ai/public/v1/providers/alibaba/endpoints/v1/video/wan2.7-videoedit
alibaba,/v1/video/wan3.0,Generate Multimodal Video,POST,"{""type"":""PER_UNIT_MATRIX"",""amount"":{""value"":0.05,""currency"":""USD""},""selectors"":[{""label"":""Resolution"",""key"":""resolution"",""in"":""body""}],""variants"":[{""when"":{""resolution"":""480P""},""price"":{""type"":""PER_UNIT"",""amount"":{""value"":0.05,""currency"":""USD""},""per"":1,""unit"":""second""}},{""when"":{""resolution"":""720P""},""price"":{""type"":""PER_UNIT"",""amount"":{""value"":0.1,""currency"":""USD""},""per"":1,""unit"":""second""}},{""when"":{""resolution"":""1080P""},""price"":{""type"":""PER_UNIT"",""amount"":{""value"":0.2,""currency"":""USD""},""per"":1,""unit"":""second""}}]}",verified,alibaba|video-generation,,eip155:8453|eip155:143,,False,https://www.alibabacloud.com/help/en/model-studio/wan3-video-generation-api-reference,https://api.monid.ai/public/v1/providers/alibaba/endpoints/v1/video/wan3.0
alibaba,/v1/video/wan3.0-prime,Generate Multimodal Video (Fast),POST,"{""type"":""PER_UNIT_MATRIX"",""amount"":{""value"":0.068,""currency"":""USD""},""selectors"":[{""label"":""Resolution"",""key"":""resolution"",""in"":""body""}],""variants"":[{""when"":{""resolution"":""480P""},""price"":{""type"":""PER_UNIT"",""amount"":{""value"":0.068,""currency"":""USD""},""per"":1,""unit"":""second""}},{""when"":{""resolution"":""720P""},""price"":{""type"":""PER_UNIT"",""amount"":{""value"":0.14,""currency"":""USD""},""per"":1,""unit"":""second""}},{""when"":{""resolution"":""1080P""},""price"":{""type"":""PER_UNIT"",""amount"":{""value"":0.28,""currency"":""USD""},""per"":1,""unit"":""second""}}]}",verified,alibaba|video-generation,,eip155:8453|eip155:143,,False,https://www.alibabacloud.com/help/en/model-studio/wan3-video-generation-api-reference,https://api.monid.ai/public/v1/providers/alibaba/endpoints/v1/video/wan3.0-prime
api.itsgloria.ai,/news,News,GET,"{""type"":""PER_CALL"",""amount"":{""value"":0.033,""currency"":""USD""}}",,gloria|news-search,,eip155:8453|eip155:143,,False,https://api.itsgloria.ai/news,https://api.monid.ai/public/v1/providers/api.itsgloria.ai/endpoints/news
api.itsgloria.ai,/news-by-keyword,News By Keyword,GET,"{""type"":""PER_CALL"",""amount"":{""value"":0.055,""currency"":""USD""}}",,gloria|news-search,,eip155:8453|eip155:143,,False,https://api.itsgloria.ai/news-by-keyword,https://api.monid.ai/public/v1/providers/api.itsgloria.ai/endpoints/news-by-keyword
api.itsgloria.ai,/news-ticker-summary,News Ticker Summary,GET,"{""type"":""PER_CALL"",""amount"":{""value"":0.0341,""currency"":""USD""}}",,gloria|news-search,,eip155:8453|eip155:143,,False,https://api.itsgloria.ai/news-ticker-summary,https://api.monid.ai/public/v1/providers/api.itsgloria.ai/endpoints/news-ticker-summary
api.itsgloria.ai,/pm-scorings,Pm Scorings,GET,"{""type"":""PER_CALL"",""amount"":{""value"":0.11,""currency"":""USD""}}",,gloria|news-search,,eip155:8453|eip155:143,,False,https://api.itsgloria.ai/pm-scorings,https://api.monid.ai/public/v1/providers/api.itsgloria.ai/endpoints/pm-scorings
api.itsgloria.ai,/recaps,Recaps,GET,"{""type"":""PER_CALL"",""amount"":{""value"":0.11,""currency"":""USD""}}",,gloria|news-search,,eip155:8453|eip155:143,,False,https://api.itsgloria.ai/recaps,https://api.monid.ai/public/v1/providers/api.itsgloria.ai/endpoints/recaps
api.kadec0.xyz,/v1/author-search,Author Search,GET,"{""type"":""PER_CALL"",""amount"":{""value"":0.022,""currency"":""USD""}}",,,,eip155:8453|eip155:143,,False,https://api.kadec0.xyz/v1/author-search,https://api.monid.ai/public/v1/providers/api.kadec0.xyz/endpoints/v1/author-search
api.kadec0.xyz,/v1/congress-trades,Congress Trades,GET,"{""type"":""PER_CALL"",""amount"":{""value"":0.055,""currency"":""USD""}}",,,,eip155:8453|eip155:143,,False,https://api.kadec0.xyz/v1/congress-trades,https://api.monid.ai/public/v1/providers/api.kadec0.xyz/endpoints/v1/congress-trades
api.kadec0.xyz,/v1/cve,Cve,GET,"{""type"":""PER_CALL"",""amount"":{""value"":0.011,""currency"":""USD""}}",,,,eip155:8453|eip155:143,,False,https://api.kadec0.xyz/v1/cve,https://api.monid.ai/public/v1/providers/api.kadec0.xyz/endpoints/v1/cve
api.kadec0.xyz,/v1/defi-tvl,Defi Tvl,GET,"{""type"":""PER_CALL"",""amount"":{""value"":0.022,""currency"":""USD""}}",,,,eip155:8453|eip155:143,,False,https://api.kadec0.xyz/v1/defi-tvl,https://api.monid.ai/public/v1/providers/api.kadec0.xyz/endpoints/v1/defi-tvl
api.kadec0.xyz,/v1/dns-propagation,Dns Propagation,GET,"{""type"":""PER_CALL"",""amount"":{""value"":0.033,""currency"":""USD""}}",,,,eip155:8453|eip155:143,,False,https://api.kadec0.xyz/v1/dns-propagation,https://api.monid.ai/public/v1/providers/api.kadec0.xyz/endpoints/v1/dns-propagation
api.kadec0.xyz,/v1/domain-info,Domain Info,GET,"{""type"":""PER_CALL"",""amount"":{""value"":0.022,""currency"":""USD""}}",,,,eip155:8453|eip155:143,,False,https://api.kadec0.xyz/v1/domain-info,https://api.monid.ai/public/v1/providers/api.kadec0.xyz/endpoints/v1/domain-info
api.kadec0.xyz,/v1/email-validate,Email Validate,GET,"{""type"":""PER_CALL"",""amount"":{""value"":0.033,""currency"":""USD""}}",,,,eip155:8453|eip155:143,,False,https://api.kadec0.xyz/v1/email-validate,https://api.monid.ai/public/v1/providers/api.kadec0.xyz/endpoints/v1/email-validate
api.kadec0.xyz,/v1/enrich,Enrich,GET,"{""type"":""PER_CALL"",""amount"":{""value"":0.165,""currency"":""USD""}}",,,,eip155:8453|eip155:143,,False,https://api.kadec0.xyz/v1/enrich,https://api.monid.ai/public/v1/providers/api.kadec0.xyz/endpoints/v1/enrich
api.kadec0.xyz,/v1/fda,Fda,GET,"{""type"":""PER_CALL"",""amount"":{""value"":0.022,""currency"":""USD""}}",,,,eip155:8453|eip155:143,,False,https://api.kadec0.xyz/v1/fda,https://api.monid.ai/public/v1/providers/api.kadec0.xyz/endpoints/v1/fda
api.kadec0.xyz,/v1/gas-oracle,Gas Oracle,GET,"{""type"":""PER_CALL"",""amount"":{""value"":0.011,""currency"":""USD""}}",,,,eip155:8453|eip155:143,,False,https://api.kadec0.xyz/v1/gas-oracle,https://api.monid.ai/public/v1/providers/api.kadec0.xyz/endpoints/v1/gas-oracle
api.kadec0.xyz,/v1/geocode,Geocode,GET,"{""type"":""PER_CALL"",""amount"":{""value"":0.011,""currency"":""USD""}}",,,,eip155:8453|eip155:143,,False,https://api.kadec0.xyz/v1/geocode,https://api.monid.ai/public/v1/providers/api.kadec0.xyz/endpoints/v1/geocode
api.kadec0.xyz,/v1/github,Github,GET,"{""type"":""PER_CALL"",""amount"":{""value"":0.022,""currency"":""USD""}}",,,,eip155:8453|eip155:143,,False,https://api.kadec0.xyz/v1/github,https://api.monid.ai/public/v1/providers/api.kadec0.xyz/endpoints/v1/github
api.kadec0.xyz,/v1/hackernews,Hackernews,GET,"{""type"":""PER_CALL"",""amount"":{""value"":0.011,""currency"":""USD""}}",,,,eip155:8453|eip155:143,,False,https://api.kadec0.xyz/v1/hackernews,https://api.monid.ai/public/v1/providers/api.kadec0.xyz/endpoints/v1/hackernews
api.kadec0.xyz,/v1/interest-by-region,Interest By Region,GET,"{""type"":""PER_CALL"",""amount"":{""value"":0.033,""currency"":""USD""}}",,,,eip155:8453|eip155:143,,False,https://api.kadec0.xyz/v1/interest-by-region,https://api.monid.ai/public/v1/providers/api.kadec0.xyz/endpoints/v1/interest-by-region
api.kadec0.xyz,/v1/lit-review,Lit Review,GET,"{""type"":""PER_CALL"",""amount"":{""value"":0.088,""currency"":""USD""}}",,,,eip155:8453|eip155:143,,False,https://api.kadec0.xyz/v1/lit-review,https://api.monid.ai/public/v1/providers/api.kadec0.xyz/endpoints/v1/lit-review
api.kadec0.xyz,/v1/market-sentiment,Market Sentiment,GET,"{""type"":""PER_CALL"",""amount"":{""value"":0.055,""currency"":""USD""}}",,,,eip155:8453|eip155:143,,False,https://api.kadec0.xyz/v1/market-sentiment,https://api.monid.ai/public/v1/providers/api.kadec0.xyz/endpoints/v1/market-sentiment
api.kadec0.xyz,/v1/nutrition,Nutrition,GET,"{""type"":""PER_CALL"",""amount"":{""value"":0.011,""currency"":""USD""}}",,,,eip155:8453|eip155:143,,False,https://api.kadec0.xyz/v1/nutrition,https://api.monid.ai/public/v1/providers/api.kadec0.xyz/endpoints/v1/nutrition
api.kadec0.xyz,/v1/paper-details,Paper Details,GET,"{""type"":""PER_CALL"",""amount"":{""value"":0.033,""currency"":""USD""}}",,,,eip155:8453|eip155:143,,False,https://api.kadec0.xyz/v1/paper-details,https://api.monid.ai/public/v1/providers/api.kadec0.xyz/endpoints/v1/paper-details
api.kadec0.xyz,/v1/paper-fulltext,Paper Fulltext,GET,"{""type"":""PER_CALL"",""amount"":{""value"":0.044,""currency"":""USD""}}",,,,eip155:8453|eip155:143,,False,https://api.kadec0.xyz/v1/paper-fulltext,https://api.monid.ai/public/v1/providers/api.kadec0.xyz/endpoints/v1/paper-fulltext
api.kadec0.xyz,/v1/papers,Papers,GET,"{""type"":""PER_CALL"",""amount"":{""value"":0.022,""currency"":""USD""}}",,,,eip155:8453|eip155:143,,False,https://api.kadec0.xyz/v1/papers,https://api.monid.ai/public/v1/providers/api.kadec0.xyz/endpoints/v1/papers
api.kadec0.xyz,/v1/permits,Permits,GET,"{""type"":""PER_CALL"",""amount"":{""value"":0.033,""currency"":""USD""}}",,,,eip155:8453|eip155:143,,False,https://api.kadec0.xyz/v1/permits,https://api.monid.ai/public/v1/providers/api.kadec0.xyz/endpoints/v1/permits
api.kadec0.xyz,/v1/recalls,Recalls,GET,"{""type"":""PER_CALL"",""amount"":{""value"":0.022,""currency"":""USD""}}",,,,eip155:8453|eip155:143,,False,https://api.kadec0.xyz/v1/recalls,https://api.monid.ai/public/v1/providers/api.kadec0.xyz/endpoints/v1/recalls
api.kadec0.xyz,/v1/related-papers,Related Papers,GET,"{""type"":""PER_CALL"",""amount"":{""value"":0.033,""currency"":""USD""}}",,,,eip155:8453|eip155:143,,False,https://api.kadec0.xyz/v1/related-papers,https://api.monid.ai/public/v1/providers/api.kadec0.xyz/endpoints/v1/related-papers
api.kadec0.xyz,/v1/related-queries,Related Queries,GET,"{""type"":""PER_CALL"",""amount"":{""value"":0.033,""currency"":""USD""}}",,,,eip155:8453|eip155:143,,False,https://api.kadec0.xyz/v1/related-queries,https://api.monid.ai/public/v1/providers/api.kadec0.xyz/endpoints/v1/related-queries
api.kadec0.xyz,/v1/related-topics,Related Topics,GET,"{""type"":""PER_CALL"",""amount"":{""value"":0.033,""currency"":""USD""}}",,,,eip155:8453|eip155:143,,False,https://api.kadec0.xyz/v1/related-topics,https://api.monid.ai/public/v1/providers/api.kadec0.xyz/endpoints/v1/related-topics
api.kadec0.xyz,/v1/scrape,Scrape,GET,"{""type"":""PER_CALL"",""amount"":{""value"":0.033,""currency"":""USD""}}",,,,eip155:8453|eip155:143,,False,https://api.kadec0.xyz/v1/scrape,https://api.monid.ai/public/v1/providers/api.kadec0.xyz/endpoints/v1/scrape
api.kadec0.xyz,/v1/sec-edgar,Sec Edgar,GET,"{""type"":""PER_CALL"",""amount"":{""value"":0.055,""currency"":""USD""}}",,,,eip155:8453|eip155:143,,False,https://api.kadec0.xyz/v1/sec-edgar,https://api.monid.ai/public/v1/providers/api.kadec0.xyz/endpoints/v1/sec-edgar
api.kadec0.xyz,/v1/serp,Serp,GET,"{""type"":""PER_CALL"",""amount"":{""value"":0.055,""currency"":""USD""}}",,,,eip155:8453|eip155:143,,False,https://api.kadec0.xyz/v1/serp,https://api.monid.ai/public/v1/providers/api.kadec0.xyz/endpoints/v1/serp
api.kadec0.xyz,/v1/serp-batch,Serp Batch,GET,"{""type"":""PER_CALL"",""amount"":{""value"":0.11,""currency"":""USD""}}",,,,eip155:8453|eip155:143,,False,https://api.kadec0.xyz/v1/serp-batch,https://api.monid.ai/public/v1/providers/api.kadec0.xyz/endpoints/v1/serp-batch
api.kadec0.xyz,/v1/serp-multi,Serp Multi,GET,"{""type"":""PER_CALL"",""amount"":{""value"":0.055,""currency"":""USD""}}",,,,eip155:8453|eip155:143,,False,https://api.kadec0.xyz/v1/serp-multi,https://api.monid.ai/public/v1/providers/api.kadec0.xyz/endpoints/v1/serp-multi
api.kadec0.xyz,/v1/serp-read,Serp Read,GET,"{""type"":""PER_CALL"",""amount"":{""value"":0.088,""currency"":""USD""}}",,,,eip155:8453|eip155:143,,False,https://api.kadec0.xyz/v1/serp-read,https://api.monid.ai/public/v1/providers/api.kadec0.xyz/endpoints/v1/serp-read
api.kadec0.xyz,/v1/smart-search,Smart Search,GET,"{""type"":""PER_CALL"",""amount"":{""value"":0.022,""currency"":""USD""}}",,,,eip155:8453|eip155:143,,False,https://api.kadec0.xyz/v1/smart-search,https://api.monid.ai/public/v1/providers/api.kadec0.xyz/endpoints/v1/smart-search
api.kadec0.xyz,/v1/stablecoins,Stablecoins,GET,"{""type"":""PER_CALL"",""amount"":{""value"":0.022,""currency"":""USD""}}",,,,eip155:8453|eip155:143,,False,https://api.kadec0.xyz/v1/stablecoins,https://api.monid.ai/public/v1/providers/api.kadec0.xyz/endpoints/v1/stablecoins
api.kadec0.xyz,/v1/stackoverflow,Stackoverflow,GET,"{""type"":""PER_CALL"",""amount"":{""value"":0.011,""currency"":""USD""}}",,,,eip155:8453|eip155:143,,False,https://api.kadec0.xyz/v1/stackoverflow,https://api.monid.ai/public/v1/providers/api.kadec0.xyz/endpoints/v1/stackoverflow
api.kadec0.xyz,/v1/time,Time,GET,"{""type"":""PER_CALL"",""amount"":{""value"":0.0055,""currency"":""USD""}}",,,,eip155:8453|eip155:143,,False,https://api.kadec0.xyz/v1/time,https://api.monid.ai/public/v1/providers/api.kadec0.xyz/endpoints/v1/time
api.kadec0.xyz,/v1/token-price,Token Price,GET,"{""type"":""PER_CALL"",""amount"":{""value"":0.011,""currency"":""USD""}}",,,,eip155:8453|eip155:143,,False,https://api.kadec0.xyz/v1/token-price,https://api.monid.ai/public/v1/providers/api.kadec0.xyz/endpoints/v1/token-price
api.kadec0.xyz,/v1/topic-search,Topic Search,GET,"{""type"":""PER_CALL"",""amount"":{""value"":0.022,""currency"":""USD""}}",,,,eip155:8453|eip155:143,,False,https://api.kadec0.xyz/v1/topic-search,https://api.monid.ai/public/v1/providers/api.kadec0.xyz/endpoints/v1/topic-search
api.kadec0.xyz,/v1/trend,Trend,GET,"{""type"":""PER_CALL"",""amount"":{""value"":0.055,""currency"":""USD""}}",,,,eip155:8453|eip155:143,,False,https://api.kadec0.xyz/v1/trend,https://api.monid.ai/public/v1/providers/api.kadec0.xyz/endpoints/v1/trend
api.kadec0.xyz,/v1/trending-coins,Trending Coins,GET,"{""type"":""PER_CALL"",""amount"":{""value"":0.011,""currency"":""USD""}}",,,,eip155:8453|eip155:143,,False,https://api.kadec0.xyz/v1/trending-coins,https://api.monid.ai/public/v1/providers/api.kadec0.xyz/endpoints/v1/trending-coins
api.kadec0.xyz,/v1/usgs-quakes,Usgs Quakes,GET,"{""type"":""PER_CALL"",""amount"":{""value"":0.0055,""currency"":""USD""}}",,,,eip155:8453|eip155:143,,False,https://api.kadec0.xyz/v1/usgs-quakes,https://api.monid.ai/public/v1/providers/api.kadec0.xyz/endpoints/v1/usgs-quakes
api.kadec0.xyz,/v1/weather,Weather,GET,"{""type"":""PER_CALL"",""amount"":{""value"":0.0055,""currency"":""USD""}}",,,,eip155:8453|eip155:143,,False,https://api.kadec0.xyz/v1/weather,https://api.monid.ai/public/v1/providers/api.kadec0.xyz/endpoints/v1/weather
api.kadec0.xyz,/v1/website-audit,Website Audit,GET,"{""type"":""PER_CALL"",""amount"":{""value"":0.088,""currency"":""USD""}}",,,,eip155:8453|eip155:143,,False,https://api.kadec0.xyz/v1/website-audit,https://api.monid.ai/public/v1/providers/api.kadec0.xyz/endpoints/v1/website-audit
api.kadec0.xyz,/v1/whois-bulk,Whois Bulk,GET,"{""type"":""PER_CALL"",""amount"":{""value"":0.055,""currency"":""USD""}}",,,,eip155:8453|eip155:143,,False,https://api.kadec0.xyz/v1/whois-bulk,https://api.monid.ai/public/v1/providers/api.kadec0.xyz/endpoints/v1/whois-bulk
api.kadec0.xyz,/v1/yield-pools,Yield Pools,GET,"{""type"":""PER_CALL"",""amount"":{""value"":0.033,""currency"":""USD""}}",,,,eip155:8453|eip155:143,,False,https://api.kadec0.xyz/v1/yield-pools,https://api.monid.ai/public/v1/providers/api.kadec0.xyz/endpoints/v1/yield-pools
api.kadec0.xyz,/v1/youtube,Youtube,GET,"{""type"":""PER_CALL"",""amount"":{""value"":0.033,""currency"":""USD""}}",,,,eip155:8453|eip155:143,,False,https://api.kadec0.xyz/v1/youtube,https://api.monid.ai/public/v1/providers/api.kadec0.xyz/endpoints/v1/youtube
api.strale.io,/x402/address-geocode,Address Geocode,GET,"{""type"":""PER_CALL"",""amount"":{""value"":0.02376,""currency"":""USD""}}",,company-enrichment|strale,,eip155:8453|eip155:143,,False,https://api.strale.io/x402/address-geocode,https://api.monid.ai/public/v1/providers/api.strale.io/endpoints/x402/address-geocode
api.strale.io,/x402/address-parse,Address Parse,GET,"{""type"":""PER_CALL"",""amount"":{""value"":0.0594,""currency"":""USD""}}",,company-enrichment|strale,,eip155:8453|eip155:143,,False,https://api.strale.io/x402/address-parse,https://api.monid.ai/public/v1/providers/api.strale.io/endpoints/x402/address-parse
api.strale.io,/x402/age-verify,Age Verify,GET,"{""type"":""PER_CALL"",""amount"":{""value"":0.02376,""currency"":""USD""}}",,company-enrichment|strale,,eip155:8453|eip155:143,,False,https://api.strale.io/x402/age-verify,https://api.monid.ai/public/v1/providers/api.strale.io/endpoints/x402/age-verify
api.strale.io,/x402/backlink-check,Backlink Check,GET,"{""type"":""PER_CALL"",""amount"":{""value"":0.1782,""currency"":""USD""}}",,company-enrichment|strale,,eip155:8453|eip155:143,,False,https://api.strale.io/x402/backlink-check,https://api.monid.ai/public/v1/providers/api.strale.io/endpoints/x402/backlink-check
api.strale.io,/x402/barcode-lookup,Barcode Lookup,GET,"{""type"":""PER_CALL"",""amount"":{""value"":0.0594,""currency"":""USD""}}",,company-enrichment|strale,,eip155:8453|eip155:143,,False,https://api.strale.io/x402/barcode-lookup,https://api.monid.ai/public/v1/providers/api.strale.io/endpoints/x402/barcode-lookup
api.strale.io,/x402/base64-encode-url,Base64 Encode Url,GET,"{""type"":""PER_CALL"",""amount"":{""value"":0.02376,""currency"":""USD""}}",,company-enrichment|strale,,eip155:8453|eip155:143,,False,https://api.strale.io/x402/base64-encode-url,https://api.monid.ai/public/v1/providers/api.strale.io/endpoints/x402/base64-encode-url
api.strale.io,/x402/belgian-company-data,Belgian Company Data,GET,"{""type"":""PER_CALL"",""amount"":{""value"":0.0594,""currency"":""USD""}}",,company-enrichment|strale,,eip155:8453|eip155:143,,False,https://api.strale.io/x402/belgian-company-data,https://api.monid.ai/public/v1/providers/api.strale.io/endpoints/x402/belgian-company-data
api.strale.io,/x402/beneficial-ownership-lookup,Beneficial Ownership Lookup,POST,"{""type"":""PER_CALL"",""amount"":{""value"":0.297,""currency"":""USD""}}",,company-enrichment|strale,,eip155:8453|eip155:143,,False,https://api.strale.io/x402/beneficial-ownership-lookup,https://api.monid.ai/public/v1/providers/api.strale.io/endpoints/x402/beneficial-ownership-lookup
api.strale.io,/x402/brand-mention-search,Brand Mention Search,GET,"{""type"":""PER_CALL"",""amount"":{""value"":0.3564,""currency"":""USD""}}",,company-enrichment|strale,,eip155:8453|eip155:143,,False,https://api.strale.io/x402/brand-mention-search,https://api.monid.ai/public/v1/providers/api.strale.io/endpoints/x402/brand-mention-search
api.strale.io,/x402/brazilian-company-data,Brazilian Company Data,GET,"{""type"":""PER_CALL"",""amount"":{""value"":0.0594,""currency"":""USD""}}",,company-enrichment|strale,,eip155:8453|eip155:143,,False,https://api.strale.io/x402/brazilian-company-data,https://api.monid.ai/public/v1/providers/api.strale.io/endpoints/x402/brazilian-company-data
api.strale.io,/x402/business-day-check,Business Day Check,GET,"{""type"":""PER_CALL"",""amount"":{""value"":0.02376,""currency"":""USD""}}",,company-enrichment|strale,,eip155:8453|eip155:143,,False,https://api.strale.io/x402/business-day-check,https://api.monid.ai/public/v1/providers/api.strale.io/endpoints/x402/business-day-check
api.strale.io,/x402/company-enrich,Company Enrich,GET,"{""type"":""PER_CALL"",""amount"":{""value"":0.594,""currency"":""USD""}}",,company-enrichment|strale,,eip155:8453|eip155:143,,False,https://api.strale.io/x402/company-enrich,https://api.monid.ai/public/v1/providers/api.strale.io/endpoints/x402/company-enrich
api.strale.io,/x402/company-id-detect,Company Id Detect,GET,"{""type"":""PER_CALL"",""amount"":{""value"":0.0594,""currency"":""USD""}}",,company-enrichment|strale,,eip155:8453|eip155:143,,False,https://api.strale.io/x402/company-id-detect,https://api.monid.ai/public/v1/providers/api.strale.io/endpoints/x402/company-id-detect
api.strale.io,/x402/company-tech-stack,Company Tech Stack,GET,"{""type"":""PER_CALL"",""amount"":{""value"":0.3564,""currency"":""USD""}}",,company-enrichment|strale,,eip155:8453|eip155:143,,False,https://api.strale.io/x402/company-tech-stack,https://api.monid.ai/public/v1/providers/api.strale.io/endpoints/x402/company-tech-stack
api.strale.io,/x402/container-track,Container Track,GET,"{""type"":""PER_CALL"",""amount"":{""value"":0.0594,""currency"":""USD""}}",,company-enrichment|strale,,eip155:8453|eip155:143,,False,https://api.strale.io/x402/container-track,https://api.monid.ai/public/v1/providers/api.strale.io/endpoints/x402/container-track
api.strale.io,/x402/credit-score-band,Credit Score Band,GET,"{""type"":""PER_CALL"",""amount"":{""value"":0.02376,""currency"":""USD""}}",,company-enrichment|strale,,eip155:8453|eip155:143,,False,https://api.strale.io/x402/credit-score-band,https://api.monid.ai/public/v1/providers/api.strale.io/endpoints/x402/credit-score-band
api.strale.io,/x402/currency-convert,Currency Convert,GET,"{""type"":""PER_CALL"",""amount"":{""value"":0.02376,""currency"":""USD""}}",,company-enrichment|strale,,eip155:8453|eip155:143,,False,https://api.strale.io/x402/currency-convert,https://api.monid.ai/public/v1/providers/api.strale.io/endpoints/x402/currency-convert
api.strale.io,/x402/cve-lookup,Cve Lookup,GET,"{""type"":""PER_CALL"",""amount"":{""value"":0.0594,""currency"":""USD""}}",,company-enrichment|strale,,eip155:8453|eip155:143,,False,https://api.strale.io/x402/cve-lookup,https://api.monid.ai/public/v1/providers/api.strale.io/endpoints/x402/cve-lookup
api.strale.io,/x402/date-parse,Date Parse,GET,"{""type"":""PER_CALL"",""amount"":{""value"":0.03564,""currency"":""USD""}}",,company-enrichment|strale,,eip155:8453|eip155:143,,False,https://api.strale.io/x402/date-parse,https://api.monid.ai/public/v1/providers/api.strale.io/endpoints/x402/date-parse
api.strale.io,/x402/dns-lookup,Dns Lookup,GET,"{""type"":""PER_CALL"",""amount"":{""value"":0.03564,""currency"":""USD""}}",,company-enrichment|strale,,eip155:8453|eip155:143,,False,https://api.strale.io/x402/dns-lookup,https://api.monid.ai/public/v1/providers/api.strale.io/endpoints/x402/dns-lookup
api.strale.io,/x402/domain-age-check,Domain Age Check,GET,"{""type"":""PER_CALL"",""amount"":{""value"":0.03564,""currency"":""USD""}}",,company-enrichment|strale,,eip155:8453|eip155:143,,False,https://api.strale.io/x402/domain-age-check,https://api.monid.ai/public/v1/providers/api.strale.io/endpoints/x402/domain-age-check
api.strale.io,/x402/domain-reputation,Domain Reputation,GET,"{""type"":""PER_CALL"",""amount"":{""value"":0.0594,""currency"":""USD""}}",,company-enrichment|strale,,eip155:8453|eip155:143,,False,https://api.strale.io/x402/domain-reputation,https://api.monid.ai/public/v1/providers/api.strale.io/endpoints/x402/domain-reputation
api.strale.io,/x402/email-deliverability-check,Email Deliverability Check,GET,"{""type"":""PER_CALL"",""amount"":{""value"":0.0594,""currency"":""USD""}}",,company-enrichment|strale,,eip155:8453|eip155:143,,False,https://api.strale.io/x402/email-deliverability-check,https://api.monid.ai/public/v1/providers/api.strale.io/endpoints/x402/email-deliverability-check
api.strale.io,/x402/email-draft,Email Draft,GET,"{""type"":""PER_CALL"",""amount"":{""value"":0.0594,""currency"":""USD""}}",,company-enrichment|strale,,eip155:8453|eip155:143,,False,https://api.strale.io/x402/email-draft,https://api.monid.ai/public/v1/providers/api.strale.io/endpoints/x402/email-draft
api.strale.io,/x402/email-reputation-score,Email Reputation Score,GET,"{""type"":""PER_CALL"",""amount"":{""value"":0.03564,""currency"":""USD""}}",,company-enrichment|strale,,eip155:8453|eip155:143,,False,https://api.strale.io/x402/email-reputation-score,https://api.monid.ai/public/v1/providers/api.strale.io/endpoints/x402/email-reputation-score
api.strale.io,/x402/email-validate,Email Validate,GET,"{""type"":""PER_CALL"",""amount"":{""value"":0.03564,""currency"":""USD""}}",,company-enrichment|strale,,eip155:8453|eip155:143,,False,https://api.strale.io/x402/email-validate,https://api.monid.ai/public/v1/providers/api.strale.io/endpoints/x402/email-validate
api.strale.io,/x402/eth-address-validate,Eth Address Validate,POST,"{""type"":""PER_CALL"",""amount"":{""value"":0.0594,""currency"":""USD""}}",,company-enrichment|strale,,eip155:8453|eip155:143,,False,https://api.strale.io/x402/eth-address-validate,https://api.monid.ai/public/v1/providers/api.strale.io/endpoints/x402/eth-address-validate
api.strale.io,/x402/eu-trademark-search,Eu Trademark Search,GET,"{""type"":""PER_CALL"",""amount"":{""value"":0.594,""currency"":""USD""}}",,company-enrichment|strale,,eip155:8453|eip155:143,,False,https://api.strale.io/x402/eu-trademark-search,https://api.monid.ai/public/v1/providers/api.strale.io/endpoints/x402/eu-trademark-search
api.strale.io,/x402/exchange-rate,Exchange Rate,GET,"{""type"":""PER_CALL"",""amount"":{""value"":0.02376,""currency"":""USD""}}",,company-enrichment|strale,,eip155:8453|eip155:143,,False,https://api.strale.io/x402/exchange-rate,https://api.monid.ai/public/v1/providers/api.strale.io/endpoints/x402/exchange-rate
api.strale.io,/x402/fear-greed-index,Fear Greed Index,GET,"{""type"":""PER_CALL"",""amount"":{""value"":0.02376,""currency"":""USD""}}",,company-enrichment|strale,,eip155:8453|eip155:143,,False,https://api.strale.io/x402/fear-greed-index,https://api.monid.ai/public/v1/providers/api.strale.io/endpoints/x402/fear-greed-index
api.strale.io,/x402/flight-status,Flight Status,GET,"{""type"":""PER_CALL"",""amount"":{""value"":0.0594,""currency"":""USD""}}",,company-enrichment|strale,,eip155:8453|eip155:143,,False,https://api.strale.io/x402/flight-status,https://api.monid.ai/public/v1/providers/api.strale.io/endpoints/x402/flight-status
api.strale.io,/x402/forex-history,Forex History,GET,"{""type"":""PER_CALL"",""amount"":{""value"":0.0594,""currency"":""USD""}}",,company-enrichment|strale,,eip155:8453|eip155:143,,False,https://api.strale.io/x402/forex-history,https://api.monid.ai/public/v1/providers/api.strale.io/endpoints/x402/forex-history
api.strale.io,/x402/french-company-data,French Company Data,GET,"{""type"":""PER_CALL"",""amount"":{""value"":0.0594,""currency"":""USD""}}",,company-enrichment|strale,,eip155:8453|eip155:143,,False,https://api.strale.io/x402/french-company-data,https://api.monid.ai/public/v1/providers/api.strale.io/endpoints/x402/french-company-data
api.strale.io,/x402/gdpr-website-check,Gdpr Website Check,GET,"{""type"":""PER_CALL"",""amount"":{""value"":0.1188,""currency"":""USD""}}",,company-enrichment|strale,,eip155:8453|eip155:143,,False,https://api.strale.io/x402/gdpr-website-check,https://api.monid.ai/public/v1/providers/api.strale.io/endpoints/x402/gdpr-website-check
api.strale.io,/x402/german-company-data,German Company Data,GET,"{""type"":""PER_CALL"",""amount"":{""value"":0.2376,""currency"":""USD""}}",,company-enrichment|strale,,eip155:8453|eip155:143,,False,https://api.strale.io/x402/german-company-data,https://api.monid.ai/public/v1/providers/api.strale.io/endpoints/x402/german-company-data
api.strale.io,/x402/github-repo-analyze,Github Repo Analyze,GET,"{""type"":""PER_CALL"",""amount"":{""value"":0.0594,""currency"":""USD""}}",,company-enrichment|strale,,eip155:8453|eip155:143,,False,https://api.strale.io/x402/github-repo-analyze,https://api.monid.ai/public/v1/providers/api.strale.io/endpoints/x402/github-repo-analyze
api.strale.io,/x402/github-user-profile,Github User Profile,GET,"{""type"":""PER_CALL"",""amount"":{""value"":0.0594,""currency"":""USD""}}",,company-enrichment|strale,,eip155:8453|eip155:143,,False,https://api.strale.io/x402/github-user-profile,https://api.monid.ai/public/v1/providers/api.strale.io/endpoints/x402/github-user-profile
api.strale.io,/x402/google-search,Google Search,GET,"{""type"":""PER_CALL"",""amount"":{""value"":0.1188,""currency"":""USD""}}",,company-enrichment|strale,,eip155:8453|eip155:143,,False,https://api.strale.io/x402/google-search,https://api.monid.ai/public/v1/providers/api.strale.io/endpoints/x402/google-search
api.strale.io,/x402/header-security-check,Header Security Check,GET,"{""type"":""PER_CALL"",""amount"":{""value"":0.0594,""currency"":""USD""}}",,company-enrichment|strale,,eip155:8453|eip155:143,,False,https://api.strale.io/x402/header-security-check,https://api.monid.ai/public/v1/providers/api.strale.io/endpoints/x402/header-security-check
api.strale.io,/x402/holiday-calendar,Holiday Calendar,GET,"{""type"":""PER_CALL"",""amount"":{""value"":0.02376,""currency"":""USD""}}",,company-enrichment|strale,,eip155:8453|eip155:143,,False,https://api.strale.io/x402/holiday-calendar,https://api.monid.ai/public/v1/providers/api.strale.io/endpoints/x402/holiday-calendar
api.strale.io,/x402/iban-validate,Iban Validate,GET,"{""type"":""PER_CALL"",""amount"":{""value"":0.0594,""currency"":""USD""}}",,company-enrichment|strale,,eip155:8453|eip155:143,,False,https://api.strale.io/x402/iban-validate,https://api.monid.ai/public/v1/providers/api.strale.io/endpoints/x402/iban-validate
api.strale.io,/x402/image-to-text,Image To Text,GET,"{""type"":""PER_CALL"",""amount"":{""value"":0.0594,""currency"":""USD""}}",,company-enrichment|strale,,eip155:8453|eip155:143,,False,https://api.strale.io/x402/image-to-text,https://api.monid.ai/public/v1/providers/api.strale.io/endpoints/x402/image-to-text
api.strale.io,/x402/invoice-validate,Invoice Validate,POST,"{""type"":""PER_CALL"",""amount"":{""value"":0.02376,""currency"":""USD""}}",,company-enrichment|strale,,eip155:8453|eip155:143,,False,https://api.strale.io/x402/invoice-validate,https://api.monid.ai/public/v1/providers/api.strale.io/endpoints/x402/invoice-validate
api.strale.io,/x402/job-board-search,Job Board Search,GET,"{""type"":""PER_CALL"",""amount"":{""value"":0.2376,""currency"":""USD""}}",,company-enrichment|strale,,eip155:8453|eip155:143,,False,https://api.strale.io/x402/job-board-search,https://api.monid.ai/public/v1/providers/api.strale.io/endpoints/x402/job-board-search
api.strale.io,/x402/job-posting-analyze,Job Posting Analyze,GET,"{""type"":""PER_CALL"",""amount"":{""value"":0.2376,""currency"":""USD""}}",,company-enrichment|strale,,eip155:8453|eip155:143,,False,https://api.strale.io/x402/job-posting-analyze,https://api.monid.ai/public/v1/providers/api.strale.io/endpoints/x402/job-posting-analyze
api.strale.io,/x402/jwt-decode,Jwt Decode,GET,"{""type"":""PER_CALL"",""amount"":{""value"":0.02376,""currency"":""USD""}}",,company-enrichment|strale,,eip155:8453|eip155:143,,False,https://api.strale.io/x402/jwt-decode,https://api.monid.ai/public/v1/providers/api.strale.io/endpoints/x402/jwt-decode
api.strale.io,/x402/keyword-suggest,Keyword Suggest,GET,"{""type"":""PER_CALL"",""amount"":{""value"":0.03564,""currency"":""USD""}}",,company-enrichment|strale,,eip155:8453|eip155:143,,False,https://api.strale.io/x402/keyword-suggest,https://api.monid.ai/public/v1/providers/api.strale.io/endpoints/x402/keyword-suggest
api.strale.io,/x402/lei-lookup,Lei Lookup,GET,"{""type"":""PER_CALL"",""amount"":{""value"":0.0594,""currency"":""USD""}}",,company-enrichment|strale,,eip155:8453|eip155:143,,False,https://api.strale.io/x402/lei-lookup,https://api.monid.ai/public/v1/providers/api.strale.io/endpoints/x402/lei-lookup
api.strale.io,/x402/link-extract,Link Extract,GET,"{""type"":""PER_CALL"",""amount"":{""value"":0.03564,""currency"":""USD""}}",,company-enrichment|strale,,eip155:8453|eip155:143,,False,https://api.strale.io/x402/link-extract,https://api.monid.ai/public/v1/providers/api.strale.io/endpoints/x402/link-extract
api.strale.io,/x402/log-parse,Log Parse,GET,"{""type"":""PER_CALL"",""amount"":{""value"":0.0594,""currency"":""USD""}}",,company-enrichment|strale,,eip155:8453|eip155:143,,False,https://api.strale.io/x402/log-parse,https://api.monid.ai/public/v1/providers/api.strale.io/endpoints/x402/log-parse
api.strale.io,/x402/markdown-to-html,Markdown To Html,GET,"{""type"":""PER_CALL"",""amount"":{""value"":0.02376,""currency"":""USD""}}",,company-enrichment|strale,,eip155:8453|eip155:143,,False,https://api.strale.io/x402/markdown-to-html,https://api.monid.ai/public/v1/providers/api.strale.io/endpoints/x402/markdown-to-html
api.strale.io,/x402/meta-extract,Meta Extract,GET,"{""type"":""PER_CALL"",""amount"":{""value"":0.03564,""currency"":""USD""}}",,company-enrichment|strale,,eip155:8453|eip155:143,,False,https://api.strale.io/x402/meta-extract,https://api.monid.ai/public/v1/providers/api.strale.io/endpoints/x402/meta-extract
api.strale.io,/x402/mx-lookup,Mx Lookup,GET,"{""type"":""PER_CALL"",""amount"":{""value"":0.02376,""currency"":""USD""}}",,company-enrichment|strale,,eip155:8453|eip155:143,,False,https://api.strale.io/x402/mx-lookup,https://api.monid.ai/public/v1/providers/api.strale.io/endpoints/x402/mx-lookup
api.strale.io,/x402/npm-package-info,Npm Package Info,GET,"{""type"":""PER_CALL"",""amount"":{""value"":0.0594,""currency"":""USD""}}",,company-enrichment|strale,,eip155:8453|eip155:143,,False,https://api.strale.io/x402/npm-package-info,https://api.monid.ai/public/v1/providers/api.strale.io/endpoints/x402/npm-package-info
api.strale.io,/x402/page-speed-test,Page Speed Test,GET,"{""type"":""PER_CALL"",""amount"":{""value"":0.0594,""currency"":""USD""}}",,company-enrichment|strale,,eip155:8453|eip155:143,,False,https://api.strale.io/x402/page-speed-test,https://api.monid.ai/public/v1/providers/api.strale.io/endpoints/x402/page-speed-test
api.strale.io,/x402/password-strength,Password Strength,GET,"{""type"":""PER_CALL"",""amount"":{""value"":0.02376,""currency"":""USD""}}",,company-enrichment|strale,,eip155:8453|eip155:143,,False,https://api.strale.io/x402/password-strength,https://api.monid.ai/public/v1/providers/api.strale.io/endpoints/x402/password-strength
api.strale.io,/x402/pep-check,Pep Check,GET,"{""type"":""PER_CALL"",""amount"":{""value"":0.0594,""currency"":""USD""}}",,company-enrichment|strale,,eip155:8453|eip155:143,,False,https://api.strale.io/x402/pep-check,https://api.monid.ai/public/v1/providers/api.strale.io/endpoints/x402/pep-check
api.strale.io,/x402/phone-normalize,Phone Normalize,GET,"{""type"":""PER_CALL"",""amount"":{""value"":0.03564,""currency"":""USD""}}",,company-enrichment|strale,,eip155:8453|eip155:143,,False,https://api.strale.io/x402/phone-normalize,https://api.monid.ai/public/v1/providers/api.strale.io/endpoints/x402/phone-normalize
api.strale.io,/x402/phone-type-detect,Phone Type Detect,GET,"{""type"":""PER_CALL"",""amount"":{""value"":0.02376,""currency"":""USD""}}",,company-enrichment|strale,,eip155:8453|eip155:143,,False,https://api.strale.io/x402/phone-type-detect,https://api.monid.ai/public/v1/providers/api.strale.io/endpoints/x402/phone-type-detect
api.strale.io,/x402/phone-validate,Phone Validate,GET,"{""type"":""PER_CALL"",""amount"":{""value"":0.02376,""currency"":""USD""}}",,company-enrichment|strale,,eip155:8453|eip155:143,,False,https://api.strale.io/x402/phone-validate,https://api.monid.ai/public/v1/providers/api.strale.io/endpoints/x402/phone-validate
api.strale.io,/x402/postal-code-lookup,Postal Code Lookup,GET,"{""type"":""PER_CALL"",""amount"":{""value"":0.02376,""currency"":""USD""}}",,company-enrichment|strale,,eip155:8453|eip155:143,,False,https://api.strale.io/x402/postal-code-lookup,https://api.monid.ai/public/v1/providers/api.strale.io/endpoints/x402/postal-code-lookup
api.strale.io,/x402/price-compare,Price Compare,GET,"{""type"":""PER_CALL"",""amount"":{""value"":0.2376,""currency"":""USD""}}",,company-enrichment|strale,,eip155:8453|eip155:143,,False,https://api.strale.io/x402/price-compare,https://api.monid.ai/public/v1/providers/api.strale.io/endpoints/x402/price-compare
api.strale.io,/x402/pricing-page-extract,Pricing Page Extract,GET,"{""type"":""PER_CALL"",""amount"":{""value"":0.3564,""currency"":""USD""}}",,company-enrichment|strale,,eip155:8453|eip155:143,,False,https://api.strale.io/x402/pricing-page-extract,https://api.monid.ai/public/v1/providers/api.strale.io/endpoints/x402/pricing-page-extract
api.strale.io,/x402/product-reviews-extract,Product Reviews Extract,GET,"{""type"":""PER_CALL"",""amount"":{""value"":0.297,""currency"":""USD""}}",,company-enrichment|strale,,eip155:8453|eip155:143,,False,https://api.strale.io/x402/product-reviews-extract,https://api.monid.ai/public/v1/providers/api.strale.io/endpoints/x402/product-reviews-extract
api.strale.io,/x402/product-search,Product Search,GET,"{""type"":""PER_CALL"",""amount"":{""value"":0.1782,""currency"":""USD""}}",,company-enrichment|strale,,eip155:8453|eip155:143,,False,https://api.strale.io/x402/product-search,https://api.monid.ai/public/v1/providers/api.strale.io/endpoints/x402/product-search
api.strale.io,/x402/pypi-package-info,Pypi Package Info,GET,"{""type"":""PER_CALL"",""amount"":{""value"":0.0594,""currency"":""USD""}}",,company-enrichment|strale,,eip155:8453|eip155:143,,False,https://api.strale.io/x402/pypi-package-info,https://api.monid.ai/public/v1/providers/api.strale.io/endpoints/x402/pypi-package-info
api.strale.io,/x402/redirect-trace,Redirect Trace,GET,"{""type"":""PER_CALL"",""amount"":{""value"":0.0594,""currency"":""USD""}}",,company-enrichment|strale,,eip155:8453|eip155:143,,False,https://api.strale.io/x402/redirect-trace,https://api.monid.ai/public/v1/providers/api.strale.io/endpoints/x402/redirect-trace
api.strale.io,/x402/robots-txt-parse,Robots Txt Parse,GET,"{""type"":""PER_CALL"",""amount"":{""value"":0.02376,""currency"":""USD""}}",,company-enrichment|strale,,eip155:8453|eip155:143,,False,https://api.strale.io/x402/robots-txt-parse,https://api.monid.ai/public/v1/providers/api.strale.io/endpoints/x402/robots-txt-parse
api.strale.io,/x402/sanctions-check,Sanctions Check,GET,"{""type"":""PER_CALL"",""amount"":{""value"":0.2376,""currency"":""USD""}}",,company-enrichment|strale,,eip155:8453|eip155:143,,False,https://api.strale.io/x402/sanctions-check,https://api.monid.ai/public/v1/providers/api.strale.io/endpoints/x402/sanctions-check
api.strale.io,/x402/screenshot-url,Screenshot Url,GET,"{""type"":""PER_CALL"",""amount"":{""value"":0.0594,""currency"":""USD""}}",,company-enrichment|strale,,eip155:8453|eip155:143,,False,https://api.strale.io/x402/screenshot-url,https://api.monid.ai/public/v1/providers/api.strale.io/endpoints/x402/screenshot-url
api.strale.io,/x402/secret-scan,Secret Scan,GET,"{""type"":""PER_CALL"",""amount"":{""value"":0.02376,""currency"":""USD""}}",,company-enrichment|strale,,eip155:8453|eip155:143,,False,https://api.strale.io/x402/secret-scan,https://api.monid.ai/public/v1/providers/api.strale.io/endpoints/x402/secret-scan
api.strale.io,/x402/sentiment-analyze,Sentiment Analyze,GET,"{""type"":""PER_CALL"",""amount"":{""value"":0.0594,""currency"":""USD""}}",,company-enrichment|strale,,eip155:8453|eip155:143,,False,https://api.strale.io/x402/sentiment-analyze,https://api.monid.ai/public/v1/providers/api.strale.io/endpoints/x402/sentiment-analyze
api.strale.io,/x402/seo-audit,Seo Audit,GET,"{""type"":""PER_CALL"",""amount"":{""value"":0.3564,""currency"":""USD""}}",,company-enrichment|strale,,eip155:8453|eip155:143,,False,https://api.strale.io/x402/seo-audit,https://api.monid.ai/public/v1/providers/api.strale.io/endpoints/x402/seo-audit
api.strale.io,/x402/serp-analyze,Serp Analyze,GET,"{""type"":""PER_CALL"",""amount"":{""value"":0.1782,""currency"":""USD""}}",,company-enrichment|strale,,eip155:8453|eip155:143,,False,https://api.strale.io/x402/serp-analyze,https://api.monid.ai/public/v1/providers/api.strale.io/endpoints/x402/serp-analyze
api.strale.io,/x402/sitemap-parse,Sitemap Parse,GET,"{""type"":""PER_CALL"",""amount"":{""value"":0.0594,""currency"":""USD""}}",,company-enrichment|strale,,eip155:8453|eip155:143,,False,https://api.strale.io/x402/sitemap-parse,https://api.monid.ai/public/v1/providers/api.strale.io/endpoints/x402/sitemap-parse
api.strale.io,/x402/social-post-generate,Social Post Generate,GET,"{""type"":""PER_CALL"",""amount"":{""value"":0.0594,""currency"":""USD""}}",,company-enrichment|strale,,eip155:8453|eip155:143,,False,https://api.strale.io/x402/social-post-generate,https://api.monid.ai/public/v1/providers/api.strale.io/endpoints/x402/social-post-generate
api.strale.io,/x402/social-profile-check,Social Profile Check,GET,"{""type"":""PER_CALL"",""amount"":{""value"":0.0594,""currency"":""USD""}}",,company-enrichment|strale,,eip155:8453|eip155:143,,False,https://api.strale.io/x402/social-profile-check,https://api.monid.ai/public/v1/providers/api.strale.io/endpoints/x402/social-profile-check
api.strale.io,/x402/solutions/lead-email-verify,Lead Email Verify,POST,"{""type"":""PER_CALL"",""amount"":{""value"":0.2376,""currency"":""USD""}}",,company-enrichment|strale,,eip155:8453|eip155:143,,False,https://api.strale.io/x402/solutions/lead-email-verify,https://api.monid.ai/public/v1/providers/api.strale.io/endpoints/x402/solutions/lead-email-verify
api.strale.io,/x402/solutions/prospect-profile,Prospect Profile,POST,"{""type"":""PER_CALL"",""amount"":{""value"":0.64152,""currency"":""USD""}}",,company-enrichment|strale,,eip155:8453|eip155:143,,False,https://api.strale.io/x402/solutions/prospect-profile,https://api.monid.ai/public/v1/providers/api.strale.io/endpoints/x402/solutions/prospect-profile
api.strale.io,/x402/solutions/web3-counterparty-kyb,Web3 Counterparty Kyb,POST,"{""type"":""PER_CALL"",""amount"":{""value"":0.8316,""currency"":""USD""}}",,company-enrichment|strale,,eip155:8453|eip155:143,,False,https://api.strale.io/x402/solutions/web3-counterparty-kyb,https://api.monid.ai/public/v1/providers/api.strale.io/endpoints/x402/solutions/web3-counterparty-kyb
api.strale.io,/x402/solutions/website-health,Website Health,POST,"{""type"":""PER_CALL"",""amount"":{""value"":0.4752,""currency"":""USD""}}",,company-enrichment|strale,,eip155:8453|eip155:143,,False,https://api.strale.io/x402/solutions/website-health,https://api.monid.ai/public/v1/providers/api.strale.io/endpoints/x402/solutions/website-health
api.strale.io,/x402/sql-explain,Sql Explain,GET,"{""type"":""PER_CALL"",""amount"":{""value"":0.0594,""currency"":""USD""}}",,company-enrichment|strale,,eip155:8453|eip155:143,,False,https://api.strale.io/x402/sql-explain,https://api.monid.ai/public/v1/providers/api.strale.io/endpoints/x402/sql-explain
api.strale.io,/x402/ssl-check,Ssl Check,GET,"{""type"":""PER_CALL"",""amount"":{""value"":0.03564,""currency"":""USD""}}",,company-enrichment|strale,,eip155:8453|eip155:143,,False,https://api.strale.io/x402/ssl-check,https://api.monid.ai/public/v1/providers/api.strale.io/endpoints/x402/ssl-check
api.strale.io,/x402/stablecoin-flow-check,Stablecoin Flow Check,GET,"{""type"":""PER_CALL"",""amount"":{""value"":0.02376,""currency"":""USD""}}",,company-enrichment|strale,,eip155:8453|eip155:143,,False,https://api.strale.io/x402/stablecoin-flow-check,https://api.monid.ai/public/v1/providers/api.strale.io/endpoints/x402/stablecoin-flow-check
api.strale.io,/x402/startup-domain-check,Startup Domain Check,GET,"{""type"":""PER_CALL"",""amount"":{""value"":0.0594,""currency"":""USD""}}",,company-enrichment|strale,,eip155:8453|eip155:143,,False,https://api.strale.io/x402/startup-domain-check,https://api.monid.ai/public/v1/providers/api.strale.io/endpoints/x402/startup-domain-check
api.strale.io,/x402/stock-quote,Stock Quote,GET,"{""type"":""PER_CALL"",""amount"":{""value"":0.0594,""currency"":""USD""}}",,company-enrichment|strale,,eip155:8453|eip155:143,,False,https://api.strale.io/x402/stock-quote,https://api.monid.ai/public/v1/providers/api.strale.io/endpoints/x402/stock-quote
api.strale.io,/x402/swedish-company-data,Swedish Company Data,GET,"{""type"":""PER_CALL"",""amount"":{""value"":0.0594,""currency"":""USD""}}",,company-enrichment|strale,,eip155:8453|eip155:143,,False,https://api.strale.io/x402/swedish-company-data,https://api.monid.ai/public/v1/providers/api.strale.io/endpoints/x402/swedish-company-data
api.strale.io,/x402/tech-stack-detect,Tech Stack Detect,GET,"{""type"":""PER_CALL"",""amount"":{""value"":0.03564,""currency"":""USD""}}",,company-enrichment|strale,,eip155:8453|eip155:143,,False,https://api.strale.io/x402/tech-stack-detect,https://api.monid.ai/public/v1/providers/api.strale.io/endpoints/x402/tech-stack-detect
api.strale.io,/x402/timezone-lookup,Timezone Lookup,GET,"{""type"":""PER_CALL"",""amount"":{""value"":0.02376,""currency"":""USD""}}",,company-enrichment|strale,,eip155:8453|eip155:143,,False,https://api.strale.io/x402/timezone-lookup,https://api.monid.ai/public/v1/providers/api.strale.io/endpoints/x402/timezone-lookup
api.strale.io,/x402/token-count,Token Count,GET,"{""type"":""PER_CALL"",""amount"":{""value"":0.02376,""currency"":""USD""}}",,company-enrichment|strale,,eip155:8453|eip155:143,,False,https://api.strale.io/x402/token-count,https://api.monid.ai/public/v1/providers/api.strale.io/endpoints/x402/token-count
api.strale.io,/x402/token-security-check,Token Security Check,GET,"{""type"":""PER_CALL"",""amount"":{""value"":0.02376,""currency"":""USD""}}",,company-enrichment|strale,,eip155:8453|eip155:143,,False,https://api.strale.io/x402/token-security-check,https://api.monid.ai/public/v1/providers/api.strale.io/endpoints/x402/token-security-check
api.strale.io,/x402/translate,Translate,GET,"{""type"":""PER_CALL"",""amount"":{""value"":0.0594,""currency"":""USD""}}",,company-enrichment|strale,,eip155:8453|eip155:143,,False,https://api.strale.io/x402/translate,https://api.monid.ai/public/v1/providers/api.strale.io/endpoints/x402/translate
api.strale.io,/x402/uk-company-data,Uk Company Data,GET,"{""type"":""PER_CALL"",""amount"":{""value"":0.0594,""currency"":""USD""}}",,company-enrichment|strale,,eip155:8453|eip155:143,,False,https://api.strale.io/x402/uk-company-data,https://api.monid.ai/public/v1/providers/api.strale.io/endpoints/x402/uk-company-data
api.strale.io,/x402/unit-convert,Unit Convert,GET,"{""type"":""PER_CALL"",""amount"":{""value"":0.02376,""currency"":""USD""}}",,company-enrichment|strale,,eip155:8453|eip155:143,,False,https://api.strale.io/x402/unit-convert,https://api.monid.ai/public/v1/providers/api.strale.io/endpoints/x402/unit-convert
api.strale.io,/x402/uptime-check,Uptime Check,GET,"{""type"":""PER_CALL"",""amount"":{""value"":0.02376,""currency"":""USD""}}",,company-enrichment|strale,,eip155:8453|eip155:143,,False,https://api.strale.io/x402/uptime-check,https://api.monid.ai/public/v1/providers/api.strale.io/endpoints/x402/uptime-check
api.strale.io,/x402/url-to-markdown,Url To Markdown,GET,"{""type"":""PER_CALL"",""amount"":{""value"":0.0594,""currency"":""USD""}}",,company-enrichment|strale,,eip155:8453|eip155:143,,False,https://api.strale.io/x402/url-to-markdown,https://api.monid.ai/public/v1/providers/api.strale.io/endpoints/x402/url-to-markdown
api.strale.io,/x402/url-to-text,Url To Text,GET,"{""type"":""PER_CALL"",""amount"":{""value"":0.02376,""currency"":""USD""}}",,company-enrichment|strale,,eip155:8453|eip155:143,,False,https://api.strale.io/x402/url-to-text,https://api.monid.ai/public/v1/providers/api.strale.io/endpoints/x402/url-to-text
api.strale.io,/x402/us-company-data,Us Company Data,GET,"{""type"":""PER_CALL"",""amount"":{""value"":0.0594,""currency"":""USD""}}",,company-enrichment|strale,,eip155:8453|eip155:143,,False,https://api.strale.io/x402/us-company-data,https://api.monid.ai/public/v1/providers/api.strale.io/endpoints/x402/us-company-data
api.strale.io,/x402/v2/accessibility-audit,Accessibility Audit,GET,"{""type"":""PER_CALL"",""amount"":{""value"":0.3564,""currency"":""USD""}}",,company-enrichment|strale,,eip155:8453|eip155:143,,False,https://api.strale.io/x402/v2/accessibility-audit,https://api.monid.ai/public/v1/providers/api.strale.io/endpoints/x402/v2/accessibility-audit
api.strale.io,/x402/v2/address-geocode,Address Geocode,GET,"{""type"":""PER_CALL"",""amount"":{""value"":0.02376,""currency"":""USD""}}",,company-enrichment|strale,,eip155:8453|eip155:143,,False,https://api.strale.io/x402/v2/address-geocode,https://api.monid.ai/public/v1/providers/api.strale.io/endpoints/x402/v2/address-geocode
api.strale.io,/x402/v2/address-parse,Address Parse,GET,"{""type"":""PER_CALL"",""amount"":{""value"":0.0594,""currency"":""USD""}}",,company-enrichment|strale,,eip155:8453|eip155:143,,False,https://api.strale.io/x402/v2/address-parse,https://api.monid.ai/public/v1/providers/api.strale.io/endpoints/x402/v2/address-parse
api.strale.io,/x402/v2/address-validate,Address Validate,GET,"{""type"":""PER_CALL"",""amount"":{""value"":0.03564,""currency"":""USD""}}",,company-enrichment|strale,,eip155:8453|eip155:143,,False,https://api.strale.io/x402/v2/address-validate,https://api.monid.ai/public/v1/providers/api.strale.io/endpoints/x402/v2/address-validate
api.strale.io,/x402/v2/adverse-media-check,Adverse Media Check,GET,"{""type"":""PER_CALL"",""amount"":{""value"":0.2376,""currency"":""USD""}}",,company-enrichment|strale,,eip155:8453|eip155:143,,False,https://api.strale.io/x402/v2/adverse-media-check,https://api.monid.ai/public/v1/providers/api.strale.io/endpoints/x402/v2/adverse-media-check
api.strale.io,/x402/v2/age-verify,Age Verify,GET,"{""type"":""PER_CALL"",""amount"":{""value"":0.02376,""currency"":""USD""}}",,company-enrichment|strale,,eip155:8453|eip155:143,,False,https://api.strale.io/x402/v2/age-verify,https://api.monid.ai/public/v1/providers/api.strale.io/endpoints/x402/v2/age-verify
api.strale.io,/x402/v2/agent-trace-analyze,Agent Trace Analyze,GET,"{""type"":""PER_CALL"",""amount"":{""value"":0.2376,""currency"":""USD""}}",,company-enrichment|strale,,eip155:8453|eip155:143,,False,https://api.strale.io/x402/v2/agent-trace-analyze,https://api.monid.ai/public/v1/providers/api.strale.io/endpoints/x402/v2/agent-trace-analyze
api.strale.io,/x402/v2/aml-risk-score,Aml Risk Score,GET,"{""type"":""PER_CALL"",""amount"":{""value"":0.02376,""currency"":""USD""}}",,company-enrichment|strale,,eip155:8453|eip155:143,,False,https://api.strale.io/x402/v2/aml-risk-score,https://api.monid.ai/public/v1/providers/api.strale.io/endpoints/x402/v2/aml-risk-score
api.strale.io,/x402/v2/api-docs-generate,Api Docs Generate,GET,"{""type"":""PER_CALL"",""amount"":{""value"":0.2376,""currency"":""USD""}}",,company-enrichment|strale,,eip155:8453|eip155:143,,False,https://api.strale.io/x402/v2/api-docs-generate,https://api.monid.ai/public/v1/providers/api.strale.io/endpoints/x402/v2/api-docs-generate
api.strale.io,/x402/v2/api-health-check,Api Health Check,GET,"{""type"":""PER_CALL"",""amount"":{""value"":0.0594,""currency"":""USD""}}",,company-enrichment|strale,,eip155:8453|eip155:143,,False,https://api.strale.io/x402/v2/api-health-check,https://api.monid.ai/public/v1/providers/api.strale.io/endpoints/x402/v2/api-health-check
api.strale.io,/x402/v2/api-mock-response,Api Mock Response,GET,"{""type"":""PER_CALL"",""amount"":{""value"":0.0594,""currency"":""USD""}}",,company-enrichment|strale,,eip155:8453|eip155:143,,False,https://api.strale.io/x402/v2/api-mock-response,https://api.monid.ai/public/v1/providers/api.strale.io/endpoints/x402/v2/api-mock-response
api.strale.io,/x402/v2/approval-security-check,Approval Security Check,GET,"{""type"":""PER_CALL"",""amount"":{""value"":0.02376,""currency"":""USD""}}",,company-enrichment|strale,,eip155:8453|eip155:143,,False,https://api.strale.io/x402/v2/approval-security-check,https://api.monid.ai/public/v1/providers/api.strale.io/endpoints/x402/v2/approval-security-check
api.strale.io,/x402/v2/au-company-data,Au Company Data,GET,"{""type"":""PER_CALL"",""amount"":{""value"":0.0594,""currency"":""USD""}}",,company-enrichment|strale,,eip155:8453|eip155:143,,False,https://api.strale.io/x402/v2/au-company-data,https://api.monid.ai/public/v1/providers/api.strale.io/endpoints/x402/v2/au-company-data
api.strale.io,/x402/v2/backlink-check,Backlink Check,GET,"{""type"":""PER_CALL"",""amount"":{""value"":0.1782,""currency"":""USD""}}",,company-enrichment|strale,,eip155:8453|eip155:143,,False,https://api.strale.io/x402/v2/backlink-check,https://api.monid.ai/public/v1/providers/api.strale.io/endpoints/x402/v2/backlink-check
api.strale.io,/x402/v2/bank-bic-lookup,Bank Bic Lookup,GET,"{""type"":""PER_CALL"",""amount"":{""value"":0.0594,""currency"":""USD""}}",,company-enrichment|strale,,eip155:8453|eip155:143,,False,https://api.strale.io/x402/v2/bank-bic-lookup,https://api.monid.ai/public/v1/providers/api.strale.io/endpoints/x402/v2/bank-bic-lookup
api.strale.io,/x402/v2/barcode-lookup,Barcode Lookup,GET,"{""type"":""PER_CALL"",""amount"":{""value"":0.0594,""currency"":""USD""}}",,company-enrichment|strale,,eip155:8453|eip155:143,,False,https://api.strale.io/x402/v2/barcode-lookup,https://api.monid.ai/public/v1/providers/api.strale.io/endpoints/x402/v2/barcode-lookup
api.strale.io,/x402/v2/base64-encode-url,Base64 Encode Url,GET,"{""type"":""PER_CALL"",""amount"":{""value"":0.02376,""currency"":""USD""}}",,company-enrichment|strale,,eip155:8453|eip155:143,,False,https://api.strale.io/x402/v2/base64-encode-url,https://api.monid.ai/public/v1/providers/api.strale.io/endpoints/x402/v2/base64-encode-url
api.strale.io,/x402/v2/belgian-company-data,Belgian Company Data,GET,"{""type"":""PER_CALL"",""amount"":{""value"":0.0594,""currency"":""USD""}}",,company-enrichment|strale,,eip155:8453|eip155:143,,False,https://api.strale.io/x402/v2/belgian-company-data,https://api.monid.ai/public/v1/providers/api.strale.io/endpoints/x402/v2/belgian-company-data
api.strale.io,/x402/v2/beneficial-ownership-lookup,Beneficial Ownership Lookup,POST,"{""type"":""PER_CALL"",""amount"":{""value"":0.297,""currency"":""USD""}}",,company-enrichment|strale,,eip155:8453|eip155:143,,False,https://api.strale.io/x402/v2/beneficial-ownership-lookup,https://api.monid.ai/public/v1/providers/api.strale.io/endpoints/x402/v2/beneficial-ownership-lookup
api.strale.io,/x402/v2/blog-post-outline,Blog Post Outline,GET,"{""type"":""PER_CALL"",""amount"":{""value"":0.2376,""currency"":""USD""}}",,company-enrichment|strale,,eip155:8453|eip155:143,,False,https://api.strale.io/x402/v2/blog-post-outline,https://api.monid.ai/public/v1/providers/api.strale.io/endpoints/x402/v2/blog-post-outline
api.strale.io,/x402/v2/brand-mention-search,Brand Mention Search,GET,"{""type"":""PER_CALL"",""amount"":{""value"":0.3564,""currency"":""USD""}}",,company-enrichment|strale,,eip155:8453|eip155:143,,False,https://api.strale.io/x402/v2/brand-mention-search,https://api.monid.ai/public/v1/providers/api.strale.io/endpoints/x402/v2/brand-mention-search
api.strale.io,/x402/v2/business-day-check,Business Day Check,GET,"{""type"":""PER_CALL"",""amount"":{""value"":0.02376,""currency"":""USD""}}",,company-enrichment|strale,,eip155:8453|eip155:143,,False,https://api.strale.io/x402/v2/business-day-check,https://api.monid.ai/public/v1/providers/api.strale.io/endpoints/x402/v2/business-day-check
api.strale.io,/x402/v2/canadian-company-data,Canadian Company Data,GET,"{""type"":""PER_CALL"",""amount"":{""value"":0.9504,""currency"":""USD""}}",,company-enrichment|strale,,eip155:8453|eip155:143,,False,https://api.strale.io/x402/v2/canadian-company-data,https://api.monid.ai/public/v1/providers/api.strale.io/endpoints/x402/v2/canadian-company-data
api.strale.io,/x402/v2/changelog-generate,Changelog Generate,GET,"{""type"":""PER_CALL"",""amount"":{""value"":0.03564,""currency"":""USD""}}",,company-enrichment|strale,,eip155:8453|eip155:143,,False,https://api.strale.io/x402/v2/changelog-generate,https://api.monid.ai/public/v1/providers/api.strale.io/endpoints/x402/v2/changelog-generate
api.strale.io,/x402/v2/charity-lookup-uk,Charity Lookup Uk,GET,"{""type"":""PER_CALL"",""amount"":{""value"":0.0594,""currency"":""USD""}}",,company-enrichment|strale,,eip155:8453|eip155:143,,False,https://api.strale.io/x402/v2/charity-lookup-uk,https://api.monid.ai/public/v1/providers/api.strale.io/endpoints/x402/v2/charity-lookup-uk
api.strale.io,/x402/v2/classify-text,Classify Text,GET,"{""type"":""PER_CALL"",""amount"":{""value"":0.0594,""currency"":""USD""}}",,company-enrichment|strale,,eip155:8453|eip155:143,,False,https://api.strale.io/x402/v2/classify-text,https://api.monid.ai/public/v1/providers/api.strale.io/endpoints/x402/v2/classify-text
api.strale.io,/x402/v2/code-convert,Code Convert,POST,"{""type"":""PER_CALL"",""amount"":{""value"":0.0594,""currency"":""USD""}}",,company-enrichment|strale,,eip155:8453|eip155:143,,False,https://api.strale.io/x402/v2/code-convert,https://api.monid.ai/public/v1/providers/api.strale.io/endpoints/x402/v2/code-convert
api.strale.io,/x402/v2/code-review,Code Review,POST,"{""type"":""PER_CALL"",""amount"":{""value"":0.2376,""currency"":""USD""}}",,company-enrichment|strale,,eip155:8453|eip155:143,,False,https://api.strale.io/x402/v2/code-review,https://api.monid.ai/public/v1/providers/api.strale.io/endpoints/x402/v2/code-review
api.strale.io,/x402/v2/commit-message-generate,Commit Message Generate,GET,"{""type"":""PER_CALL"",""amount"":{""value"":0.0594,""currency"":""USD""}}",,company-enrichment|strale,,eip155:8453|eip155:143,,False,https://api.strale.io/x402/v2/commit-message-generate,https://api.monid.ai/public/v1/providers/api.strale.io/endpoints/x402/v2/commit-message-generate
api.strale.io,/x402/v2/company-id-detect,Company Id Detect,GET,"{""type"":""PER_CALL"",""amount"":{""value"":0.0594,""currency"":""USD""}}",,company-enrichment|strale,,eip155:8453|eip155:143,,False,https://api.strale.io/x402/v2/company-id-detect,https://api.monid.ai/public/v1/providers/api.strale.io/endpoints/x402/v2/company-id-detect
api.strale.io,/x402/v2/company-industry-classify,Company Industry Classify,GET,"{""type"":""PER_CALL"",""amount"":{""value"":0.0594,""currency"":""USD""}}",,company-enrichment|strale,,eip155:8453|eip155:143,,False,https://api.strale.io/x402/v2/company-industry-classify,https://api.monid.ai/public/v1/providers/api.strale.io/endpoints/x402/v2/company-industry-classify
api.strale.io,/x402/v2/company-name-match,Company Name Match,GET,"{""type"":""PER_CALL"",""amount"":{""value"":0.02376,""currency"":""USD""}}",,company-enrichment|strale,,eip155:8453|eip155:143,,False,https://api.strale.io/x402/v2/company-name-match,https://api.monid.ai/public/v1/providers/api.strale.io/endpoints/x402/v2/company-name-match
api.strale.io,/x402/v2/company-tech-stack,Company Tech Stack,GET,"{""type"":""PER_CALL"",""amount"":{""value"":0.3564,""currency"":""USD""}}",,company-enrichment|strale,,eip155:8453|eip155:143,,False,https://api.strale.io/x402/v2/company-tech-stack,https://api.monid.ai/public/v1/providers/api.strale.io/endpoints/x402/v2/company-tech-stack
api.strale.io,/x402/v2/container-track,Container Track,GET,"{""type"":""PER_CALL"",""amount"":{""value"":0.0594,""currency"":""USD""}}",,company-enrichment|strale,,eip155:8453|eip155:143,,False,https://api.strale.io/x402/v2/container-track,https://api.monid.ai/public/v1/providers/api.strale.io/endpoints/x402/v2/container-track
api.strale.io,/x402/v2/context-window-optimize,Context Window Optimize,GET,"{""type"":""PER_CALL"",""amount"":{""value"":0.03564,""currency"":""USD""}}",,company-enrichment|strale,,eip155:8453|eip155:143,,False,https://api.strale.io/x402/v2/context-window-optimize,https://api.monid.ai/public/v1/providers/api.strale.io/endpoints/x402/v2/context-window-optimize
api.strale.io,/x402/v2/contract-extract,Contract Extract,POST,"{""type"":""PER_CALL"",""amount"":{""value"":0.594,""currency"":""USD""}}",,company-enrichment|strale,,eip155:8453|eip155:143,,False,https://api.strale.io/x402/v2/contract-extract,https://api.monid.ai/public/v1/providers/api.strale.io/endpoints/x402/v2/contract-extract
api.strale.io,/x402/v2/contract-verify-check,Contract Verify Check,GET,"{""type"":""PER_CALL"",""amount"":{""value"":0.02376,""currency"":""USD""}}",,company-enrichment|strale,,eip155:8453|eip155:143,,False,https://api.strale.io/x402/v2/contract-verify-check,https://api.monid.ai/public/v1/providers/api.strale.io/endpoints/x402/v2/contract-verify-check
api.strale.io,/x402/v2/cookie-scan,Cookie Scan,GET,"{""type"":""PER_CALL"",""amount"":{""value"":0.1782,""currency"":""USD""}}",,company-enrichment|strale,,eip155:8453|eip155:143,,False,https://api.strale.io/x402/v2/cookie-scan,https://api.monid.ai/public/v1/providers/api.strale.io/endpoints/x402/v2/cookie-scan
api.strale.io,/x402/v2/country-tax-rates,Country Tax Rates,GET,"{""type"":""PER_CALL"",""amount"":{""value"":0.02376,""currency"":""USD""}}",,company-enrichment|strale,,eip155:8453|eip155:143,,False,https://api.strale.io/x402/v2/country-tax-rates,https://api.monid.ai/public/v1/providers/api.strale.io/endpoints/x402/v2/country-tax-rates
api.strale.io,/x402/v2/country-trade-data,Country Trade Data,GET,"{""type"":""PER_CALL"",""amount"":{""value"":0.2376,""currency"":""USD""}}",,company-enrichment|strale,,eip155:8453|eip155:143,,False,https://api.strale.io/x402/v2/country-trade-data,https://api.monid.ai/public/v1/providers/api.strale.io/endpoints/x402/v2/country-trade-data
api.strale.io,/x402/v2/credit-score-band,Credit Score Band,GET,"{""type"":""PER_CALL"",""amount"":{""value"":0.02376,""currency"":""USD""}}",,company-enrichment|strale,,eip155:8453|eip155:143,,False,https://api.strale.io/x402/v2/credit-score-band,https://api.monid.ai/public/v1/providers/api.strale.io/endpoints/x402/v2/credit-score-band
api.strale.io,/x402/v2/croatian-company-data,Croatian Company Data,POST,"{""type"":""PER_CALL"",""amount"":{""value"":0.0594,""currency"":""USD""}}",,company-enrichment|strale,,eip155:8453|eip155:143,,False,https://api.strale.io/x402/v2/croatian-company-data,https://api.monid.ai/public/v1/providers/api.strale.io/endpoints/x402/v2/croatian-company-data
api.strale.io,/x402/v2/cron-explain,Cron Explain,GET,"{""type"":""PER_CALL"",""amount"":{""value"":0.02376,""currency"":""USD""}}",,company-enrichment|strale,,eip155:8453|eip155:143,,False,https://api.strale.io/x402/v2/cron-explain,https://api.monid.ai/public/v1/providers/api.strale.io/endpoints/x402/v2/cron-explain
api.strale.io,/x402/v2/crontab-generate,Crontab Generate,GET,"{""type"":""PER_CALL"",""amount"":{""value"":0.0594,""currency"":""USD""}}",,company-enrichment|strale,,eip155:8453|eip155:143,,False,https://api.strale.io/x402/v2/crontab-generate,https://api.monid.ai/public/v1/providers/api.strale.io/endpoints/x402/v2/crontab-generate
api.strale.io,/x402/v2/crypto-price,Crypto Price,GET,"{""type"":""PER_CALL"",""amount"":{""value"":0.0594,""currency"":""USD""}}",,company-enrichment|strale,,eip155:8453|eip155:143,,False,https://api.strale.io/x402/v2/crypto-price,https://api.monid.ai/public/v1/providers/api.strale.io/endpoints/x402/v2/crypto-price
api.strale.io,/x402/v2/csv-clean,Csv Clean,GET,"{""type"":""PER_CALL"",""amount"":{""value"":0.02376,""currency"":""USD""}}",,company-enrichment|strale,,eip155:8453|eip155:143,,False,https://api.strale.io/x402/v2/csv-clean,https://api.monid.ai/public/v1/providers/api.strale.io/endpoints/x402/v2/csv-clean
api.strale.io,/x402/v2/csv-to-json,Csv To Json,GET,"{""type"":""PER_CALL"",""amount"":{""value"":0.02376,""currency"":""USD""}}",,company-enrichment|strale,,eip155:8453|eip155:143,,False,https://api.strale.io/x402/v2/csv-to-json,https://api.monid.ai/public/v1/providers/api.strale.io/endpoints/x402/v2/csv-to-json
api.strale.io,/x402/v2/curl-to-code,Curl To Code,GET,"{""type"":""PER_CALL"",""amount"":{""value"":0.0594,""currency"":""USD""}}",,company-enrichment|strale,,eip155:8453|eip155:143,,False,https://api.strale.io/x402/v2/curl-to-code,https://api.monid.ai/public/v1/providers/api.strale.io/endpoints/x402/v2/curl-to-code
api.strale.io,/x402/v2/currency-convert,Currency Convert,GET,"{""type"":""PER_CALL"",""amount"":{""value"":0.02376,""currency"":""USD""}}",,company-enrichment|strale,,eip155:8453|eip155:143,,False,https://api.strale.io/x402/v2/currency-convert,https://api.monid.ai/public/v1/providers/api.strale.io/endpoints/x402/v2/currency-convert
api.strale.io,/x402/v2/customs-duty-lookup,Customs Duty Lookup,GET,"{""type"":""PER_CALL"",""amount"":{""value"":0.2376,""currency"":""USD""}}",,company-enrichment|strale,,eip155:8453|eip155:143,,False,https://api.strale.io/x402/v2/customs-duty-lookup,https://api.monid.ai/public/v1/providers/api.strale.io/endpoints/x402/v2/customs-duty-lookup
api.strale.io,/x402/v2/cve-lookup,Cve Lookup,GET,"{""type"":""PER_CALL"",""amount"":{""value"":0.0594,""currency"":""USD""}}",,company-enrichment|strale,,eip155:8453|eip155:143,,False,https://api.strale.io/x402/v2/cve-lookup,https://api.monid.ai/public/v1/providers/api.strale.io/endpoints/x402/v2/cve-lookup
api.strale.io,/x402/v2/dangerous-goods-classify,Dangerous Goods Classify,GET,"{""type"":""PER_CALL"",""amount"":{""value"":0.02376,""currency"":""USD""}}",,company-enrichment|strale,,eip155:8453|eip155:143,,False,https://api.strale.io/x402/v2/dangerous-goods-classify,https://api.monid.ai/public/v1/providers/api.strale.io/endpoints/x402/v2/dangerous-goods-classify
api.strale.io,/x402/v2/data-protection-authority-lookup,Data Protection Authority Lookup,GET,"{""type"":""PER_CALL"",""amount"":{""value"":0.0594,""currency"":""USD""}}",,company-enrichment|strale,,eip155:8453|eip155:143,,False,https://api.strale.io/x402/v2/data-protection-authority-lookup,https://api.monid.ai/public/v1/providers/api.strale.io/endpoints/x402/v2/data-protection-authority-lookup
api.strale.io,/x402/v2/data-quality-check,Data Quality Check,GET,"{""type"":""PER_CALL"",""amount"":{""value"":0.02376,""currency"":""USD""}}",,company-enrichment|strale,,eip155:8453|eip155:143,,False,https://api.strale.io/x402/v2/data-quality-check,https://api.monid.ai/public/v1/providers/api.strale.io/endpoints/x402/v2/data-quality-check
api.strale.io,/x402/v2/date-parse,Date Parse,GET,"{""type"":""PER_CALL"",""amount"":{""value"":0.03564,""currency"":""USD""}}",,company-enrichment|strale,,eip155:8453|eip155:143,,False,https://api.strale.io/x402/v2/date-parse,https://api.monid.ai/public/v1/providers/api.strale.io/endpoints/x402/v2/date-parse
api.strale.io,/x402/v2/deduplicate,Deduplicate,GET,"{""type"":""PER_CALL"",""amount"":{""value"":0.02376,""currency"":""USD""}}",,company-enrichment|strale,,eip155:8453|eip155:143,,False,https://api.strale.io/x402/v2/deduplicate,https://api.monid.ai/public/v1/providers/api.strale.io/endpoints/x402/v2/deduplicate
api.strale.io,/x402/v2/dependency-audit,Dependency Audit,GET,"{""type"":""PER_CALL"",""amount"":{""value"":0.0594,""currency"":""USD""}}",,company-enrichment|strale,,eip155:8453|eip155:143,,False,https://api.strale.io/x402/v2/dependency-audit,https://api.monid.ai/public/v1/providers/api.strale.io/endpoints/x402/v2/dependency-audit
api.strale.io,/x402/v2/diff-json,Diff Json,GET,"{""type"":""PER_CALL"",""amount"":{""value"":0.03564,""currency"":""USD""}}",,company-enrichment|strale,,eip155:8453|eip155:143,,False,https://api.strale.io/x402/v2/diff-json,https://api.monid.ai/public/v1/providers/api.strale.io/endpoints/x402/v2/diff-json
api.strale.io,/x402/v2/dns-lookup,Dns Lookup,GET,"{""type"":""PER_CALL"",""amount"":{""value"":0.03564,""currency"":""USD""}}",,company-enrichment|strale,,eip155:8453|eip155:143,,False,https://api.strale.io/x402/v2/dns-lookup,https://api.monid.ai/public/v1/providers/api.strale.io/endpoints/x402/v2/dns-lookup
api.strale.io,/x402/v2/docker-hub-info,Docker Hub Info,GET,"{""type"":""PER_CALL"",""amount"":{""value"":0.0594,""currency"":""USD""}}",,company-enrichment|strale,,eip155:8453|eip155:143,,False,https://api.strale.io/x402/v2/docker-hub-info,https://api.monid.ai/public/v1/providers/api.strale.io/endpoints/x402/v2/docker-hub-info
api.strale.io,/x402/v2/dockerfile-generate,Dockerfile Generate,GET,"{""type"":""PER_CALL"",""amount"":{""value"":0.0594,""currency"":""USD""}}",,company-enrichment|strale,,eip155:8453|eip155:143,,False,https://api.strale.io/x402/v2/dockerfile-generate,https://api.monid.ai/public/v1/providers/api.strale.io/endpoints/x402/v2/dockerfile-generate
api.strale.io,/x402/v2/docstring-generate,Docstring Generate,GET,"{""type"":""PER_CALL"",""amount"":{""value"":0.0594,""currency"":""USD""}}",,company-enrichment|strale,,eip155:8453|eip155:143,,False,https://api.strale.io/x402/v2/docstring-generate,https://api.monid.ai/public/v1/providers/api.strale.io/endpoints/x402/v2/docstring-generate
api.strale.io,/x402/v2/email-validate,Email Validate,GET,"{""type"":""PER_CALL"",""amount"":{""value"":0.03564,""currency"":""USD""}}",,company-enrichment|strale,,eip155:8453|eip155:143,,False,https://api.strale.io/x402/v2/email-validate,https://api.monid.ai/public/v1/providers/api.strale.io/endpoints/x402/v2/email-validate
api.strale.io,/x402/v2/ens-resolve,Ens Resolve,GET,"{""type"":""PER_CALL"",""amount"":{""value"":0.02376,""currency"":""USD""}}",,company-enrichment|strale,,eip155:8453|eip155:143,,False,https://api.strale.io/x402/v2/ens-resolve,https://api.monid.ai/public/v1/providers/api.strale.io/endpoints/x402/v2/ens-resolve
api.strale.io,/x402/v2/env-template-generate,Env Template Generate,GET,"{""type"":""PER_CALL"",""amount"":{""value"":0.0594,""currency"":""USD""}}",,company-enrichment|strale,,eip155:8453|eip155:143,,False,https://api.strale.io/x402/v2/env-template-generate,https://api.monid.ai/public/v1/providers/api.strale.io/endpoints/x402/v2/env-template-generate
api.strale.io,/x402/v2/error-explain,Error Explain,GET,"{""type"":""PER_CALL"",""amount"":{""value"":0.0594,""currency"":""USD""}}",,company-enrichment|strale,,eip155:8453|eip155:143,,False,https://api.strale.io/x402/v2/error-explain,https://api.monid.ai/public/v1/providers/api.strale.io/endpoints/x402/v2/error-explain
api.strale.io,/x402/v2/fake-data-generate,Fake Data Generate,GET,"{""type"":""PER_CALL"",""amount"":{""value"":0.0594,""currency"":""USD""}}",,company-enrichment|strale,,eip155:8453|eip155:143,,False,https://api.strale.io/x402/v2/fake-data-generate,https://api.monid.ai/public/v1/providers/api.strale.io/endpoints/x402/v2/fake-data-generate
api.strale.io,/x402/v2/google-search,Google Search,GET,"{""type"":""PER_CALL"",""amount"":{""value"":0.1188,""currency"":""USD""}}",,company-enrichment|strale,,eip155:8453|eip155:143,,False,https://api.strale.io/x402/v2/google-search,https://api.monid.ai/public/v1/providers/api.strale.io/endpoints/x402/v2/google-search
api.strale.io,/x402/v2/iban-to-bank,Iban To Bank,GET,"{""type"":""PER_CALL"",""amount"":{""value"":0.02376,""currency"":""USD""}}",,company-enrichment|strale,,eip155:8453|eip155:143,,False,https://api.strale.io/x402/v2/iban-to-bank,https://api.monid.ai/public/v1/providers/api.strale.io/endpoints/x402/v2/iban-to-bank
api.strale.io,/x402/v2/iban-validate,Iban Validate,GET,"{""type"":""PER_CALL"",""amount"":{""value"":0.0594,""currency"":""USD""}}",,company-enrichment|strale,,eip155:8453|eip155:143,,False,https://api.strale.io/x402/v2/iban-validate,https://api.monid.ai/public/v1/providers/api.strale.io/endpoints/x402/v2/iban-validate
api.strale.io,/x402/v2/name-parse,Name Parse,GET,"{""type"":""PER_CALL"",""amount"":{""value"":0.03564,""currency"":""USD""}}",,company-enrichment|strale,,eip155:8453|eip155:143,,False,https://api.strale.io/x402/v2/name-parse,https://api.monid.ai/public/v1/providers/api.strale.io/endpoints/x402/v2/name-parse
api.strale.io,/x402/v2/nginx-config-generate,Nginx Config Generate,GET,"{""type"":""PER_CALL"",""amount"":{""value"":0.0594,""currency"":""USD""}}",,company-enrichment|strale,,eip155:8453|eip155:143,,False,https://api.strale.io/x402/v2/nginx-config-generate,https://api.monid.ai/public/v1/providers/api.strale.io/endpoints/x402/v2/nginx-config-generate
api.strale.io,/x402/v2/pricing-page-extract,Pricing Page Extract,GET,"{""type"":""PER_CALL"",""amount"":{""value"":0.3564,""currency"":""USD""}}",,company-enrichment|strale,,eip155:8453|eip155:143,,False,https://api.strale.io/x402/v2/pricing-page-extract,https://api.monid.ai/public/v1/providers/api.strale.io/endpoints/x402/v2/pricing-page-extract
api.strale.io,/x402/v2/product-reviews-extract,Product Reviews Extract,GET,"{""type"":""PER_CALL"",""amount"":{""value"":0.297,""currency"":""USD""}}",,company-enrichment|strale,,eip155:8453|eip155:143,,False,https://api.strale.io/x402/v2/product-reviews-extract,https://api.monid.ai/public/v1/providers/api.strale.io/endpoints/x402/v2/product-reviews-extract
api.strale.io,/x402/v2/prompt-compress,Prompt Compress,GET,"{""type"":""PER_CALL"",""amount"":{""value"":0.03564,""currency"":""USD""}}",,company-enrichment|strale,,eip155:8453|eip155:143,,False,https://api.strale.io/x402/v2/prompt-compress,https://api.monid.ai/public/v1/providers/api.strale.io/endpoints/x402/v2/prompt-compress
api.strale.io,/x402/v2/release-notes-generate,Release Notes Generate,GET,"{""type"":""PER_CALL"",""amount"":{""value"":0.03564,""currency"":""USD""}}",,company-enrichment|strale,,eip155:8453|eip155:143,,False,https://api.strale.io/x402/v2/release-notes-generate,https://api.monid.ai/public/v1/providers/api.strale.io/endpoints/x402/v2/release-notes-generate
api.strale.io,/x402/v2/secret-scan,Secret Scan,GET,"{""type"":""PER_CALL"",""amount"":{""value"":0.02376,""currency"":""USD""}}",,company-enrichment|strale,,eip155:8453|eip155:143,,False,https://api.strale.io/x402/v2/secret-scan,https://api.monid.ai/public/v1/providers/api.strale.io/endpoints/x402/v2/secret-scan
api.strale.io,/x402/v2/serp-analyze,Serp Analyze,GET,"{""type"":""PER_CALL"",""amount"":{""value"":0.1782,""currency"":""USD""}}",,company-enrichment|strale,,eip155:8453|eip155:143,,False,https://api.strale.io/x402/v2/serp-analyze,https://api.monid.ai/public/v1/providers/api.strale.io/endpoints/x402/v2/serp-analyze
api.strale.io,/x402/v2/shipping-track,Shipping Track,GET,"{""type"":""PER_CALL"",""amount"":{""value"":0.02376,""currency"":""USD""}}",,company-enrichment|strale,,eip155:8453|eip155:143,,False,https://api.strale.io/x402/v2/shipping-track,https://api.monid.ai/public/v1/providers/api.strale.io/endpoints/x402/v2/shipping-track
api.strale.io,/x402/v2/us-company-data,Us Company Data,GET,"{""type"":""PER_CALL"",""amount"":{""value"":0.0594,""currency"":""USD""}}",,company-enrichment|strale,,eip155:8453|eip155:143,,False,https://api.strale.io/x402/v2/us-company-data,https://api.monid.ai/public/v1/providers/api.strale.io/endpoints/x402/v2/us-company-data
api.strale.io,/x402/v2/vasp-verify,Vasp Verify,GET,"{""type"":""PER_CALL"",""amount"":{""value"":0.02376,""currency"":""USD""}}",,company-enrichment|strale,,eip155:8453|eip155:143,,False,https://api.strale.io/x402/v2/vasp-verify,https://api.monid.ai/public/v1/providers/api.strale.io/endpoints/x402/v2/vasp-verify
api.strale.io,/x402/v2/vat-rate-lookup,Vat Rate Lookup,GET,"{""type"":""PER_CALL"",""amount"":{""value"":0.03564,""currency"":""USD""}}",,company-enrichment|strale,,eip155:8453|eip155:143,,False,https://api.strale.io/x402/v2/vat-rate-lookup,https://api.monid.ai/public/v1/providers/api.strale.io/endpoints/x402/v2/vat-rate-lookup
api.strale.io,/x402/v2/vat-validate,Vat Validate,GET,"{""type"":""PER_CALL"",""amount"":{""value"":0.02376,""currency"":""USD""}}",,company-enrichment|strale,,eip155:8453|eip155:143,,False,https://api.strale.io/x402/v2/vat-validate,https://api.monid.ai/public/v1/providers/api.strale.io/endpoints/x402/v2/vat-validate
api.strale.io,/x402/v2/wallet-age-check,Wallet Age Check,GET,"{""type"":""PER_CALL"",""amount"":{""value"":0.02376,""currency"":""USD""}}",,company-enrichment|strale,,eip155:8453|eip155:143,,False,https://api.strale.io/x402/v2/wallet-age-check,https://api.monid.ai/public/v1/providers/api.strale.io/endpoints/x402/v2/wallet-age-check
api.strale.io,/x402/v2/weather-lookup,Weather Lookup,GET,"{""type"":""PER_CALL"",""amount"":{""value"":0.0594,""currency"":""USD""}}",,company-enrichment|strale,,eip155:8453|eip155:143,,False,https://api.strale.io/x402/v2/weather-lookup,https://api.monid.ai/public/v1/providers/api.strale.io/endpoints/x402/v2/weather-lookup
api.strale.io,/x402/v2/whois-lookup,Whois Lookup,GET,"{""type"":""PER_CALL"",""amount"":{""value"":0.0594,""currency"":""USD""}}",,company-enrichment|strale,,eip155:8453|eip155:143,,False,https://api.strale.io/x402/v2/whois-lookup,https://api.monid.ai/public/v1/providers/api.strale.io/endpoints/x402/v2/whois-lookup
api.strale.io,/x402/v2/work-permit-requirements,Work Permit Requirements,GET,"{""type"":""PER_CALL"",""amount"":{""value"":0.02376,""currency"":""USD""}}",,company-enrichment|strale,,eip155:8453|eip155:143,,False,https://api.strale.io/x402/v2/work-permit-requirements,https://api.monid.ai/public/v1/providers/api.strale.io/endpoints/x402/v2/work-permit-requirements
api.strale.io,/x402/vat-validate,Vat Validate,GET,"{""type"":""PER_CALL"",""amount"":{""value"":0.02376,""currency"":""USD""}}",,company-enrichment|strale,,eip155:8453|eip155:143,,False,https://api.strale.io/x402/vat-validate,https://api.monid.ai/public/v1/providers/api.strale.io/endpoints/x402/vat-validate
api.strale.io,/x402/wallet-age-check,Wallet Age Check,GET,"{""type"":""PER_CALL"",""amount"":{""value"":0.02376,""currency"":""USD""}}",,company-enrichment|strale,,eip155:8453|eip155:143,,False,https://api.strale.io/x402/wallet-age-check,https://api.monid.ai/public/v1/providers/api.strale.io/endpoints/x402/wallet-age-check
api.strale.io,/x402/wallet-balance-lookup,Wallet Balance Lookup,GET,"{""type"":""PER_CALL"",""amount"":{""value"":0.02376,""currency"":""USD""}}",,company-enrichment|strale,,eip155:8453|eip155:143,,False,https://api.strale.io/x402/wallet-balance-lookup,https://api.monid.ai/public/v1/providers/api.strale.io/endpoints/x402/wallet-balance-lookup
api.strale.io,/x402/wallet-transactions-lookup,Wallet Transactions Lookup,GET,"{""type"":""PER_CALL"",""amount"":{""value"":0.02376,""currency"":""USD""}}",,company-enrichment|strale,,eip155:8453|eip155:143,,False,https://api.strale.io/x402/wallet-transactions-lookup,https://api.monid.ai/public/v1/providers/api.strale.io/endpoints/x402/wallet-transactions-lookup
api.strale.io,/x402/weather-lookup,Weather Lookup,GET,"{""type"":""PER_CALL"",""amount"":{""value"":0.0594,""currency"":""USD""}}",,company-enrichment|strale,,eip155:8453|eip155:143,,False,https://api.strale.io/x402/weather-lookup,https://api.monid.ai/public/v1/providers/api.strale.io/endpoints/x402/weather-lookup
api.strale.io,/x402/web-extract,Web Extract,POST,"{""type"":""PER_CALL"",""amount"":{""value"":0.1782,""currency"":""USD""}}",,company-enrichment|strale,,eip155:8453|eip155:143,,False,https://api.strale.io/x402/web-extract,https://api.monid.ai/public/v1/providers/api.strale.io/endpoints/x402/web-extract
api.strale.io,/x402/whois-lookup,Whois Lookup,GET,"{""type"":""PER_CALL"",""amount"":{""value"":0.0594,""currency"":""USD""}}",,company-enrichment|strale,,eip155:8453|eip155:143,,False,https://api.strale.io/x402/whois-lookup,https://api.monid.ai/public/v1/providers/api.strale.io/endpoints/x402/whois-lookup
apify,/apidojo/tiktok-profile-scraper,Get TikTok Profile,POST,"{""type"":""PER_RESULT"",""amount"":{""value"":0.0003,""currency"":""USD""}}",verified,apify|tiktok,,eip155:8453|eip155:143,,False,https://apify.com/apidojo/tiktok-profile-scraper,https://api.monid.ai/public/v1/providers/apify/endpoints/apidojo/tiktok-profile-scraper
apify,/apidojo/tiktok-scraper,Pull TikTok Posts,POST,"{""type"":""PER_RESULT"",""amount"":{""value"":0.0003,""currency"":""USD""}}",verified,apify|tiktok,,eip155:8453|eip155:143,,False,https://apify.com/apidojo/tiktok-scraper,https://api.monid.ai/public/v1/providers/apify/endpoints/apidojo/tiktok-scraper
apify,/apify/facebook-comments-scraper,List Facebook Comments,POST,"{""type"":""PER_RESULT"",""amount"":{""value"":0.0014,""currency"":""USD""},""flatFee"":{""value"":0.001,""currency"":""USD""}}",verified,apify|facebook,,eip155:8453|eip155:143,,False,https://apify.com/apify/facebook-comments-scraper,https://api.monid.ai/public/v1/providers/apify/endpoints/apify/facebook-comments-scraper
apify,/apify/facebook-events-scraper,Search Facebook Events,POST,"{""type"":""PER_RESULT"",""amount"":{""value"":0.007,""currency"":""USD""},""flatFee"":{""value"":0.001,""currency"":""USD""}}",verified,apify|facebook,,eip155:8453|eip155:143,,False,https://apify.com/apify/facebook-events-scraper,https://api.monid.ai/public/v1/providers/apify/endpoints/apify/facebook-events-scraper
apify,/apify/facebook-groups-scraper,Pull Facebook Group Posts,POST,"{""type"":""PER_RESULT"",""amount"":{""value"":0.0026,""currency"":""USD""},""flatFee"":{""value"":0.001,""currency"":""USD""}}",verified,apify|facebook,,eip155:8453|eip155:143,,False,https://apify.com/apify/facebook-groups-scraper,https://api.monid.ai/public/v1/providers/apify/endpoints/apify/facebook-groups-scraper
apify,/apify/facebook-pages-scraper,Get Facebook Page,POST,"{""type"":""PER_RESULT"",""amount"":{""value"":0.0054,""currency"":""USD""}}",verified,apify|facebook,,eip155:8453|eip155:143,,False,https://apify.com/apify/facebook-pages-scraper,https://api.monid.ai/public/v1/providers/apify/endpoints/apify/facebook-pages-scraper
apify,/apify/facebook-reviews-scraper,List Facebook Reviews,POST,"{""type"":""PER_RESULT"",""amount"":{""value"":0.0014,""currency"":""USD""},""flatFee"":{""value"":0.001,""currency"":""USD""}}",verified,apify|company-reviews|facebook,,eip155:8453|eip155:143,,False,https://apify.com/apify/facebook-reviews-scraper,https://api.monid.ai/public/v1/providers/apify/endpoints/apify/facebook-reviews-scraper
apify,/apify/instagram-api-scraper,Instagram API,POST,"{""type"":""PER_RESULT"",""amount"":{""value"":0.0014,""currency"":""USD""},""flatFee"":{""value"":0.001,""currency"":""USD""}}",verified,apify|instagram,,eip155:8453|eip155:143,,False,https://apify.com/apify/instagram-api-scraper,https://api.monid.ai/public/v1/providers/apify/endpoints/apify/instagram-api-scraper
apify,/apify/instagram-hashtag-scraper,Track Instagram Hashtag,POST,"{""type"":""PER_CALL"",""amount"":{""value"":0.0019,""currency"":""USD""}}",verified,apify|instagram,,eip155:8453|eip155:143,,False,https://apify.com/apify/instagram-hashtag-scraper,https://api.monid.ai/public/v1/providers/apify/endpoints/apify/instagram-hashtag-scraper
apify,/apify/instagram-post-scraper,Get Instagram Post,POST,"{""type"":""PER_CALL"",""amount"":{""value"":0.001,""currency"":""USD""}}",verified,apify|instagram,,eip155:8453|eip155:143,,False,https://apify.com/apify/instagram-post-scraper,https://api.monid.ai/public/v1/providers/apify/endpoints/apify/instagram-post-scraper
apify,/apify/instagram-profile-scraper,Get Instagram Profile,POST,"{""type"":""PER_RESULT"",""amount"":{""value"":0.0016,""currency"":""USD""}}",verified,apify|instagram,,eip155:8453|eip155:143,,False,https://apify.com/apify/instagram-profile-scraper,https://api.monid.ai/public/v1/providers/apify/endpoints/apify/instagram-profile-scraper
apify,/apify/instagram-search-scraper,Search Instagram,POST,"{""type"":""PER_RESULT"",""amount"":{""value"":0.0015,""currency"":""USD""}}",verified,apify|instagram,,eip155:8453|eip155:143,,False,https://apify.com/apify/instagram-search-scraper,https://api.monid.ai/public/v1/providers/apify/endpoints/apify/instagram-search-scraper
apify,/automation-lab/snapchat-scraper,Get Snapchat Profile,POST,"{""type"":""PER_RESULT"",""amount"":{""value"":0.0013,""currency"":""USD""}}",verified,apify|snapchat,,eip155:8453|eip155:143,,False,https://apify.com/automation-lab/snapchat-scraper,https://api.monid.ai/public/v1/providers/apify/endpoints/automation-lab/snapchat-scraper
apify,/axesso_data/amazon-reviews-scraper,List Amazon Reviews,POST,"{""type"":""PER_RESULT"",""amount"":{""value"":0.0009,""currency"":""USD""}}",verified,amazon|apify,,eip155:8453|eip155:143,,False,https://apify.com/axesso_data/amazon-reviews-scraper,https://api.monid.ai/public/v1/providers/apify/endpoints/axesso_data/amazon-reviews-scraper
apify,/axesso_data/amazon-search-scraper,Search Amazon,POST,"{""type"":""PER_RESULT"",""amount"":{""value"":0.0001,""currency"":""USD""}}",verified,amazon|apify,,eip155:8453|eip155:143,,False,https://apify.com/axesso_data/amazon-search-scraper,https://api.monid.ai/public/v1/providers/apify/endpoints/axesso_data/amazon-search-scraper
apify,/burbn/google-shopping-scraper,Search Google Shopping,POST,"{""type"":""PER_RESULT"",""amount"":{""value"":0.005,""currency"":""USD""},""flatFee"":{""value"":0.008,""currency"":""USD""}}",verified,apify|google-shopping,,eip155:8453|eip155:143,,False,https://apify.com/burbn/google-shopping-scraper,https://api.monid.ai/public/v1/providers/apify/endpoints/burbn/google-shopping-scraper
apify,/cleansyntax/facebook-profile-posts-scraper,Pull Facebook Profile Posts,POST,"{""type"":""PER_RESULT"",""amount"":{""value"":0.006,""currency"":""USD""}}",verified,apify,,eip155:8453|eip155:143,,False,https://apify.com/cleansyntax/facebook-profile-posts-scraper,https://api.monid.ai/public/v1/providers/apify/endpoints/cleansyntax/facebook-profile-posts-scraper
apify,/clockworks/tiktok-video-scraper,Get TikTok Video,POST,"{""type"":""PER_RESULT"",""amount"":{""value"":0.001,""currency"":""USD""}}",verified,apify|tiktok,,eip155:8453|eip155:143,,False,https://apify.com/clockworks/tiktok-video-scraper,https://api.monid.ai/public/v1/providers/apify/endpoints/clockworks/tiktok-video-scraper
apify,/compass/google-maps-reviews-scraper,List Google Maps Reviews,POST,"{""type"":""PER_RESULT"",""amount"":{""value"":0.0003,""currency"":""USD""},""flatFee"":{""value"":5e-05,""currency"":""USD""}}",verified,apify|company-reviews|maps,,eip155:8453|eip155:143,,False,https://apify.com/compass/google-maps-reviews-scraper,https://api.monid.ai/public/v1/providers/apify/endpoints/compass/google-maps-reviews-scraper
apify,/crawlerbros/reddit-comment-scraper,List Reddit Comments,POST,"{""type"":""PER_RESULT"",""amount"":{""value"":0.001,""currency"":""USD""},""flatFee"":{""value"":0.05,""currency"":""USD""}}",verified,apify|reddit,,eip155:8453|eip155:143,,False,https://apify.com/crawlerbros/reddit-comment-scraper,https://api.monid.ai/public/v1/providers/apify/endpoints/crawlerbros/reddit-comment-scraper
apify,/curious_coder/facebook-ads-library-scraper,Search Facebook Ads,POST,"{""type"":""PER_RESULT"",""amount"":{""value"":0.00075,""currency"":""USD""}}",verified,apify|facebook,,eip155:8453|eip155:143,,False,https://apify.com/curious_coder/facebook-ads-library-scraper,https://api.monid.ai/public/v1/providers/apify/endpoints/curious_coder/facebook-ads-library-scraper
apify,/damilo/google-maps-scraper,Search Google Maps,POST,"{""type"":""PER_RESULT"",""amount"":{""value"":0.003,""currency"":""USD""}}",verified,apify|maps,,eip155:8453|eip155:143,,False,https://apify.com/damilo/google-maps-scraper,https://api.monid.ai/public/v1/providers/apify/endpoints/damilo/google-maps-scraper
apify,/damilo/google-shopping-apify,Search Google Shopping (Apify),POST,"{""type"":""PER_RESULT"",""amount"":{""value"":0.0035,""currency"":""USD""}}",verified,apify|google-shopping,,eip155:8453|eip155:143,,False,https://apify.com/damilo/google-shopping-apify,https://api.monid.ai/public/v1/providers/apify/endpoints/damilo/google-shopping-apify
apify,/data_xplorer/google-news-scraper-fast,Search Google News,POST,"{""type"":""PER_RESULT"",""amount"":{""value"":0.001,""currency"":""USD""}}",verified,apify|news-search,,eip155:8453|eip155:143,,False,https://apify.com/data_xplorer/google-news-scraper-fast,https://api.monid.ai/public/v1/providers/apify/endpoints/data_xplorer/google-news-scraper-fast
apify,/dataovercoffee/youtube-channel-business-email-scraper,Find YouTube Channel Emails,POST,"{""type"":""PER_UNIT_MATRIX"",""amount"":{""value"":0.12,""currency"":""USD""},""selectors"":[{""label"":""Fresh scrape"",""key"":""scrape_fresh_emails"",""in"":""body""}],""variants"":[{""when"":{""scrape_fresh_emails"":false},""price"":{""type"":""PER_RESULT"",""amount"":{""value"":0.12,""currency"":""USD""}},""label"":""Standard email lookup""},{""when"":{""scrape_fresh_emails"":true},""price"":{""type"":""PER_RESULT"",""amount"":{""value"":0.4,""currency"":""USD""}},""label"":""Forced fresh scrape""}]}",verified,apify|youtube,,eip155:8453|eip155:143,,False,https://apify.com/dataovercoffee/youtube-channel-business-email-scraper,https://api.monid.ai/public/v1/providers/apify/endpoints/dataovercoffee/youtube-channel-business-email-scraper
apify,/delicious_zebu/amazon-product-details-scraper,Get Amazon Product,POST,"{""type"":""PER_RESULT"",""amount"":{""value"":0.0015,""currency"":""USD""},""flatFee"":{""value"":5e-05,""currency"":""USD""}}",verified,amazon|apify,,eip155:8453|eip155:143,,False,https://apify.com/junglee/free-amazon-product-scraper,https://api.monid.ai/public/v1/providers/apify/endpoints/delicious_zebu/amazon-product-details-scraper
apify,/dev_fusion/linkedin-profile-scraper,Get LinkedIn Profile,POST,"{""type"":""PER_RESULT"",""amount"":{""value"":0.01,""currency"":""USD""}}",verified,apify|linkedin|people-enrichment,,eip155:8453|eip155:143,,False,https://apify.com/dev-fusion/linkedin-profile-scraper,https://api.monid.ai/public/v1/providers/apify/endpoints/dev_fusion/linkedin-profile-scraper
apify,/harvestapi/linkedin-company-employees,List LinkedIn Company Employees,POST,"{""type"":""PER_RESULT"",""amount"":{""value"":0.008,""currency"":""USD""},""flatFee"":{""value"":0.015,""currency"":""USD""}}",verified,apify|linkedin|people-enrichment,,eip155:8453|eip155:143,,False,https://apify.com/harvestapi/linkedin-company-employees,https://api.monid.ai/public/v1/providers/apify/endpoints/harvestapi/linkedin-company-employees
apify,/harvestapi/linkedin-job-search,Search LinkedIn Jobs,POST,"{""type"":""PER_RESULT"",""amount"":{""value"":0.001,""currency"":""USD""},""flatFee"":{""value"":0.001,""currency"":""USD""}}",verified,apify|jobs|linkedin,,eip155:8453|eip155:143,,False,https://apify.com/harvestapi/linkedin-job-search,https://api.monid.ai/public/v1/providers/apify/endpoints/harvestapi/linkedin-job-search
apify,/harvestapi/linkedin-post-search,Search LinkedIn Posts,POST,"{""type"":""PER_RESULT"",""amount"":{""value"":0.0092,""currency"":""USD""},""flatFee"":{""value"":5e-05,""currency"":""USD""}}",verified,apify|linkedin,,eip155:8453|eip155:143,,False,https://apify.com/harvestapi/linkedin-post-search,https://api.monid.ai/public/v1/providers/apify/endpoints/harvestapi/linkedin-post-search
apify,/harvestapi/linkedin-profile-posts,Pull LinkedIn Profile Posts,POST,"{""type"":""PER_RESULT"",""amount"":{""value"":0.0045,""currency"":""USD""},""flatFee"":{""value"":5e-05,""currency"":""USD""}}",verified,apify|linkedin,,eip155:8453|eip155:143,,False,https://apify.com/harvestapi/linkedin-profile-posts,https://api.monid.ai/public/v1/providers/apify/endpoints/harvestapi/linkedin-profile-posts
apify,/harvestapi/linkedin-profile-search,Search LinkedIn Profiles,POST,"{""type"":""TIERED"",""amount"":{""value"":0,""currency"":""USD""},""tiers"":[{""label"":""Search pages"",""when"":{},""selector"":{""label"":""Search pages"",""key"":""searchPages"",""in"":""output""},""price"":{""type"":""PER_RESULT"",""amount"":{""value"":0.05,""currency"":""USD""}}},{""label"":""Profile details (Full)"",""when"":{""profileScraperMode"":""Full""},""selector"":{""label"":""Profile details (Full)"",""key"":""profileCount"",""in"":""output""},""price"":{""type"":""PER_RESULT"",""amount"":{""value"":0.0032,""currency"":""USD""}}},{""label"":""Profile details (Full + email search)"",""when"":{""profileScraperMode"":""Full + email search""},""selector"":{""label"":""Profile details (Full + email search)"",""key"":""profileCount"",""in"":""output""},""price"":{""type"":""PER_RESULT"",""amount"":{""value"":0.008,""currency"":""USD""}}}]}",verified,apify|linkedin|people-enrichment,,eip155:8453|eip155:143,,False,https://apify.com/harvestapi/linkedin-profile-search,https://api.monid.ai/public/v1/providers/apify/endpoints/harvestapi/linkedin-profile-search
apify,/harvestapi/linkedin-profile-search-by-name,Search LinkedIn Profiles (by Name),POST,"{""type"":""PER_RESULT"",""amount"":{""value"":0.01,""currency"":""USD""}}",verified,apify|linkedin|people-enrichment,,eip155:8453|eip155:143,,False,https://apify.com/harvestapi/linkedin-profile-search-by-name,https://api.monid.ai/public/v1/providers/apify/endpoints/harvestapi/linkedin-profile-search-by-name
apify,/harvestapi/linkedin-profile-search-by-services,Search LinkedIn Profiles (by Services),POST,"{""type"":""PER_RESULT"",""amount"":{""value"":0.01,""currency"":""USD""}}",verified,apify|linkedin|people-enrichment,,eip155:8453|eip155:143,,False,https://apify.com/harvestapi/linkedin-profile-search-by-services,https://api.monid.ai/public/v1/providers/apify/endpoints/harvestapi/linkedin-profile-search-by-services
apify,/practicaltools/apify-reddit-api,Reddit API,POST,"{""type"":""PER_RESULT"",""amount"":{""value"":0.002,""currency"":""USD""}}",verified,apify|reddit,,eip155:8453|eip155:143,,False,https://apify.com/practicaltools/apify-reddit-api,https://api.monid.ai/public/v1/providers/apify/endpoints/practicaltools/apify-reddit-api
apify,/scraptik/tiktok-api,TikTok API,POST,"{""type"":""PER_CALL"",""amount"":{""value"":0.002,""currency"":""USD""}}",verified,apify|tiktok,,eip155:8453|eip155:143,,False,https://apify.com/scraptik/tiktok-api,https://api.monid.ai/public/v1/providers/apify/endpoints/scraptik/tiktok-api
apify,/scraptik/tiktok-comments-scraper-api,List TikTok Comments,POST,"{""type"":""PER_CALL"",""amount"":{""value"":0.002,""currency"":""USD""}}",verified,apify|tiktok,,eip155:8453|eip155:143,,False,https://apify.com/scraptik/tiktok-api,https://api.monid.ai/public/v1/providers/apify/endpoints/scraptik/tiktok-comments-scraper-api
apify,/starvibe/youtube-video-transcript,Get YouTube Transcript,POST,"{""type"":""PER_RESULT"",""amount"":{""value"":0.005,""currency"":""USD""}}",verified,apify|youtube,,eip155:8453|eip155:143,,False,https://apify.com/starvibe/youtube-video-transcript,https://api.monid.ai/public/v1/providers/apify/endpoints/starvibe/youtube-video-transcript
apify,/streamers/youtube-comments-scraper,List YouTube Comments,POST,"{""type"":""PER_RESULT"",""amount"":{""value"":0.0009,""currency"":""USD""}}",verified,apify|youtube,,eip155:8453|eip155:143,,False,https://apify.com/streamers/youtube-comments-scraper,https://api.monid.ai/public/v1/providers/apify/endpoints/streamers/youtube-comments-scraper
apify,/streamers/youtube-scraper,Pull YouTube Videos,POST,"{""type"":""PER_RESULT"",""amount"":{""value"":0.0024,""currency"":""USD""},""flatFee"":{""value"":0.0006,""currency"":""USD""}}",verified,apify|youtube,,eip155:8453|eip155:143,,False,https://apify.com/streamers/youtube-scraper,https://api.monid.ai/public/v1/providers/apify/endpoints/streamers/youtube-scraper
apify,/tri_angle/snapchat-spotlight-scraper,Get Snapchat Spotlight,POST,"{""type"":""PER_RESULT"",""amount"":{""value"":0.0015,""currency"":""USD""}}",verified,apify|snapchat,,eip155:8453|eip155:143,,False,https://apify.com/tri_angle/snapchat-spotlight-scraper,https://api.monid.ai/public/v1/providers/apify/endpoints/tri_angle/snapchat-spotlight-scraper
apify,/trudax/reddit-scraper-lite,Pull Reddit Posts,POST,"{""type"":""PER_RESULT"",""amount"":{""value"":0.0034,""currency"":""USD""},""flatFee"":{""value"":0.04,""currency"":""USD""}}",verified,apify|reddit,,eip155:8453|eip155:143,,False,https://apify.com/trudax/reddit-scraper-lite,https://api.monid.ai/public/v1/providers/apify/endpoints/trudax/reddit-scraper-lite
apify,/web_wanderer/amazon-reviews-extractor,List Amazon Reviews (Extractor),POST,"{""type"":""PER_RESULT"",""amount"":{""value"":0.0007,""currency"":""USD""},""flatFee"":{""value"":2e-05,""currency"":""USD""}}",verified,amazon|apify,,eip155:8453|eip155:143,,False,https://apify.com/web_wanderer/amazon-reviews-extractor,https://api.monid.ai/public/v1/providers/apify/endpoints/web_wanderer/amazon-reviews-extractor
apify,/xmiso_scrapers/eu-amazon-sellers-email-leads,Find Amazon Sellers (EU),POST,"{""type"":""PER_RESULT"",""amount"":{""value"":0.0079,""currency"":""USD""}}",verified,amazon|apify|company-enrichment,,eip155:8453|eip155:143,,False,https://apify.com/xmiso_scrapers/eu-amazon-sellers-email-leads,https://api.monid.ai/public/v1/providers/apify/endpoints/xmiso_scrapers/eu-amazon-sellers-email-leads
apollo,/mixed_companies/search,Apollo Organization Search,POST,"{""type"":""PER_CALL"",""amount"":{""value"":0.026,""currency"":""USD""}}",verified,apollo|company-enrichment,,eip155:8453|eip155:143,,False,https://docs.apollo.io/reference/organization-search,https://api.monid.ai/public/v1/providers/apollo/endpoints/mixed_companies/search
apollo,/mixed_people/api_search,Apollo People Search,POST,"{""type"":""PER_CALL"",""amount"":{""value"":0,""currency"":""USD""}}",verified,apollo|people-enrichment,,eip155:8453|eip155:143,,False,https://docs.apollo.io/reference/people-api-search,https://api.monid.ai/public/v1/providers/apollo/endpoints/mixed_people/api_search
apollo,/news_articles/search,Apollo News Articles Search,POST,"{""type"":""PER_CALL"",""amount"":{""value"":0.026,""currency"":""USD""}}",verified,apollo|company-enrichment|company-news,,eip155:8453|eip155:143,,False,https://docs.apollo.io/reference/news-articles-search,https://api.monid.ai/public/v1/providers/apollo/endpoints/news_articles/search
apollo,/organizations/enrich,Apollo Organization Enrichment,GET,"{""type"":""PER_CALL"",""amount"":{""value"":0.026,""currency"":""USD""}}",verified,apollo|company-enrichment,,eip155:8453|eip155:143,,False,https://docs.apollo.io/reference/organization-enrichment,https://api.monid.ai/public/v1/providers/apollo/endpoints/organizations/enrich
apollo,/organizations/{id},Apollo Get Complete Organization Info,GET,"{""type"":""PER_CALL"",""amount"":{""value"":0.026,""currency"":""USD""}}",verified,apollo|company-enrichment,,eip155:8453|eip155:143,,False,https://docs.apollo.io/reference/get-complete-organization-info,https://api.monid.ai/public/v1/providers/apollo/endpoints/organizations/%7Bid%7D
apollo,/organizations/{organization_id}/job_postings,Apollo Organization Job Postings,GET,"{""type"":""PER_CALL"",""amount"":{""value"":0.026,""currency"":""USD""}}",verified,apollo|jobs,,eip155:8453|eip155:143,,False,https://docs.apollo.io/reference/organization-jobs-postings,https://api.monid.ai/public/v1/providers/apollo/endpoints/organizations/%7Borganization_id%7D/job_postings
apollo,/people/match,Apollo People Enrichment,POST,"{""type"":""TIERED"",""amount"":{""value"":0.026,""currency"":""USD""},""default"":{""type"":""PER_CALL"",""amount"":{""value"":0.026,""currency"":""USD""}},""tiers"":[{""label"":""Personal emails"",""when"":{""reveal_personal_emails"":""true""},""price"":{""type"":""PER_CALL"",""amount"":{""value"":0.026,""currency"":""USD""}}},{""label"":""Mobile phone"",""when"":{""reveal_phone_number"":""true""},""selector"":{""label"":""Mobile phone"",""key"":""phone_units"",""in"":""output""},""price"":{""type"":""PER_CALL"",""amount"":{""value"":0.208,""currency"":""USD""}}}]}",verified,apollo|people-enrichment,,eip155:8453|eip155:143,,False,https://docs.apollo.io/reference/people-enrichment,https://api.monid.ai/public/v1/providers/apollo/endpoints/people/match
apollo,/people/{id},Apollo Get Complete Person Info,GET,"{""type"":""PER_CALL"",""amount"":{""value"":0.026,""currency"":""USD""}}",verified,apollo|people-enrichment,,eip155:8453|eip155:143,,False,https://docs.apollo.io/reference/get-complete-person-info,https://api.monid.ai/public/v1/providers/apollo/endpoints/people/%7Bid%7D
artificial-analysis,/get_cost_per_task,Get cost per task,GET,"{""type"":""PER_CALL"",""amount"":{""value"":0.05,""currency"":""USD""}}",verified,artificial-analysis|model-benchmarks,,eip155:8453|eip155:143,,False,https://parse.bot/marketplace/artificialanalysis-ai-api,https://api.monid.ai/public/v1/providers/artificial-analysis/endpoints/get_cost_per_task
artificial-analysis,/get_hardware_benchmarks,Get hardware benchmarks,GET,"{""type"":""PER_CALL"",""amount"":{""value"":0.03,""currency"":""USD""}}",verified,artificial-analysis|model-benchmarks,,eip155:8453|eip155:143,,False,https://parse.bot/marketplace/artificialanalysis-ai-api,https://api.monid.ai/public/v1/providers/artificial-analysis/endpoints/get_hardware_benchmarks
artificial-analysis,/get_llm_providers_leaderboard,Get provider leaderboard,GET,"{""type"":""PER_CALL"",""amount"":{""value"":0.01,""currency"":""USD""}}",verified,artificial-analysis|model-benchmarks,,eip155:8453|eip155:143,,False,https://parse.bot/marketplace/artificialanalysis-ai-api,https://api.monid.ai/public/v1/providers/artificial-analysis/endpoints/get_llm_providers_leaderboard
artificial-analysis,/get_model_cost_per_task,Get model cost per task,GET,"{""type"":""PER_CALL"",""amount"":{""value"":0.1,""currency"":""USD""}}",verified,artificial-analysis|model-benchmarks,,eip155:8453|eip155:143,,False,https://parse.bot/marketplace/artificialanalysis-ai-api,https://api.monid.ai/public/v1/providers/artificial-analysis/endpoints/get_model_cost_per_task
artificial-analysis,/get_model_detail,Get model detail,GET,"{""type"":""PER_CALL"",""amount"":{""value"":0.01,""currency"":""USD""}}",verified,artificial-analysis|model-benchmarks,,eip155:8453|eip155:143,,False,https://parse.bot/marketplace/artificialanalysis-ai-api,https://api.monid.ai/public/v1/providers/artificial-analysis/endpoints/get_model_detail
artificial-analysis,/get_model_providers,Get model providers,GET,"{""type"":""PER_CALL"",""amount"":{""value"":0.01,""currency"":""USD""}}",verified,artificial-analysis|model-benchmarks,,eip155:8453|eip155:143,,False,https://parse.bot/marketplace/artificialanalysis-ai-api,https://api.monid.ai/public/v1/providers/artificial-analysis/endpoints/get_model_providers
artificial-analysis,/get_models_list,List models,GET,"{""type"":""PER_CALL"",""amount"":{""value"":0.02,""currency"":""USD""}}",verified,artificial-analysis|model-benchmarks,,eip155:8453|eip155:143,,False,https://parse.bot/marketplace/artificialanalysis-ai-api,https://api.monid.ai/public/v1/providers/artificial-analysis/endpoints/get_models_list
artificial-analysis,/get_speech_image_video_models,"List speech, image and video models",GET,"{""type"":""PER_CALL"",""amount"":{""value"":0.01,""currency"":""USD""}}",verified,artificial-analysis|model-benchmarks,,eip155:8453|eip155:143,,False,https://parse.bot/marketplace/artificialanalysis-ai-api,https://api.monid.ai/public/v1/providers/artificial-analysis/endpoints/get_speech_image_video_models
artificial-analysis,/search_models,Search models,GET,"{""type"":""PER_CALL"",""amount"":{""value"":0.01,""currency"":""USD""}}",verified,artificial-analysis|model-benchmarks,,eip155:8453|eip155:143,,False,https://parse.bot/marketplace/artificialanalysis-ai-api,https://api.monid.ai/public/v1/providers/artificial-analysis/endpoints/search_models
bid.cars,/get_listing_details,Get auction listing,GET,"{""type"":""PER_CALL"",""amount"":{""value"":0.02,""currency"":""USD""}}",verified,automotive|bid-cars,,eip155:8453|eip155:143,,False,https://parse.bot/marketplace/bid-cars-api,https://api.monid.ai/public/v1/providers/bid.cars/endpoints/get_listing_details
bid.cars,/get_lot_photos,Get lot photos,GET,"{""type"":""PER_CALL"",""amount"":{""value"":0.01,""currency"":""USD""}}",verified,automotive|bid-cars,,eip155:8453|eip155:143,,False,https://parse.bot/marketplace/bid-cars-api,https://api.monid.ai/public/v1/providers/bid.cars/endpoints/get_lot_photos
bid.cars,/get_makes_list,List makes,GET,"{""type"":""PER_CALL"",""amount"":{""value"":0.01,""currency"":""USD""}}",verified,automotive|bid-cars,,eip155:8453|eip155:143,,False,https://parse.bot/marketplace/bid-cars-api,https://api.monid.ai/public/v1/providers/bid.cars/endpoints/get_makes_list
bid.cars,/get_models_list,List models,GET,"{""type"":""PER_CALL"",""amount"":{""value"":0.01,""currency"":""USD""}}",verified,automotive|bid-cars,,eip155:8453|eip155:143,,False,https://parse.bot/marketplace/bid-cars-api,https://api.monid.ai/public/v1/providers/bid.cars/endpoints/get_models_list
bid.cars,/get_sales_history,Get sales history,GET,"{""type"":""PER_CALL"",""amount"":{""value"":0.01,""currency"":""USD""}}",verified,automotive|bid-cars,,eip155:8453|eip155:143,,False,https://parse.bot/marketplace/bid-cars-api,https://api.monid.ai/public/v1/providers/bid.cars/endpoints/get_sales_history
bid.cars,/get_similar_lots,Get similar lots,GET,"{""type"":""PER_CALL"",""amount"":{""value"":0.01,""currency"":""USD""}}",verified,automotive|bid-cars,,eip155:8453|eip155:143,,False,https://parse.bot/marketplace/bid-cars-api,https://api.monid.ai/public/v1/providers/bid.cars/endpoints/get_similar_lots
bid.cars,/get_vehicle_by_lot,Look up vehicle by lot,GET,"{""type"":""PER_CALL"",""amount"":{""value"":0.01,""currency"":""USD""}}",verified,automotive|bid-cars,,eip155:8453|eip155:143,,False,https://parse.bot/marketplace/bid-cars-api,https://api.monid.ai/public/v1/providers/bid.cars/endpoints/get_vehicle_by_lot
bid.cars,/get_vehicle_by_vin,Look up vehicle by VIN,GET,"{""type"":""PER_CALL"",""amount"":{""value"":0.01,""currency"":""USD""}}",verified,automotive|bid-cars,,eip155:8453|eip155:143,,False,https://parse.bot/marketplace/bid-cars-api,https://api.monid.ai/public/v1/providers/bid.cars/endpoints/get_vehicle_by_vin
bid.cars,/search_by_keyword,Search auctions by keyword,GET,"{""type"":""PER_CALL"",""amount"":{""value"":0.01,""currency"":""USD""}}",verified,automotive|bid-cars,,eip155:8453|eip155:143,,False,https://parse.bot/marketplace/bid-cars-api,https://api.monid.ai/public/v1/providers/bid.cars/endpoints/search_by_keyword
bid.cars,/search_listings,Search auction listings,GET,"{""type"":""PER_CALL"",""amount"":{""value"":0.01,""currency"":""USD""}}",verified,automotive|bid-cars,,eip155:8453|eip155:143,,False,https://parse.bot/marketplace/bid-cars-api,https://api.monid.ai/public/v1/providers/bid.cars/endpoints/search_listings
blockrun.ai,/api/v1/audio/generations,Generations,POST,"{""type"":""PER_CALL"",""amount"":{""value"":0.1166,""currency"":""USD""}}",verified,blockrun|onchain-data,,eip155:8453|eip155:143,,False,https://blockrun.ai/api/v1/audio/generations,https://api.monid.ai/public/v1/providers/blockrun.ai/endpoints/api/v1/audio/generations
blockrun.ai,/api/v1/audio/sound-effects,Sound Effects,POST,"{""type"":""PER_CALL"",""amount"":{""value"":0.058851,""currency"":""USD""}}",verified,blockrun|onchain-data,,eip155:8453|eip155:143,,False,https://blockrun.ai/api/v1/audio/sound-effects,https://api.monid.ai/public/v1/providers/blockrun.ai/endpoints/api/v1/audio/sound-effects
blockrun.ai,/api/v1/audio/speech,Speech,POST,"{""type"":""PER_CALL"",""amount"":{""value"":0.058851,""currency"":""USD""}}",verified,blockrun|onchain-data,,eip155:8453|eip155:143,,False,https://blockrun.ai/api/v1/audio/speech,https://api.monid.ai/public/v1/providers/blockrun.ai/endpoints/api/v1/audio/speech
blockrun.ai,/api/v1/chat/completions,Completions,POST,"{""type"":""PER_CALL"",""amount"":{""value"":0.0022,""currency"":""USD""}}",verified,blockrun|onchain-data,,eip155:8453|eip155:143,,False,https://blockrun.ai/api/v1/chat/completions,https://api.monid.ai/public/v1/providers/blockrun.ai/endpoints/api/v1/chat/completions
blockrun.ai,/api/v1/exa/answer,Exa answer,POST,"{""type"":""PER_CALL"",""amount"":{""value"":0.0121,""currency"":""USD""}}",verified,blockrun|onchain-data,,eip155:8453|eip155:143,,False,https://blockrun.ai/api/v1/exa/answer,https://api.monid.ai/public/v1/providers/blockrun.ai/endpoints/api/v1/exa/answer
blockrun.ai,/api/v1/exa/contents,Exa page contents,POST,"{""type"":""PER_CALL"",""amount"":{""value"":0.0033,""currency"":""USD""}}",verified,blockrun|onchain-data,,eip155:8453|eip155:143,,False,https://blockrun.ai/api/v1/exa/contents,https://api.monid.ai/public/v1/providers/blockrun.ai/endpoints/api/v1/exa/contents
blockrun.ai,/api/v1/exa/find-similar,Exa find similar,POST,"{""type"":""PER_CALL"",""amount"":{""value"":0.0121,""currency"":""USD""}}",verified,blockrun|onchain-data,,eip155:8453|eip155:143,,False,https://blockrun.ai/api/v1/exa/find-similar,https://api.monid.ai/public/v1/providers/blockrun.ai/endpoints/api/v1/exa/find-similar
blockrun.ai,/api/v1/exa/search,Exa web search,POST,"{""type"":""PER_CALL"",""amount"":{""value"":0.0121,""currency"":""USD""}}",verified,blockrun|onchain-data,,eip155:8453|eip155:143,,False,https://blockrun.ai/api/v1/exa/search,https://api.monid.ai/public/v1/providers/blockrun.ai/endpoints/api/v1/exa/search
blockrun.ai,/api/v1/images/generations,Generations,POST,"{""type"":""PER_CALL"",""amount"":{""value"":0.0451,""currency"":""USD""}}",verified,blockrun|onchain-data,,eip155:8453|eip155:143,,False,https://blockrun.ai/api/v1/images/generations,https://api.monid.ai/public/v1/providers/blockrun.ai/endpoints/api/v1/images/generations
blockrun.ai,/api/v1/images/image2image,Image2image,POST,"{""type"":""PER_CALL"",""amount"":{""value"":0.0231,""currency"":""USD""}}",verified,blockrun|onchain-data,,eip155:8453|eip155:143,,False,https://blockrun.ai/api/v1/images/image2image,https://api.monid.ai/public/v1/providers/blockrun.ai/endpoints/api/v1/images/image2image
blockrun.ai,/api/v1/messages,Messages,POST,"{""type"":""PER_CALL"",""amount"":{""value"":0.0121,""currency"":""USD""}}",verified,blockrun|onchain-data,,eip155:8453|eip155:143,,False,https://blockrun.ai/api/v1/messages,https://api.monid.ai/public/v1/providers/blockrun.ai/endpoints/api/v1/messages
blockrun.ai,/api/v1/modal/sandbox/create,Create Modal sandbox,POST,"{""type"":""PER_CALL"",""amount"":{""value"":0.0121,""currency"":""USD""}}",verified,blockrun|onchain-data,,eip155:8453|eip155:143,,False,https://blockrun.ai/api/v1/modal/sandbox/create,https://api.monid.ai/public/v1/providers/blockrun.ai/endpoints/api/v1/modal/sandbox/create
blockrun.ai,/api/v1/phone/numbers/buy,Buy phone number,POST,"{""type"":""PER_CALL"",""amount"":{""value"":5.5011,""currency"":""USD""}}",verified,blockrun|onchain-data,,eip155:8453|eip155:143,,False,https://blockrun.ai/api/v1/phone/numbers/buy,https://api.monid.ai/public/v1/providers/blockrun.ai/endpoints/api/v1/phone/numbers/buy
blockrun.ai,/api/v1/phone/numbers/list,List phone numbers,POST,"{""type"":""PER_CALL"",""amount"":{""value"":0.0022,""currency"":""USD""}}",verified,blockrun|onchain-data,,eip155:8453|eip155:143,,False,https://blockrun.ai/api/v1/phone/numbers/list,https://api.monid.ai/public/v1/providers/blockrun.ai/endpoints/api/v1/phone/numbers/list
blockrun.ai,/api/v1/pm/binance/candles/BTCUSDT,Binance BTC/USDT candles,GET,"{""type"":""PER_CALL"",""amount"":{""value"":0.00935,""currency"":""USD""}}",verified,blockrun|onchain-data,,eip155:8453|eip155:143,,False,https://blockrun.ai/api/v1/pm/binance/candles/BTCUSDT,https://api.monid.ai/public/v1/providers/blockrun.ai/endpoints/api/v1/pm/binance/candles/BTCUSDT
blockrun.ai,/api/v1/pm/binance/candles/ETHUSDT,/api/v1/pm/binance/candles/ETHUSDT,GET,"{""type"":""PER_CALL"",""amount"":{""value"":0.00935,""currency"":""USD""}}",verified,blockrun|onchain-data,,eip155:8453|eip155:143,,False,https://blockrun.ai/api/v1/pm/binance/candles/ETHUSDT,https://api.monid.ai/public/v1/providers/blockrun.ai/endpoints/api/v1/pm/binance/candles/ETHUSDT
blockrun.ai,/api/v1/pm/binance/candles/SOLUSDT,/api/v1/pm/binance/candles/SOLUSDT,GET,"{""type"":""PER_CALL"",""amount"":{""value"":0.00935,""currency"":""USD""}}",verified,blockrun|onchain-data,,eip155:8453|eip155:143,,False,https://blockrun.ai/api/v1/pm/binance/candles/SOLUSDT,https://api.monid.ai/public/v1/providers/blockrun.ai/endpoints/api/v1/pm/binance/candles/SOLUSDT
blockrun.ai,/api/v1/pm/binance/ticks/BTCUSDT,/api/v1/pm/binance/ticks/BTCUSDT,GET,"{""type"":""PER_CALL"",""amount"":{""value"":0.00935,""currency"":""USD""}}",verified,blockrun|onchain-data,,eip155:8453|eip155:143,,False,https://blockrun.ai/api/v1/pm/binance/ticks/BTCUSDT,https://api.monid.ai/public/v1/providers/blockrun.ai/endpoints/api/v1/pm/binance/ticks/BTCUSDT
blockrun.ai,/api/v1/pm/binance/ticks/ETHUSDT,Binance ETH/USDT ticks,GET,"{""type"":""PER_CALL"",""amount"":{""value"":0.00935,""currency"":""USD""}}",verified,blockrun|onchain-data,,eip155:8453|eip155:143,,False,https://blockrun.ai/api/v1/pm/binance/ticks/ETHUSDT,https://api.monid.ai/public/v1/providers/blockrun.ai/endpoints/api/v1/pm/binance/ticks/ETHUSDT
blockrun.ai,/api/v1/pm/kalshi/markets,Kalshi markets,GET,"{""type"":""PER_CALL"",""amount"":{""value"":0.00935,""currency"":""USD""}}",verified,blockrun|onchain-data,,eip155:8453|eip155:143,,False,https://blockrun.ai/api/v1/pm/kalshi/markets,https://api.monid.ai/public/v1/providers/blockrun.ai/endpoints/api/v1/pm/kalshi/markets
blockrun.ai,/api/v1/pm/kalshi/orderbooks,Kalshi orderbooks,GET,"{""type"":""PER_CALL"",""amount"":{""value"":0.00935,""currency"":""USD""}}",verified,blockrun|onchain-data,,eip155:8453|eip155:143,,False,https://blockrun.ai/api/v1/pm/kalshi/orderbooks,https://api.monid.ai/public/v1/providers/blockrun.ai/endpoints/api/v1/pm/kalshi/orderbooks
blockrun.ai,/api/v1/pm/kalshi/trades,Kalshi trades,GET,"{""type"":""PER_CALL"",""amount"":{""value"":0.00935,""currency"":""USD""}}",verified,blockrun|onchain-data,,eip155:8453|eip155:143,,False,https://blockrun.ai/api/v1/pm/kalshi/trades,https://api.monid.ai/public/v1/providers/blockrun.ai/endpoints/api/v1/pm/kalshi/trades
blockrun.ai,/api/v1/pm/limitless/markets,Limitless markets,GET,"{""type"":""PER_CALL"",""amount"":{""value"":0.00935,""currency"":""USD""}}",verified,blockrun|onchain-data,,eip155:8453|eip155:143,,False,https://blockrun.ai/api/v1/pm/limitless/markets,https://api.monid.ai/public/v1/providers/blockrun.ai/endpoints/api/v1/pm/limitless/markets
blockrun.ai,/api/v1/pm/limitless/orderbooks,Orderbooks,GET,"{""type"":""PER_CALL"",""amount"":{""value"":0.00935,""currency"":""USD""}}",verified,blockrun|onchain-data,,eip155:8453|eip155:143,,False,https://blockrun.ai/api/v1/pm/limitless/orderbooks,https://api.monid.ai/public/v1/providers/blockrun.ai/endpoints/api/v1/pm/limitless/orderbooks
blockrun.ai,/api/v1/pm/markets/search,Search prediction markets,GET,"{""type"":""PER_CALL"",""amount"":{""value"":0.00935,""currency"":""USD""}}",verified,blockrun|onchain-data,,eip155:8453|eip155:143,,False,https://blockrun.ai/api/v1/pm/markets/search,https://api.monid.ai/public/v1/providers/blockrun.ai/endpoints/api/v1/pm/markets/search
blockrun.ai,/api/v1/pm/opinion/markets,Opinion markets,GET,"{""type"":""PER_CALL"",""amount"":{""value"":0.00935,""currency"":""USD""}}",verified,blockrun|onchain-data,,eip155:8453|eip155:143,,False,https://blockrun.ai/api/v1/pm/opinion/markets,https://api.monid.ai/public/v1/providers/blockrun.ai/endpoints/api/v1/pm/opinion/markets
blockrun.ai,/api/v1/pm/opinion/orderbooks,Orderbooks,GET,"{""type"":""PER_CALL"",""amount"":{""value"":0.00935,""currency"":""USD""}}",verified,blockrun|onchain-data,,eip155:8453|eip155:143,,False,https://blockrun.ai/api/v1/pm/opinion/orderbooks,https://api.monid.ai/public/v1/providers/blockrun.ai/endpoints/api/v1/pm/opinion/orderbooks
blockrun.ai,/api/v1/pm/polymarket/activity,Polymarket activity,GET,"{""type"":""PER_CALL"",""amount"":{""value"":0.00935,""currency"":""USD""}}",verified,blockrun|onchain-data,,eip155:8453|eip155:143,,False,https://blockrun.ai/api/v1/pm/polymarket/activity,https://api.monid.ai/public/v1/providers/blockrun.ai/endpoints/api/v1/pm/polymarket/activity
blockrun.ai,/api/v1/pm/polymarket/candlesticks/:hash,/api/v1/pm/polymarket/candlesticks/:hash,GET,"{""type"":""PER_CALL"",""amount"":{""value"":0.00935,""currency"":""USD""}}",verified,blockrun|onchain-data,,eip155:8453|eip155:143,,False,https://blockrun.ai/api/v1/pm/polymarket/candlesticks/:hash,https://api.monid.ai/public/v1/providers/blockrun.ai/endpoints/api/v1/pm/polymarket/candlesticks/%3Ahash
blockrun.ai,/api/v1/pm/polymarket/cohorts/stats,Polymarket cohort stats,GET,"{""type"":""PER_CALL"",""amount"":{""value"":0.00935,""currency"":""USD""}}",verified,blockrun|onchain-data,,eip155:8453|eip155:143,,False,https://blockrun.ai/api/v1/pm/polymarket/cohorts/stats,https://api.monid.ai/public/v1/providers/blockrun.ai/endpoints/api/v1/pm/polymarket/cohorts/stats
blockrun.ai,/api/v1/pm/polymarket/crypto-updown,Polymarket crypto up/down,GET,"{""type"":""PER_CALL"",""amount"":{""value"":0.00935,""currency"":""USD""}}",verified,blockrun|onchain-data,,eip155:8453|eip155:143,,False,https://blockrun.ai/api/v1/pm/polymarket/crypto-updown,https://api.monid.ai/public/v1/providers/blockrun.ai/endpoints/api/v1/pm/polymarket/crypto-updown
blockrun.ai,/api/v1/pm/polymarket/events,Polymarket events,GET,"{""type"":""PER_CALL"",""amount"":{""value"":0.00935,""currency"":""USD""}}",verified,blockrun|onchain-data,,eip155:8453|eip155:143,,False,https://blockrun.ai/api/v1/pm/polymarket/events,https://api.monid.ai/public/v1/providers/blockrun.ai/endpoints/api/v1/pm/polymarket/events
blockrun.ai,/api/v1/pm/polymarket/events/keyset,Polymarket events (keyset page),GET,"{""type"":""PER_CALL"",""amount"":{""value"":0.00935,""currency"":""USD""}}",verified,blockrun|onchain-data,,eip155:8453|eip155:143,,False,https://blockrun.ai/api/v1/pm/polymarket/events/keyset,https://api.monid.ai/public/v1/providers/blockrun.ai/endpoints/api/v1/pm/polymarket/events/keyset
blockrun.ai,/api/v1/pm/polymarket/leaderboard,Polymarket leaderboard,GET,"{""type"":""PER_CALL"",""amount"":{""value"":0.00935,""currency"":""USD""}}",verified,blockrun|onchain-data,,eip155:8453|eip155:143,,False,https://blockrun.ai/api/v1/pm/polymarket/leaderboard,https://api.monid.ai/public/v1/providers/blockrun.ai/endpoints/api/v1/pm/polymarket/leaderboard
blockrun.ai,/api/v1/pm/polymarket/leaderboard/market/:condition_id,/api/v1/pm/polymarket/leaderboard/market/:condition_id,GET,"{""type"":""PER_CALL"",""amount"":{""value"":0.00935,""currency"":""USD""}}",verified,blockrun|onchain-data,,eip155:8453|eip155:143,,False,https://blockrun.ai/api/v1/pm/polymarket/leaderboard/market/:condition_id,https://api.monid.ai/public/v1/providers/blockrun.ai/endpoints/api/v1/pm/polymarket/leaderboard/market/%3Acondition_id
blockrun.ai,/api/v1/pm/polymarket/leaderboard/market/:hash,Polymarket leaderboard by market,GET,"{""type"":""PER_CALL"",""amount"":{""value"":0.00935,""currency"":""USD""}}",verified,blockrun|onchain-data,,eip155:8453|eip155:143,,False,https://blockrun.ai/api/v1/pm/polymarket/leaderboard/market/:hash,https://api.monid.ai/public/v1/providers/blockrun.ai/endpoints/api/v1/pm/polymarket/leaderboard/market/%3Ahash
blockrun.ai,/api/v1/pm/polymarket/market-price/2143401858385894894190399172754859063760192107542405534567206954789995051162,/api/v1/pm/polymarket/market-price/2143401858385894894190399172754859063760192107542405534567206954789995051162,GET,"{""type"":""PER_CALL"",""amount"":{""value"":0.00935,""currency"":""USD""}}",verified,blockrun|onchain-data,,eip155:8453|eip155:143,,False,https://blockrun.ai/api/v1/pm/polymarket/market-price/2143401858385894894190399172754859063760192107542405534567206954789995051162,https://api.monid.ai/public/v1/providers/blockrun.ai/endpoints/api/v1/pm/polymarket/market-price/2143401858385894894190399172754859063760192107542405534567206954789995051162
blockrun.ai,/api/v1/pm/polymarket/market-price/21742633143463906290569050155826241533067272736897614950488156847949938836455,Polymarket market price,GET,"{""type"":""PER_CALL"",""amount"":{""value"":0.00935,""currency"":""USD""}}",verified,blockrun|onchain-data,,eip155:8453|eip155:143,,False,https://blockrun.ai/api/v1/pm/polymarket/market-price/21742633143463906290569050155826241533067272736897614950488156847949938836455,https://api.monid.ai/public/v1/providers/blockrun.ai/endpoints/api/v1/pm/polymarket/market-price/21742633143463906290569050155826241533067272736897614950488156847949938836455
blockrun.ai,/api/v1/pm/polymarket/market-price/40791250908933508853723465614961035896557737979546129504169818299128524475478,Polymarket market price (alt market),GET,"{""type"":""PER_CALL"",""amount"":{""value"":0.00935,""currency"":""USD""}}",verified,blockrun|onchain-data,,eip155:8453|eip155:143,,False,https://blockrun.ai/api/v1/pm/polymarket/market-price/40791250908933508853723465614961035896557737979546129504169818299128524475478,https://api.monid.ai/public/v1/providers/blockrun.ai/endpoints/api/v1/pm/polymarket/market-price/40791250908933508853723465614961035896557737979546129504169818299128524475478
blockrun.ai,/api/v1/pm/polymarket/market/:hash/smart-money,Smart Money,GET,"{""type"":""PER_CALL"",""amount"":{""value"":0.00935,""currency"":""USD""}}",verified,blockrun|onchain-data,,eip155:8453|eip155:143,,False,https://blockrun.ai/api/v1/pm/polymarket/market/:hash/smart-money,https://api.monid.ai/public/v1/providers/blockrun.ai/endpoints/api/v1/pm/polymarket/market/%3Ahash/smart-money
blockrun.ai,/api/v1/pm/polymarket/market/:hash/top-holders,Top Holders,GET,"{""type"":""PER_CALL"",""amount"":{""value"":0.00935,""currency"":""USD""}}",verified,blockrun|onchain-data,,eip155:8453|eip155:143,,False,https://blockrun.ai/api/v1/pm/polymarket/market/:hash/top-holders,https://api.monid.ai/public/v1/providers/blockrun.ai/endpoints/api/v1/pm/polymarket/market/%3Ahash/top-holders
blockrun.ai,/api/v1/pm/polymarket/markets,Polymarket markets,GET,"{""type"":""PER_CALL"",""amount"":{""value"":0.00935,""currency"":""USD""}}",verified,blockrun|onchain-data,,eip155:8453|eip155:143,,False,https://blockrun.ai/api/v1/pm/polymarket/markets,https://api.monid.ai/public/v1/providers/blockrun.ai/endpoints/api/v1/pm/polymarket/markets
blockrun.ai,/api/v1/pm/polymarket/markets/21742633143463906290569050155826241533067272736897614950488156847949938836455/volume,Volume,GET,"{""type"":""PER_CALL"",""amount"":{""value"":0.00935,""currency"":""USD""}}",verified,blockrun|onchain-data,,eip155:8453|eip155:143,,False,https://blockrun.ai/api/v1/pm/polymarket/markets/21742633143463906290569050155826241533067272736897614950488156847949938836455/volume,https://api.monid.ai/public/v1/providers/blockrun.ai/endpoints/api/v1/pm/polymarket/markets/21742633143463906290569050155826241533067272736897614950488156847949938836455/volume
blockrun.ai,/api/v1/pm/polymarket/markets/27146956652877944551877724690365745048289675287536243265951843487691050802191/volume,Volume,GET,"{""type"":""PER_CALL"",""amount"":{""value"":0.00935,""currency"":""USD""}}",verified,blockrun|onchain-data,,eip155:8453|eip155:143,,False,https://blockrun.ai/api/v1/pm/polymarket/markets/27146956652877944551877724690365745048289675287536243265951843487691050802191/volume,https://api.monid.ai/public/v1/providers/blockrun.ai/endpoints/api/v1/pm/polymarket/markets/27146956652877944551877724690365745048289675287536243265951843487691050802191/volume
blockrun.ai,/api/v1/pm/polymarket/markets/:hash/volume,Volume,GET,"{""type"":""PER_CALL"",""amount"":{""value"":0.00935,""currency"":""USD""}}",verified,blockrun|onchain-data,,eip155:8453|eip155:143,,False,https://blockrun.ai/api/v1/pm/polymarket/markets/:hash/volume,https://api.monid.ai/public/v1/providers/blockrun.ai/endpoints/api/v1/pm/polymarket/markets/%3Ahash/volume
blockrun.ai,/api/v1/pm/polymarket/markets/:token_id/volume,Volume,GET,"{""type"":""PER_CALL"",""amount"":{""value"":0.00935,""currency"":""USD""}}",verified,blockrun|onchain-data,,eip155:8453|eip155:143,,False,https://blockrun.ai/api/v1/pm/polymarket/markets/:token_id/volume,https://api.monid.ai/public/v1/providers/blockrun.ai/endpoints/api/v1/pm/polymarket/markets/%3Atoken_id/volume
blockrun.ai,/api/v1/pm/polymarket/markets/TOKEN_ID/volume,Polymarket market volume,GET,"{""type"":""PER_CALL"",""amount"":{""value"":0.00935,""currency"":""USD""}}",verified,blockrun|onchain-data,,eip155:8453|eip155:143,,False,https://blockrun.ai/api/v1/pm/polymarket/markets/TOKEN_ID/volume,https://api.monid.ai/public/v1/providers/blockrun.ai/endpoints/api/v1/pm/polymarket/markets/TOKEN_ID/volume
blockrun.ai,/api/v1/pm/polymarket/markets/keyset,Polymarket markets (keyset page),GET,"{""type"":""PER_CALL"",""amount"":{""value"":0.00935,""currency"":""USD""}}",verified,blockrun|onchain-data,,eip155:8453|eip155:143,,False,https://blockrun.ai/api/v1/pm/polymarket/markets/keyset,https://api.monid.ai/public/v1/providers/blockrun.ai/endpoints/api/v1/pm/polymarket/markets/keyset
blockrun.ai,/api/v1/pm/polymarket/markets/smart-activity,Polymarket smart-money activity,GET,"{""type"":""PER_CALL"",""amount"":{""value"":0.00935,""currency"":""USD""}}",verified,blockrun|onchain-data,,eip155:8453|eip155:143,,False,https://blockrun.ai/api/v1/pm/polymarket/markets/smart-activity,https://api.monid.ai/public/v1/providers/blockrun.ai/endpoints/api/v1/pm/polymarket/markets/smart-activity
blockrun.ai,/api/v1/pm/polymarket/orderbooks,Polymarket orderbooks,GET,"{""type"":""PER_CALL"",""amount"":{""value"":0.00935,""currency"":""USD""}}",verified,blockrun|onchain-data,,eip155:8453|eip155:143,,False,https://blockrun.ai/api/v1/pm/polymarket/orderbooks,https://api.monid.ai/public/v1/providers/blockrun.ai/endpoints/api/v1/pm/polymarket/orderbooks
blockrun.ai,/api/v1/pm/polymarket/positions,Polymarket positions,GET,"{""type"":""PER_CALL"",""amount"":{""value"":0.00935,""currency"":""USD""}}",verified,blockrun|onchain-data,,eip155:8453|eip155:143,,False,https://blockrun.ai/api/v1/pm/polymarket/positions,https://api.monid.ai/public/v1/providers/blockrun.ai/endpoints/api/v1/pm/polymarket/positions
blockrun.ai,/api/v1/pm/polymarket/trades,Polymarket trades,GET,"{""type"":""PER_CALL"",""amount"":{""value"":0.00935,""currency"":""USD""}}",verified,blockrun|onchain-data,,eip155:8453|eip155:143,,False,https://blockrun.ai/api/v1/pm/polymarket/trades,https://api.monid.ai/public/v1/providers/blockrun.ai/endpoints/api/v1/pm/polymarket/trades
blockrun.ai,/api/v1/pm/polymarket/uma/markets,Markets,GET,"{""type"":""PER_CALL"",""amount"":{""value"":0.00935,""currency"":""USD""}}",verified,blockrun|onchain-data,,eip155:8453|eip155:143,,False,https://blockrun.ai/api/v1/pm/polymarket/uma/markets,https://api.monid.ai/public/v1/providers/blockrun.ai/endpoints/api/v1/pm/polymarket/uma/markets
blockrun.ai,/api/v1/pm/polymarket/wallet/:address,/api/v1/pm/polymarket/wallet/:address,GET,"{""type"":""PER_CALL"",""amount"":{""value"":0.00935,""currency"":""USD""}}",verified,blockrun|onchain-data,,eip155:8453|eip155:143,,False,https://blockrun.ai/api/v1/pm/polymarket/wallet/:address,https://api.monid.ai/public/v1/providers/blockrun.ai/endpoints/api/v1/pm/polymarket/wallet/%3Aaddress
blockrun.ai,/api/v1/pm/polymarket/wallet/positions/:address,/api/v1/pm/polymarket/wallet/positions/:address,GET,"{""type"":""PER_CALL"",""amount"":{""value"":0.00935,""currency"":""USD""}}",verified,blockrun|onchain-data,,eip155:8453|eip155:143,,False,https://blockrun.ai/api/v1/pm/polymarket/wallet/positions/:address,https://api.monid.ai/public/v1/providers/blockrun.ai/endpoints/api/v1/pm/polymarket/wallet/positions/%3Aaddress
blockrun.ai,/api/v1/pm/polymarket/wallets/filter,Filter Polymarket wallets,GET,"{""type"":""PER_CALL"",""amount"":{""value"":0.00935,""currency"":""USD""}}",verified,blockrun|onchain-data,,eip155:8453|eip155:143,,False,https://blockrun.ai/api/v1/pm/polymarket/wallets/filter,https://api.monid.ai/public/v1/providers/blockrun.ai/endpoints/api/v1/pm/polymarket/wallets/filter
blockrun.ai,/api/v1/pm/polymarket/wallets/profiles,Profiles,GET,"{""type"":""PER_CALL"",""amount"":{""value"":0.00935,""currency"":""USD""}}",verified,blockrun|onchain-data,,eip155:8453|eip155:143,,False,https://blockrun.ai/api/v1/pm/polymarket/wallets/profiles,https://api.monid.ai/public/v1/providers/blockrun.ai/endpoints/api/v1/pm/polymarket/wallets/profiles
blockrun.ai,/api/v1/pm/predictfun/markets,Predict.fun markets,GET,"{""type"":""PER_CALL"",""amount"":{""value"":0.00935,""currency"":""USD""}}",verified,blockrun|onchain-data,,eip155:8453|eip155:143,,False,https://blockrun.ai/api/v1/pm/predictfun/markets,https://api.monid.ai/public/v1/providers/blockrun.ai/endpoints/api/v1/pm/predictfun/markets
blockrun.ai,/api/v1/pm/predictfun/orderbooks,Orderbooks,GET,"{""type"":""PER_CALL"",""amount"":{""value"":0.00935,""currency"":""USD""}}",verified,blockrun|onchain-data,,eip155:8453|eip155:143,,False,https://blockrun.ai/api/v1/pm/predictfun/orderbooks,https://api.monid.ai/public/v1/providers/blockrun.ai/endpoints/api/v1/pm/predictfun/orderbooks
blockrun.ai,/api/v1/search,Search,POST,"{""type"":""PER_CALL"",""amount"":{""value"":0.0891,""currency"":""USD""}}",verified,blockrun|onchain-data,,eip155:8453|eip155:143,,False,https://blockrun.ai/api/v1/search,https://api.monid.ai/public/v1/providers/blockrun.ai/endpoints/api/v1/search
blockrun.ai,/api/v1/stocks/us/price/AAPL,US stock price (AAPL),GET,"{""type"":""PER_CALL"",""amount"":{""value"":0.0022,""currency"":""USD""}}",verified,blockrun|onchain-data,,eip155:8453|eip155:143,,False,https://blockrun.ai/api/v1/stocks/us/price/AAPL,https://api.monid.ai/public/v1/providers/blockrun.ai/endpoints/api/v1/stocks/us/price/AAPL
blockrun.ai,/api/v1/stocks/us/price/COIN,/api/v1/stocks/us/price/COIN,GET,"{""type"":""PER_CALL"",""amount"":{""value"":0.0022,""currency"":""USD""}}",verified,blockrun|onchain-data,,eip155:8453|eip155:143,,False,https://blockrun.ai/api/v1/stocks/us/price/COIN,https://api.monid.ai/public/v1/providers/blockrun.ai/endpoints/api/v1/stocks/us/price/COIN
blockrun.ai,/api/v1/stocks/us/price/MSTR,/api/v1/stocks/us/price/MSTR,GET,"{""type"":""PER_CALL"",""amount"":{""value"":0.0022,""currency"":""USD""}}",verified,blockrun|onchain-data,,eip155:8453|eip155:143,,False,https://blockrun.ai/api/v1/stocks/us/price/MSTR,https://api.monid.ai/public/v1/providers/blockrun.ai/endpoints/api/v1/stocks/us/price/MSTR
blockrun.ai,/api/v1/stocks/us/price/MU,/api/v1/stocks/us/price/MU,GET,"{""type"":""PER_CALL"",""amount"":{""value"":0.0022,""currency"":""USD""}}",verified,blockrun|onchain-data,,eip155:8453|eip155:143,,False,https://blockrun.ai/api/v1/stocks/us/price/MU,https://api.monid.ai/public/v1/providers/blockrun.ai/endpoints/api/v1/stocks/us/price/MU
blockrun.ai,/api/v1/stocks/us/price/SPY,/api/v1/stocks/us/price/SPY,GET,"{""type"":""PER_CALL"",""amount"":{""value"":0.0022,""currency"":""USD""}}",verified,blockrun|onchain-data,,eip155:8453|eip155:143,,False,https://blockrun.ai/api/v1/stocks/us/price/SPY,https://api.monid.ai/public/v1/providers/blockrun.ai/endpoints/api/v1/stocks/us/price/SPY
blockrun.ai,/api/v1/stocks/us/price/TSLA,/api/v1/stocks/us/price/TSLA,GET,"{""type"":""PER_CALL"",""amount"":{""value"":0.0022,""currency"":""USD""}}",verified,blockrun|onchain-data,,eip155:8453|eip155:143,,False,https://blockrun.ai/api/v1/stocks/us/price/TSLA,https://api.monid.ai/public/v1/providers/blockrun.ai/endpoints/api/v1/stocks/us/price/TSLA
blockrun.ai,/api/v1/usstock/price/AAPL,"US stock price (AAPL, legacy route)",GET,"{""type"":""PER_CALL"",""amount"":{""value"":0.0022,""currency"":""USD""}}",verified,blockrun|onchain-data,,eip155:8453|eip155:143,,False,https://blockrun.ai/api/v1/usstock/price/AAPL,https://api.monid.ai/public/v1/providers/blockrun.ai/endpoints/api/v1/usstock/price/AAPL
blockrun.ai,/api/v1/videos/generations,Generations,POST,"{""type"":""PER_CALL"",""amount"":{""value"":0.4422,""currency"":""USD""}}",verified,blockrun|onchain-data,,eip155:8453|eip155:143,,False,https://blockrun.ai/api/v1/videos/generations,https://api.monid.ai/public/v1/providers/blockrun.ai/endpoints/api/v1/videos/generations
blockrun.ai,/api/v1/voice/call,Call,POST,"{""type"":""PER_CALL"",""amount"":{""value"":0.5951,""currency"":""USD""}}",verified,blockrun|onchain-data,,eip155:8453|eip155:143,,False,https://blockrun.ai/api/v1/voice/call,https://api.monid.ai/public/v1/providers/blockrun.ai/endpoints/api/v1/voice/call
builtin,/get_job_details,Get job detail,GET,"{""type"":""PER_CALL"",""amount"":{""value"":0.01,""currency"":""USD""}}",verified,builtin|jobs,,eip155:8453|eip155:143,,False,https://parse.bot/marketplace/builtin-com-api,https://api.monid.ai/public/v1/providers/builtin/endpoints/get_job_details
builtin,/search_jobs,Search tech jobs,GET,"{""type"":""PER_CALL"",""amount"":{""value"":0.01,""currency"":""USD""}}",verified,builtin|jobs,,eip155:8453|eip155:143,,False,https://parse.bot/marketplace/builtin-com-api,https://api.monid.ai/public/v1/providers/builtin/endpoints/search_jobs
builtin,/suggest_job_titles,Suggest job titles,GET,"{""type"":""PER_CALL"",""amount"":{""value"":0.01,""currency"":""USD""}}",verified,builtin|jobs,,eip155:8453|eip155:143,,False,https://parse.bot/marketplace/builtin-com-api,https://api.monid.ai/public/v1/providers/builtin/endpoints/suggest_job_titles
bytedance,/v1/video/seedance-2.0,Seedance 2.0 Video (BytePlus),POST,"{""type"":""PER_UNIT_MATRIX"",""amount"":{""value"":4,""currency"":""USD""},""selectors"":[{""label"":""Resolution"",""key"":""resolution"",""in"":""body""}],""variants"":[{""when"":{""resolution"":""480p""},""price"":{""type"":""PER_UNIT"",""amount"":{""value"":7,""currency"":""USD""},""per"":1000000,""unit"":""token""}},{""when"":{""resolution"":""720p""},""price"":{""type"":""PER_UNIT"",""amount"":{""value"":7,""currency"":""USD""},""per"":1000000,""unit"":""token""}},{""when"":{""resolution"":""1080p""},""price"":{""type"":""PER_UNIT"",""amount"":{""value"":7.7,""currency"":""USD""},""per"":1000000,""unit"":""token""}},{""when"":{""resolution"":""4k""},""price"":{""type"":""PER_UNIT"",""amount"":{""value"":4,""currency"":""USD""},""per"":1000000,""unit"":""token""}}]}",verified,bytedance|video-generation,,eip155:8453|eip155:143,,False,https://docs.byteplus.com/en/docs/ModelArk,https://api.monid.ai/public/v1/providers/bytedance/endpoints/v1/video/seedance-2.0
bytedance,/v1/video/seedance-2.0-fast,Seedance 2.0 Fast Video (BytePlus),POST,"{""type"":""PER_UNIT_MATRIX"",""amount"":{""value"":5.6,""currency"":""USD""},""selectors"":[{""label"":""Resolution"",""key"":""resolution"",""in"":""body""}],""variants"":[{""when"":{""resolution"":""480p""},""price"":{""type"":""PER_UNIT"",""amount"":{""value"":5.6,""currency"":""USD""},""per"":1000000,""unit"":""token""}},{""when"":{""resolution"":""720p""},""price"":{""type"":""PER_UNIT"",""amount"":{""value"":5.6,""currency"":""USD""},""per"":1000000,""unit"":""token""}}]}",verified,bytedance|video-generation,,eip155:8453|eip155:143,,False,https://docs.byteplus.com/en/docs/ModelArk,https://api.monid.ai/public/v1/providers/bytedance/endpoints/v1/video/seedance-2.0-fast
bytedance,/v1/video/seedance-2.0-mini,Seedance 2.0 Mini Video (BytePlus),POST,"{""type"":""PER_UNIT_MATRIX"",""amount"":{""value"":3.5,""currency"":""USD""},""selectors"":[{""label"":""Resolution"",""key"":""resolution"",""in"":""body""}],""variants"":[{""when"":{""resolution"":""480p""},""price"":{""type"":""PER_UNIT"",""amount"":{""value"":3.5,""currency"":""USD""},""per"":1000000,""unit"":""token""}},{""when"":{""resolution"":""720p""},""price"":{""type"":""PER_UNIT"",""amount"":{""value"":3.5,""currency"":""USD""},""per"":1000000,""unit"":""token""}}]}",verified,bytedance|video-generation,,eip155:8453|eip155:143,,False,https://docs.byteplus.com/en/docs/ModelArk,https://api.monid.ai/public/v1/providers/bytedance/endpoints/v1/video/seedance-2.0-mini
bytedance,/v1/video/seedance-2.5,Seedance 2.5 Video (BytePlus),POST,"{""type"":""PER_UNIT_MATRIX"",""amount"":{""value"":10.7,""currency"":""USD""},""selectors"":[{""label"":""Resolution"",""key"":""resolution"",""in"":""body""}],""variants"":[{""when"":{""resolution"":""480p""},""price"":{""type"":""PER_UNIT"",""amount"":{""value"":10.7,""currency"":""USD""},""per"":1000000,""unit"":""token""}},{""when"":{""resolution"":""720p""},""price"":{""type"":""PER_UNIT"",""amount"":{""value"":10.7,""currency"":""USD""},""per"":1000000,""unit"":""token""}}]}",verified,bytedance|video-generation,,eip155:8453|eip155:143,,False,https://docs.byteplus.com/en/docs/ModelArk,https://api.monid.ai/public/v1/providers/bytedance/endpoints/v1/video/seedance-2.5
capterra,/get_category_products,List category products,GET,"{""type"":""PER_CALL"",""amount"":{""value"":0.01,""currency"":""USD""}}",verified,capterra|software-reviews,,eip155:8453|eip155:143,,False,https://parse.bot/marketplace/capterra-com-api,https://api.monid.ai/public/v1/providers/capterra/endpoints/get_category_products
capterra,/get_product_details,Get product detail,GET,"{""type"":""PER_CALL"",""amount"":{""value"":0.01,""currency"":""USD""}}",verified,capterra|software-reviews,,eip155:8453|eip155:143,,False,https://parse.bot/marketplace/capterra-com-api,https://api.monid.ai/public/v1/providers/capterra/endpoints/get_product_details
capterra,/get_product_reviews,Get product reviews,GET,"{""type"":""PER_CALL"",""amount"":{""value"":0.01,""currency"":""USD""}}",verified,capterra|software-reviews,,eip155:8453|eip155:143,,False,https://parse.bot/marketplace/capterra-com-api,https://api.monid.ai/public/v1/providers/capterra/endpoints/get_product_reviews
capterra,/get_software_categories,List software categories,GET,"{""type"":""PER_CALL"",""amount"":{""value"":0.01,""currency"":""USD""}}",verified,capterra|software-reviews,,eip155:8453|eip155:143,,False,https://parse.bot/marketplace/capterra-com-api,https://api.monid.ai/public/v1/providers/capterra/endpoints/get_software_categories
capterra,/search_software,Search software,GET,"{""type"":""PER_CALL"",""amount"":{""value"":0.01,""currency"":""USD""}}",verified,capterra|software-reviews,,eip155:8453|eip155:143,,False,https://parse.bot/marketplace/capterra-com-api,https://api.monid.ai/public/v1/providers/capterra/endpoints/search_software
carfax,/get_carfax_value,Get Carfax value,GET,"{""type"":""PER_CALL"",""amount"":{""value"":0.01,""currency"":""USD""}}",verified,automotive|carfax,,eip155:8453|eip155:143,,False,https://parse.bot/marketplace/carfax-com-api,https://api.monid.ai/public/v1/providers/carfax/endpoints/get_carfax_value
carfax,/get_dealer_details,Get dealer detail,GET,"{""type"":""PER_CALL"",""amount"":{""value"":0.01,""currency"":""USD""}}",verified,automotive|carfax,,eip155:8453|eip155:143,,False,https://parse.bot/marketplace/carfax-com-api,https://api.monid.ai/public/v1/providers/carfax/endpoints/get_dealer_details
carfax,/get_estimated_payment,Get estimated payment,GET,"{""type"":""PER_CALL"",""amount"":{""value"":0.01,""currency"":""USD""}}",verified,automotive|carfax,,eip155:8453|eip155:143,,False,https://parse.bot/marketplace/carfax-com-api,https://api.monid.ai/public/v1/providers/carfax/endpoints/get_estimated_payment
carfax,/get_listing_detail,Get listing detail,GET,"{""type"":""PER_CALL"",""amount"":{""value"":0.01,""currency"":""USD""}}",verified,automotive|carfax,,eip155:8453|eip155:143,,False,https://parse.bot/marketplace/carfax-com-api,https://api.monid.ai/public/v1/providers/carfax/endpoints/get_listing_detail
carfax,/get_listing_photos,Get listing photos,GET,"{""type"":""PER_CALL"",""amount"":{""value"":0.01,""currency"":""USD""}}",verified,automotive|carfax,,eip155:8453|eip155:143,,False,https://parse.bot/marketplace/carfax-com-api,https://api.monid.ai/public/v1/providers/carfax/endpoints/get_listing_photos
carfax,/get_vehicle_highlights,Get vehicle highlights,GET,"{""type"":""PER_CALL"",""amount"":{""value"":0.01,""currency"":""USD""}}",verified,automotive|carfax,,eip155:8453|eip155:143,,False,https://parse.bot/marketplace/carfax-com-api,https://api.monid.ai/public/v1/providers/carfax/endpoints/get_vehicle_highlights
carfax,/get_vehicle_history_summary,Get vehicle history summary,GET,"{""type"":""PER_CALL"",""amount"":{""value"":0.01,""currency"":""USD""}}",verified,automotive|carfax,,eip155:8453|eip155:143,,False,https://parse.bot/marketplace/carfax-com-api,https://api.monid.ai/public/v1/providers/carfax/endpoints/get_vehicle_history_summary
carfax,/get_vehicle_reviews,Get vehicle reviews,POST,"{""type"":""PER_CALL"",""amount"":{""value"":0.01,""currency"":""USD""}}",verified,automotive|carfax,,eip155:8453|eip155:143,,False,https://parse.bot/marketplace/carfax-com-api,https://api.monid.ai/public/v1/providers/carfax/endpoints/get_vehicle_reviews
carfax,/search_cars_by_body_type,Search cars by body type,GET,"{""type"":""PER_CALL"",""amount"":{""value"":0.01,""currency"":""USD""}}",verified,automotive|carfax,,eip155:8453|eip155:143,,False,https://parse.bot/marketplace/carfax-com-api,https://api.monid.ai/public/v1/providers/carfax/endpoints/search_cars_by_body_type
carfax,/search_new_car_listings,Search new car listings,GET,"{""type"":""PER_CALL"",""amount"":{""value"":0.01,""currency"":""USD""}}",verified,automotive|carfax,,eip155:8453|eip155:143,,False,https://parse.bot/marketplace/carfax-com-api,https://api.monid.ai/public/v1/providers/carfax/endpoints/search_new_car_listings
carfax,/search_used_car_listings,Search used car listings,GET,"{""type"":""PER_CALL"",""amount"":{""value"":0.01,""currency"":""USD""}}",verified,automotive|carfax,,eip155:8453|eip155:143,,False,https://parse.bot/marketplace/carfax-com-api,https://api.monid.ai/public/v1/providers/carfax/endpoints/search_used_car_listings
cars.com,/get_dealer_inventory,Get dealer inventory,GET,"{""type"":""PER_CALL"",""amount"":{""value"":0.01,""currency"":""USD""}}",verified,automotive|cars-com,,eip155:8453|eip155:143,,False,https://parse.bot/marketplace/cars-com-api,https://api.monid.ai/public/v1/providers/cars.com/endpoints/get_dealer_inventory
cars.com,/get_listing_details,Get listing detail,GET,"{""type"":""PER_CALL"",""amount"":{""value"":0.03,""currency"":""USD""}}",verified,automotive|cars-com,,eip155:8453|eip155:143,,False,https://parse.bot/marketplace/cars-com-api,https://api.monid.ai/public/v1/providers/cars.com/endpoints/get_listing_details
cars.com,/search_listings,Search vehicle listings,GET,"{""type"":""PER_CALL"",""amount"":{""value"":0.03,""currency"":""USD""}}",verified,automotive|cars-com,,eip155:8453|eip155:143,,False,https://parse.bot/marketplace/cars-com-api,https://api.monid.ai/public/v1/providers/cars.com/endpoints/search_listings
clay,/enrichment/company-domain,Find Company Domain from Name,POST,"{""type"":""PER_CALL"",""amount"":{""value"":0.06,""currency"":""USD""}}",verified,clay|company-enrichment,,eip155:8453|eip155:143,,False,https://developers.clay.com/routines/clay-managed-functions,https://api.monid.ai/public/v1/providers/clay/endpoints/enrichment/company-domain
clay,/enrichment/company-employee-count,Get Company Employee Count,POST,"{""type"":""PER_CALL"",""amount"":{""value"":0.032,""currency"":""USD""}}",verified,clay|company-enrichment,,eip155:8453|eip155:143,,False,https://developers.clay.com/routines/clay-managed-functions,https://api.monid.ai/public/v1/providers/clay/endpoints/enrichment/company-employee-count
clay,/enrichment/company-industry,Classify Company Industry,POST,"{""type"":""PER_CALL"",""amount"":{""value"":0.032,""currency"":""USD""}}",verified,clay|company-enrichment,,eip155:8453|eip155:143,,False,https://developers.clay.com/routines/clay-managed-functions,https://api.monid.ai/public/v1/providers/clay/endpoints/enrichment/company-industry
clay,/enrichment/company-job-openings,List Company Job Openings,POST,"{""type"":""PER_CALL"",""amount"":{""value"":0.032,""currency"":""USD""}}",verified,clay|jobs,,eip155:8453|eip155:143,,False,https://developers.clay.com/routines/clay-managed-functions,https://api.monid.ai/public/v1/providers/clay/endpoints/enrichment/company-job-openings
clay,/enrichment/mobile-phone,Find Mobile Phone,POST,"{""type"":""PER_CALL"",""amount"":{""value"":0.568,""currency"":""USD""}}",verified,clay|people-enrichment,,eip155:8453|eip155:143,,False,https://developers.clay.com/routines/clay-managed-functions,https://api.monid.ai/public/v1/providers/clay/endpoints/enrichment/mobile-phone
clay,/enrichment/person,Enrich Person,POST,"{""type"":""PER_CALL"",""amount"":{""value"":0.032,""currency"":""USD""}}",verified,clay|people-enrichment,,eip155:8453|eip155:143,,False,https://developers.clay.com/routines/clay-managed-functions,https://api.monid.ai/public/v1/providers/clay/endpoints/enrichment/person
clay,/enrichment/work-email,Find Work Email,POST,"{""type"":""PER_CALL"",""amount"":{""value"":0.0416,""currency"":""USD""}}",verified,clay|people-enrichment,,eip155:8453|eip155:143,,False,https://developers.clay.com/routines/clay-managed-functions,https://api.monid.ai/public/v1/providers/clay/endpoints/enrichment/work-email
clay,/search/query-mode,Create Advanced Search,POST,"{""type"":""PER_CALL"",""amount"":{""value"":0,""currency"":""USD""}}",verified,clay|company-enrichment|people-enrichment,,eip155:8453|eip155:143,,False,https://developers.clay.com/searches/advanced,https://api.monid.ai/public/v1/providers/clay/endpoints/search/query-mode
clay,/search/query-mode/reference,Get Search Query Reference,GET,"{""type"":""PER_CALL"",""amount"":{""value"":0,""currency"":""USD""}}",verified,clay|company-enrichment|people-enrichment,,eip155:8453|eip155:143,,False,https://developers.clay.com/searches/advanced,https://api.monid.ai/public/v1/providers/clay/endpoints/search/query-mode/reference
clay,/search/query-mode/run,Fetch Advanced Search Results,POST,"{""type"":""PER_RESULT"",""amount"":{""value"":0.001,""currency"":""USD""}}",verified,clay|company-enrichment|people-enrichment,,eip155:8453|eip155:143,,False,https://developers.clay.com/searches/advanced,https://api.monid.ai/public/v1/providers/clay/endpoints/search/query-mode/run
cloro,/chatgpt/ask,Ask ChatGPT,POST,"{""type"":""PER_UNIT"",""amount"":{""value"":0.008,""currency"":""USD""},""per"":10,""unit"":""result""}",verified,ai-search|cloro|geo,,eip155:8453|eip155:143,,False,https://cloro.dev/docs/api-reference/endpoint/monitor-chatgpt,https://api.monid.ai/public/v1/providers/cloro/endpoints/chatgpt/ask
cloro,/copilot/ask,Ask Copilot,POST,"{""type"":""PER_UNIT"",""amount"":{""value"":0.008,""currency"":""USD""},""per"":10,""unit"":""result""}",verified,ai-search|cloro|geo,,eip155:8453|eip155:143,,False,https://cloro.dev/docs/api-reference/endpoint/monitor-copilot,https://api.monid.ai/public/v1/providers/cloro/endpoints/copilot/ask
cloro,/gemini/ask,Ask Gemini,POST,"{""type"":""PER_UNIT"",""amount"":{""value"":0.008,""currency"":""USD""},""per"":10,""unit"":""result""}",verified,ai-search|cloro|geo,,eip155:8453|eip155:143,,False,https://cloro.dev/docs/api-reference/endpoint/monitor-gemini,https://api.monid.ai/public/v1/providers/cloro/endpoints/gemini/ask
cloro,/google/ai-mode,Ask Google AI Mode,POST,"{""type"":""PER_UNIT"",""amount"":{""value"":0.008,""currency"":""USD""},""per"":10,""unit"":""result""}",verified,ai-search|cloro|geo,,eip155:8453|eip155:143,,False,https://cloro.dev/docs/api-reference/endpoint/monitor-aimode,https://api.monid.ai/public/v1/providers/cloro/endpoints/google/ai-mode
cloro,/google/news,Search Google News,POST,"{""type"":""PER_UNIT"",""amount"":{""value"":0.008,""currency"":""USD""},""per"":10,""unit"":""result""}",verified,cloro|news-search,,eip155:8453|eip155:143,,False,https://cloro.dev/docs/api-reference/endpoint/monitor-google-news,https://api.monid.ai/public/v1/providers/cloro/endpoints/google/news
cloro,/google/search,Search Google,POST,"{""type"":""PER_UNIT"",""amount"":{""value"":0.008,""currency"":""USD""},""per"":10,""unit"":""result""}",verified,cloro|geo|seo|web-search,,eip155:8453|eip155:143,,False,https://cloro.dev/docs/api-reference/endpoint/monitor-google,https://api.monid.ai/public/v1/providers/cloro/endpoints/google/search
cloro,/perplexity/ask,Ask Perplexity,POST,"{""type"":""PER_UNIT"",""amount"":{""value"":0.008,""currency"":""USD""},""per"":10,""unit"":""result""}",verified,ai-search|cloro|geo,,eip155:8453|eip155:143,,False,https://cloro.dev/docs/api-reference/endpoint/monitor-perplexity,https://api.monid.ai/public/v1/providers/cloro/endpoints/perplexity/ask
clutch,/get_company_locations,Get agency locations,GET,"{""type"":""PER_CALL"",""amount"":{""value"":0.01,""currency"":""USD""}}",verified,clutch|company-reviews,,eip155:8453|eip155:143,,False,https://parse.bot/marketplace/clutch-co-api,https://api.monid.ai/public/v1/providers/clutch/endpoints/get_company_locations
clutch,/get_company_portfolio,Get agency portfolio,GET,"{""type"":""PER_CALL"",""amount"":{""value"":0.01,""currency"":""USD""}}",verified,clutch|company-reviews,,eip155:8453|eip155:143,,False,https://parse.bot/marketplace/clutch-co-api,https://api.monid.ai/public/v1/providers/clutch/endpoints/get_company_portfolio
clutch,/get_company_profile,Get agency profile,GET,"{""type"":""PER_CALL"",""amount"":{""value"":0.02,""currency"":""USD""}}",verified,clutch|company-reviews,,eip155:8453|eip155:143,,False,https://parse.bot/marketplace/clutch-co-api,https://api.monid.ai/public/v1/providers/clutch/endpoints/get_company_profile
clutch,/get_company_reviews,Get agency reviews,GET,"{""type"":""PER_CALL"",""amount"":{""value"":0.01,""currency"":""USD""}}",verified,clutch|company-reviews,,eip155:8453|eip155:143,,False,https://parse.bot/marketplace/clutch-co-api,https://api.monid.ai/public/v1/providers/clutch/endpoints/get_company_reviews
clutch,/list_categories,List service categories,GET,"{""type"":""PER_CALL"",""amount"":{""value"":0.01,""currency"":""USD""}}",verified,clutch|company-reviews,,eip155:8453|eip155:143,,False,https://parse.bot/marketplace/clutch-co-api,https://api.monid.ai/public/v1/providers/clutch/endpoints/list_categories
clutch,/search_companies,Search agencies,GET,"{""type"":""PER_CALL"",""amount"":{""value"":0.01,""currency"":""USD""}}",verified,clutch|company-reviews,,eip155:8453|eip155:143,,False,https://parse.bot/marketplace/clutch-co-api,https://api.monid.ai/public/v1/providers/clutch/endpoints/search_companies
contactout,/v1/company/search,Search Companies,POST,"{""type"":""PER_RESULT"",""amount"":{""value"":0.02,""currency"":""USD""}}",verified,company-enrichment|contactout,,eip155:8453|eip155:143,,False,https://api.contactout.com/#company-search-api,https://api.monid.ai/public/v1/providers/contactout/endpoints/v1/company/search
contactout,/v1/domain/enrich,Enrich Company Domains,POST,"{""type"":""PER_RESULT"",""amount"":{""value"":0.02,""currency"":""USD""}}",verified,company-enrichment|contactout,,eip155:8453|eip155:143,,False,https://api.contactout.com/#company-information-from-domains,https://api.monid.ai/public/v1/providers/contactout/endpoints/v1/domain/enrich
contactout,/v1/email/enrich/personal-email,Profile from Email (Personal Email),GET,"{""type"":""TIERED"",""amount"":{""value"":0.2,""currency"":""USD""},""default"":{""type"":""PER_CALL"",""amount"":{""value"":0.2,""currency"":""USD""}},""tiers"":[{""label"":""Phone found"",""selector"":{""label"":""Phone found"",""key"":""phone_units"",""in"":""output""},""price"":{""type"":""PER_CALL"",""amount"":{""value"":0.18,""currency"":""USD""}}}]}",verified,contactout|people-enrichment,,eip155:8453|eip155:143,,False,https://api.contactout.com/#from-email-address,https://api.monid.ai/public/v1/providers/contactout/endpoints/v1/email/enrich/personal-email
contactout,/v1/email/enrich/work-email,Profile from Email (Work Email),GET,"{""type"":""TIERED"",""amount"":{""value"":0.1,""currency"":""USD""},""default"":{""type"":""PER_CALL"",""amount"":{""value"":0.1,""currency"":""USD""}},""tiers"":[{""label"":""Phone found"",""selector"":{""label"":""Phone found"",""key"":""phone_units"",""in"":""output""},""price"":{""type"":""PER_CALL"",""amount"":{""value"":0.18,""currency"":""USD""}}}]}",verified,contactout|people-enrichment,,eip155:8453|eip155:143,,False,https://api.contactout.com/#from-email-address,https://api.monid.ai/public/v1/providers/contactout/endpoints/v1/email/enrich/work-email
contactout,/v1/email/verify,Verify Email,GET,"{""type"":""PER_RESULT"",""amount"":{""value"":0.01,""currency"":""USD""}}",verified,contactout|people-enrichment,,eip155:8453|eip155:143,,False,https://api.contactout.com/#email-verifier-api,https://api.monid.ai/public/v1/providers/contactout/endpoints/v1/email/verify
contactout,/v1/linkedin/enrich/personal-email,LinkedIn Full Profile + Contacts (Personal Email),GET,"{""type"":""TIERED"",""amount"":{""value"":0.02,""currency"":""USD""},""default"":{""type"":""PER_CALL"",""amount"":{""value"":0.02,""currency"":""USD""}},""tiers"":[{""label"":""Personal email found"",""selector"":{""label"":""Personal email found"",""key"":""personal_email_units"",""in"":""output""},""price"":{""type"":""PER_CALL"",""amount"":{""value"":0.18,""currency"":""USD""}}},{""label"":""Phone found"",""selector"":{""label"":""Phone found"",""key"":""phone_units"",""in"":""output""},""price"":{""type"":""PER_CALL"",""amount"":{""value"":0.16,""currency"":""USD""}}}]}",verified,contactout|people-enrichment,,eip155:8453|eip155:143,,False,https://api.contactout.com/#linkedin-profile-api,https://api.monid.ai/public/v1/providers/contactout/endpoints/v1/linkedin/enrich/personal-email
contactout,/v1/linkedin/enrich/work-email,LinkedIn Full Profile + Contacts (Work Email),GET,"{""type"":""TIERED"",""amount"":{""value"":0.02,""currency"":""USD""},""default"":{""type"":""PER_CALL"",""amount"":{""value"":0.02,""currency"":""USD""}},""tiers"":[{""label"":""Work email found"",""selector"":{""label"":""Work email found"",""key"":""work_email_units"",""in"":""output""},""price"":{""type"":""PER_CALL"",""amount"":{""value"":0.08,""currency"":""USD""}}},{""label"":""Phone found"",""selector"":{""label"":""Phone found"",""key"":""phone_units"",""in"":""output""},""price"":{""type"":""PER_CALL"",""amount"":{""value"":0.16,""currency"":""USD""}}}]}",verified,contactout|people-enrichment,,eip155:8453|eip155:143,,False,https://api.contactout.com/#linkedin-profile-api,https://api.monid.ai/public/v1/providers/contactout/endpoints/v1/linkedin/enrich/work-email
contactout,/v1/people/count,Count Matching Profiles,POST,"{""type"":""PER_CALL"",""amount"":{""value"":0,""currency"":""USD""}}",verified,contactout|people-enrichment,,eip155:8453|eip155:143,,False,https://api.contactout.com/#people-count-api,https://api.monid.ai/public/v1/providers/contactout/endpoints/v1/people/count
contactout,/v1/people/decision-makers/personal-email,Find Decision Makers (Personal Email),GET,"{""type"":""TIERED"",""amount"":{""value"":0.02,""currency"":""USD""},""default"":{""type"":""PER_RESULT"",""amount"":{""value"":0.02,""currency"":""USD""}},""tiers"":[{""label"":""Personal email found"",""selector"":{""label"":""Personal email found"",""key"":""personal_email_units"",""in"":""output""},""price"":{""type"":""PER_CALL"",""amount"":{""value"":0.2,""currency"":""USD""}}},{""label"":""Phone found"",""selector"":{""label"":""Phone found"",""key"":""phone_units"",""in"":""output""},""price"":{""type"":""PER_CALL"",""amount"":{""value"":0.18,""currency"":""USD""}}}]}",verified,contactout|people-enrichment,,eip155:8453|eip155:143,,False,https://api.contactout.com/#decision-makers-api,https://api.monid.ai/public/v1/providers/contactout/endpoints/v1/people/decision-makers/personal-email
contactout,/v1/people/decision-makers/work-email,Find Decision Makers (Work Email),GET,"{""type"":""TIERED"",""amount"":{""value"":0.02,""currency"":""USD""},""default"":{""type"":""PER_RESULT"",""amount"":{""value"":0.02,""currency"":""USD""}},""tiers"":[{""label"":""Work email found"",""selector"":{""label"":""Work email found"",""key"":""work_email_units"",""in"":""output""},""price"":{""type"":""PER_CALL"",""amount"":{""value"":0.1,""currency"":""USD""}}},{""label"":""Phone found"",""selector"":{""label"":""Phone found"",""key"":""phone_units"",""in"":""output""},""price"":{""type"":""PER_CALL"",""amount"":{""value"":0.18,""currency"":""USD""}}}]}",verified,contactout|people-enrichment,,eip155:8453|eip155:143,,False,https://api.contactout.com/#decision-makers-api,https://api.monid.ai/public/v1/providers/contactout/endpoints/v1/people/decision-makers/work-email
contactout,/v1/people/enrich/personal-email,Enrich Person (Personal Email),POST,"{""type"":""TIERED"",""amount"":{""value"":0.02,""currency"":""USD""},""default"":{""type"":""PER_CALL"",""amount"":{""value"":0.02,""currency"":""USD""}},""tiers"":[{""label"":""Personal email found"",""selector"":{""label"":""Personal email found"",""key"":""personal_email_units"",""in"":""output""},""price"":{""type"":""PER_CALL"",""amount"":{""value"":0.2,""currency"":""USD""}}},{""label"":""Phone found"",""selector"":{""label"":""Phone found"",""key"":""phone_units"",""in"":""output""},""price"":{""type"":""PER_CALL"",""amount"":{""value"":0.18,""currency"":""USD""}}}]}",verified,contactout|people-enrichment,,eip155:8453|eip155:143,,False,https://api.contactout.com/#people-enrich-api,https://api.monid.ai/public/v1/providers/contactout/endpoints/v1/people/enrich/personal-email
contactout,/v1/people/enrich/work-email,Enrich Person (Work Email),POST,"{""type"":""TIERED"",""amount"":{""value"":0.02,""currency"":""USD""},""default"":{""type"":""PER_CALL"",""amount"":{""value"":0.02,""currency"":""USD""}},""tiers"":[{""label"":""Work email found"",""selector"":{""label"":""Work email found"",""key"":""work_email_units"",""in"":""output""},""price"":{""type"":""PER_CALL"",""amount"":{""value"":0.1,""currency"":""USD""}}},{""label"":""Phone found"",""selector"":{""label"":""Phone found"",""key"":""phone_units"",""in"":""output""},""price"":{""type"":""PER_CALL"",""amount"":{""value"":0.18,""currency"":""USD""}}}]}",verified,contactout|people-enrichment,,eip155:8453|eip155:143,,False,https://api.contactout.com/#people-enrich-api,https://api.monid.ai/public/v1/providers/contactout/endpoints/v1/people/enrich/work-email
contactout,/v1/people/linkedin/personal-email,LinkedIn Contacts Only (Personal Email),GET,"{""type"":""TIERED"",""amount"":{""value"":0.2,""currency"":""USD""},""default"":{""type"":""PER_CALL"",""amount"":{""value"":0.2,""currency"":""USD""}},""tiers"":[{""label"":""Phone found"",""selector"":{""label"":""Phone found"",""key"":""phone_units"",""in"":""output""},""price"":{""type"":""PER_CALL"",""amount"":{""value"":0.18,""currency"":""USD""}}}]}",verified,contactout|people-enrichment,,eip155:8453|eip155:143,,False,https://api.contactout.com/#contact-info-api-single,https://api.monid.ai/public/v1/providers/contactout/endpoints/v1/people/linkedin/personal-email
contactout,/v1/people/linkedin/personal_email_status,Check Personal Email Availability,GET,"{""type"":""PER_CALL"",""amount"":{""value"":0,""currency"":""USD""}}",verified,contactout|people-enrichment,,eip155:8453|eip155:143,,False,https://api.contactout.com/#personal-email-checker,https://api.monid.ai/public/v1/providers/contactout/endpoints/v1/people/linkedin/personal_email_status
contactout,/v1/people/linkedin/phone_status,Check Phone Availability,GET,"{""type"":""PER_CALL"",""amount"":{""value"":0,""currency"":""USD""}}",verified,contactout|people-enrichment,,eip155:8453|eip155:143,,False,https://api.contactout.com/#phone-number-checker,https://api.monid.ai/public/v1/providers/contactout/endpoints/v1/people/linkedin/phone_status
contactout,/v1/people/linkedin/work-email,LinkedIn Contacts Only (Work Email),GET,"{""type"":""TIERED"",""amount"":{""value"":0.1,""currency"":""USD""},""default"":{""type"":""PER_CALL"",""amount"":{""value"":0.1,""currency"":""USD""}},""tiers"":[{""label"":""Phone found"",""selector"":{""label"":""Phone found"",""key"":""phone_units"",""in"":""output""},""price"":{""type"":""PER_CALL"",""amount"":{""value"":0.18,""currency"":""USD""}}}]}",verified,contactout|people-enrichment,,eip155:8453|eip155:143,,False,https://api.contactout.com/#contact-info-api-single,https://api.monid.ai/public/v1/providers/contactout/endpoints/v1/people/linkedin/work-email
contactout,/v1/people/linkedin/work_email_status,Check Work Email Availability,GET,"{""type"":""PER_CALL"",""amount"":{""value"":0,""currency"":""USD""}}",verified,contactout|people-enrichment,,eip155:8453|eip155:143,,False,https://api.contactout.com/#work-email-checker,https://api.monid.ai/public/v1/providers/contactout/endpoints/v1/people/linkedin/work_email_status
contactout,/v1/people/person,LinkedIn URL from Email,GET,"{""type"":""PER_CALL"",""amount"":{""value"":0.1,""currency"":""USD""}}",verified,contactout|people-enrichment,,eip155:8453|eip155:143,,False,https://api.contactout.com/#email-to-linkedin-api,https://api.monid.ai/public/v1/providers/contactout/endpoints/v1/people/person
contactout,/v1/people/search/personal-email,Search People (Personal Email),POST,"{""type"":""TIERED"",""amount"":{""value"":0.02,""currency"":""USD""},""default"":{""type"":""PER_RESULT"",""amount"":{""value"":0.02,""currency"":""USD""}},""tiers"":[{""label"":""Personal email found"",""selector"":{""label"":""Personal email found"",""key"":""personal_email_units"",""in"":""output""},""price"":{""type"":""PER_CALL"",""amount"":{""value"":0.2,""currency"":""USD""}}},{""label"":""Phone found"",""selector"":{""label"":""Phone found"",""key"":""phone_units"",""in"":""output""},""price"":{""type"":""PER_CALL"",""amount"":{""value"":0.18,""currency"":""USD""}}}]}",verified,contactout|people-enrichment,,eip155:8453|eip155:143,,False,https://api.contactout.com/#people-search-api,https://api.monid.ai/public/v1/providers/contactout/endpoints/v1/people/search/personal-email
contactout,/v1/people/search/work-email,Search People (Work Email),POST,"{""type"":""TIERED"",""amount"":{""value"":0.02,""currency"":""USD""},""default"":{""type"":""PER_RESULT"",""amount"":{""value"":0.02,""currency"":""USD""}},""tiers"":[{""label"":""Work email found"",""selector"":{""label"":""Work email found"",""key"":""work_email_units"",""in"":""output""},""price"":{""type"":""PER_CALL"",""amount"":{""value"":0.1,""currency"":""USD""}}},{""label"":""Phone found"",""selector"":{""label"":""Phone found"",""key"":""phone_units"",""in"":""output""},""price"":{""type"":""PER_CALL"",""amount"":{""value"":0.18,""currency"":""USD""}}}]}",verified,contactout|people-enrichment,,eip155:8453|eip155:143,,False,https://api.contactout.com/#people-search-api,https://api.monid.ai/public/v1/providers/contactout/endpoints/v1/people/search/work-email
context.dev,/brand/ai/product,Extract Product,POST,"{""type"":""PER_CALL"",""amount"":{""value"":0.02533,""currency"":""USD""}}",verified,context-dev|web-extraction,,eip155:8453|eip155:143,,False,https://docs.context.dev/api-reference/web-extraction/product,https://api.monid.ai/public/v1/providers/context.dev/endpoints/brand/ai/product
context.dev,/brand/ai/products,Extract Products,POST,"{""type"":""PER_CALL"",""amount"":{""value"":0.02533,""currency"":""USD""}}",verified,context-dev|web-extraction,,eip155:8453|eip155:143,,False,https://docs.context.dev/api-reference/web-extraction/products,https://api.monid.ai/public/v1/providers/context.dev/endpoints/brand/ai/products
context.dev,/brand/retrieve,Retrieve Brand,GET,"{""type"":""PER_CALL"",""amount"":{""value"":0.02533,""currency"":""USD""}}",verified,company-enrichment|context-dev,,eip155:8453|eip155:143,,False,https://docs.context.dev/api-reference/brand-intelligence/brand,https://api.monid.ai/public/v1/providers/context.dev/endpoints/brand/retrieve
context.dev,/brand/search,Search Brands,GET,"{""type"":""PER_CALL"",""amount"":{""value"":0,""currency"":""USD""}}",verified,company-enrichment|context-dev,,eip155:8453|eip155:143,,False,https://docs.context.dev/api-reference/brand-intelligence/search,https://api.monid.ai/public/v1/providers/context.dev/endpoints/brand/search
context.dev,/brand/transaction_identifier,Identify Transaction,GET,"{""type"":""PER_CALL"",""amount"":{""value"":0.02533,""currency"":""USD""}}",verified,company-enrichment|context-dev,,eip155:8453|eip155:143,,False,https://docs.context.dev/guides/enrich-transaction-codes,https://api.monid.ai/public/v1/providers/context.dev/endpoints/brand/transaction_identifier
context.dev,/news/search,Search Company News,POST,"{""type"":""PER_RESULT"",""amount"":{""value"":0.000253,""currency"":""USD""}}",verified,company-news|context-dev,,eip155:8453|eip155:143,,False,https://docs.context.dev/api-reference/news/search,https://api.monid.ai/public/v1/providers/context.dev/endpoints/news/search
context.dev,/parse,Parse File to Markdown,POST,"{""type"":""TIERED"",""amount"":{""value"":0.002533,""currency"":""USD""},""default"":{""type"":""PER_CALL"",""amount"":{""value"":0.002533,""currency"":""USD""}},""tiers"":[{""label"":""OCR"",""when"":{""ocr"":true},""selector"":{""label"":""OCR"",""key"":""ocr_units"",""in"":""output""},""price"":{""type"":""PER_CALL"",""amount"":{""value"":0.010132,""currency"":""USD""}}}]}",verified,context-dev|web-extraction,,,,False,https://docs.context.dev/api-reference/utility/parse,https://api.monid.ai/public/v1/providers/context.dev/endpoints/parse
context.dev,/people/enrich,Enrich Person,POST,"{""type"":""PER_CALL"",""amount"":{""value"":0.05066,""currency"":""USD""}}",verified,context-dev|people-enrichment,,eip155:8453|eip155:143,,False,https://docs.context.dev/api-reference/people/enrich,https://api.monid.ai/public/v1/providers/context.dev/endpoints/people/enrich
context.dev,/utility/prefetch,Prefetch Brand Data,POST,"{""type"":""PER_CALL"",""amount"":{""value"":0,""currency"":""USD""}}",verified,company-enrichment|context-dev,,eip155:8453|eip155:143,,False,https://docs.context.dev/api-reference/utility/prefetch,https://api.monid.ai/public/v1/providers/context.dev/endpoints/utility/prefetch
context.dev,/web/crawl,Crawl Website,POST,"{""type"":""PER_RESULT"",""amount"":{""value"":0.002533,""currency"":""USD""}}",verified,context-dev|web-extraction,,eip155:8453|eip155:143,,False,https://docs.context.dev/api-reference/web-scraping/crawl,https://api.monid.ai/public/v1/providers/context.dev/endpoints/web/crawl
context.dev,/web/extract,Extract Structured Data,POST,"{""type"":""PER_CALL"",""amount"":{""value"":0.02533,""currency"":""USD""}}",verified,context-dev|web-extraction,,eip155:8453|eip155:143,,False,https://docs.context.dev/api-reference/web-extraction/extract,https://api.monid.ai/public/v1/providers/context.dev/endpoints/web/extract
context.dev,/web/fonts,Scrape Fonts,GET,"{""type"":""PER_CALL"",""amount"":{""value"":0.012665,""currency"":""USD""}}",verified,context-dev|web-extraction,,eip155:8453|eip155:143,,False,https://docs.context.dev/api-reference/brand-intelligence/fonts,https://api.monid.ai/public/v1/providers/context.dev/endpoints/web/fonts
context.dev,/web/naics,NAICS Classification,GET,"{""type"":""PER_CALL"",""amount"":{""value"":0.02533,""currency"":""USD""}}",verified,company-enrichment|context-dev,,eip155:8453|eip155:143,,False,https://docs.context.dev/api-reference/web-extraction/naics,https://api.monid.ai/public/v1/providers/context.dev/endpoints/web/naics
context.dev,/web/scrape/html,Scrape HTML,GET,"{""type"":""PER_CALL"",""amount"":{""value"":0.002533,""currency"":""USD""}}",verified,context-dev|web-extraction,,eip155:8453|eip155:143,,False,https://docs.context.dev/api-reference/web-scraping/html,https://api.monid.ai/public/v1/providers/context.dev/endpoints/web/scrape/html
context.dev,/web/scrape/images,Scrape Images,GET,"{""type"":""PER_CALL"",""amount"":{""value"":0.002533,""currency"":""USD""}}",verified,context-dev|web-extraction,,eip155:8453|eip155:143,,False,https://docs.context.dev/api-reference/web-scraping/images,https://api.monid.ai/public/v1/providers/context.dev/endpoints/web/scrape/images
context.dev,/web/scrape/markdown,Scrape Markdown,GET,"{""type"":""PER_CALL"",""amount"":{""value"":0.002533,""currency"":""USD""}}",verified,context-dev|web-extraction,,eip155:8453|eip155:143,,False,https://docs.context.dev/api-reference/web-scraping/markdown,https://api.monid.ai/public/v1/providers/context.dev/endpoints/web/scrape/markdown
context.dev,/web/scrape/sitemap,Crawl Sitemap,GET,"{""type"":""PER_CALL"",""amount"":{""value"":0.002533,""currency"":""USD""}}",verified,context-dev|web-extraction,,eip155:8453|eip155:143,,False,https://docs.context.dev/api-reference/web-scraping/sitemap,https://api.monid.ai/public/v1/providers/context.dev/endpoints/web/scrape/sitemap
context.dev,/web/screenshot,Capture Screenshot,GET,"{""type"":""PER_CALL"",""amount"":{""value"":0.012665,""currency"":""USD""}}",verified,context-dev|web-extraction,,eip155:8453|eip155:143,,False,https://docs.context.dev/api-reference/web-scraping/screenshot,https://api.monid.ai/public/v1/providers/context.dev/endpoints/web/screenshot
context.dev,/web/search,Web Search,POST,"{""type"":""PER_RESULT"",""amount"":{""value"":0.000253,""currency"":""USD""}}",verified,context-dev|web-search,,eip155:8453|eip155:143,,False,https://docs.context.dev/api-reference/web-scraping/search,https://api.monid.ai/public/v1/providers/context.dev/endpoints/web/search
context.dev,/web/sic,SIC Classification,GET,"{""type"":""PER_CALL"",""amount"":{""value"":0.02533,""currency"":""USD""}}",verified,company-enrichment|context-dev,,eip155:8453|eip155:143,,False,https://docs.context.dev/api-reference/web-extraction/sic,https://api.monid.ai/public/v1/providers/context.dev/endpoints/web/sic
context.dev,/web/styleguide,Extract Styleguide,GET,"{""type"":""PER_CALL"",""amount"":{""value"":0.02533,""currency"":""USD""}}",verified,context-dev|web-extraction,,eip155:8453|eip155:143,,False,https://docs.context.dev/api-reference/brand-intelligence/styleguide,https://api.monid.ai/public/v1/providers/context.dev/endpoints/web/styleguide
crunchbase,/get_company_funding_rounds,Get company funding rounds,GET,"{""type"":""PER_CALL"",""amount"":{""value"":0.02,""currency"":""USD""}}",verified,company-enrichment|crunchbase|funding-data,,eip155:8453|eip155:143,,False,https://parse.bot/marketplace/crunchbase-com-api,https://api.monid.ai/public/v1/providers/crunchbase/endpoints/get_company_funding_rounds
crunchbase,/get_company_people,Get company people,GET,"{""type"":""PER_CALL"",""amount"":{""value"":0.02,""currency"":""USD""}}",verified,company-enrichment|crunchbase|people-enrichment,,eip155:8453|eip155:143,,False,https://parse.bot/marketplace/crunchbase-com-api,https://api.monid.ai/public/v1/providers/crunchbase/endpoints/get_company_people
crunchbase,/get_investor_profile,Get investor profile,GET,"{""type"":""PER_CALL"",""amount"":{""value"":0.01,""currency"":""USD""}}",verified,company-enrichment|crunchbase|funding-data,,eip155:8453|eip155:143,,False,https://parse.bot/marketplace/crunchbase-com-api,https://api.monid.ai/public/v1/providers/crunchbase/endpoints/get_investor_profile
crunchbase,/get_organization_profile,Get organization profile,GET,"{""type"":""PER_CALL"",""amount"":{""value"":0.02,""currency"":""USD""}}",verified,company-enrichment|crunchbase|funding-data,,eip155:8453|eip155:143,,False,https://parse.bot/marketplace/crunchbase-com-api,https://api.monid.ai/public/v1/providers/crunchbase/endpoints/get_organization_profile
crunchbase,/search_investors,Search investors,GET,"{""type"":""PER_CALL"",""amount"":{""value"":0.02,""currency"":""USD""}}",verified,company-enrichment|crunchbase|funding-data,,eip155:8453|eip155:143,,False,https://parse.bot/marketplace/crunchbase-com-api,https://api.monid.ai/public/v1/providers/crunchbase/endpoints/search_investors
crunchbase,/search_organizations,Search organizations,GET,"{""type"":""PER_CALL"",""amount"":{""value"":0.02,""currency"":""USD""}}",verified,company-enrichment|crunchbase|funding-data,,eip155:8453|eip155:143,,False,https://parse.bot/marketplace/crunchbase-com-api,https://api.monid.ai/public/v1/providers/crunchbase/endpoints/search_organizations
dataforseo,/ai/chatgpt-models,ChatGPT Models,GET,"{""type"":""PER_CALL"",""amount"":{""value"":0,""currency"":""USD""}}",verified,dataforseo|geo,,eip155:8453|eip155:143,,False,https://docs.dataforseo.com/v3/ai_optimization/chat_gpt/llm_responses/models/,https://api.monid.ai/public/v1/providers/dataforseo/endpoints/ai/chatgpt-models
dataforseo,/ai/chatgpt-response,Ask ChatGPT,POST,"{""type"":""PER_CALL"",""amount"":{""value"":0.0006,""currency"":""USD""}}",verified,dataforseo|geo,,eip155:8453|eip155:143,,False,https://docs.dataforseo.com/v3/ai_optimization/chat_gpt/llm_responses/live/,https://api.monid.ai/public/v1/providers/dataforseo/endpoints/ai/chatgpt-response
dataforseo,/ai/chatgpt-search,ChatGPT Search Answer,POST,"{""type"":""PER_CALL"",""amount"":{""value"":0.004,""currency"":""USD""}}",verified,ai-search|dataforseo|geo,,eip155:8453|eip155:143,,False,https://docs.dataforseo.com/v3/ai_optimization/chat_gpt/llm_scraper/live/advanced/,https://api.monid.ai/public/v1/providers/dataforseo/endpoints/ai/chatgpt-search
dataforseo,/ai/chatgpt-search-locations,ChatGPT Search Locations,GET,"{""type"":""PER_CALL"",""amount"":{""value"":0,""currency"":""USD""}}",verified,ai-search|dataforseo,,eip155:8453|eip155:143,,False,https://docs.dataforseo.com/v3/ai_optimization/chat_gpt/llm_scraper/locations/{country}/,https://api.monid.ai/public/v1/providers/dataforseo/endpoints/ai/chatgpt-search-locations
dataforseo,/ai/claude-models,Claude Models,GET,"{""type"":""PER_CALL"",""amount"":{""value"":0,""currency"":""USD""}}",verified,dataforseo|geo,,eip155:8453|eip155:143,,False,https://docs.dataforseo.com/v3/ai_optimization/claude/llm_responses/models/,https://api.monid.ai/public/v1/providers/dataforseo/endpoints/ai/claude-models
dataforseo,/ai/claude-response,Ask Claude,POST,"{""type"":""PER_CALL"",""amount"":{""value"":0.0006,""currency"":""USD""}}",verified,dataforseo|geo,,eip155:8453|eip155:143,,False,https://docs.dataforseo.com/v3/ai_optimization/claude/llm_responses/live/,https://api.monid.ai/public/v1/providers/dataforseo/endpoints/ai/claude-response
dataforseo,/ai/gemini-models,Gemini Models,GET,"{""type"":""PER_CALL"",""amount"":{""value"":0,""currency"":""USD""}}",verified,dataforseo|geo,,eip155:8453|eip155:143,,False,https://docs.dataforseo.com/v3/ai_optimization/gemini/llm_responses/models/,https://api.monid.ai/public/v1/providers/dataforseo/endpoints/ai/gemini-models
dataforseo,/ai/gemini-response,Ask Gemini,POST,"{""type"":""PER_CALL"",""amount"":{""value"":0.0006,""currency"":""USD""}}",verified,dataforseo|geo,,eip155:8453|eip155:143,,False,https://docs.dataforseo.com/v3/ai_optimization/gemini/llm_responses/live/,https://api.monid.ai/public/v1/providers/dataforseo/endpoints/ai/gemini-response
dataforseo,/ai/gemini-search,Gemini Search Answer,POST,"{""type"":""PER_CALL"",""amount"":{""value"":0.004,""currency"":""USD""}}",verified,ai-search|dataforseo|geo,,eip155:8453|eip155:143,,False,https://docs.dataforseo.com/v3/ai_optimization/gemini/llm_scraper/live/advanced/,https://api.monid.ai/public/v1/providers/dataforseo/endpoints/ai/gemini-search
dataforseo,/ai/keyword-filters,AI Keyword Filter Fields,GET,"{""type"":""PER_CALL"",""amount"":{""value"":0,""currency"":""USD""}}",verified,dataforseo|geo,,eip155:8453|eip155:143,,False,https://docs.dataforseo.com/v3/ai_optimization/ai_keyword_data/available_filters/,https://api.monid.ai/public/v1/providers/dataforseo/endpoints/ai/keyword-filters
dataforseo,/ai/keyword-locations,AI Keyword Locations,GET,"{""type"":""PER_CALL"",""amount"":{""value"":0,""currency"":""USD""}}",verified,dataforseo|geo,,eip155:8453|eip155:143,,False,https://docs.dataforseo.com/v3/ai_optimization/ai_keyword_data/locations_and_languages/,https://api.monid.ai/public/v1/providers/dataforseo/endpoints/ai/keyword-locations
dataforseo,/ai/keyword-search-volume,AI Search Volume,POST,"{""type"":""PER_RESULT"",""amount"":{""value"":0.0001,""currency"":""USD""},""flatFee"":{""value"":0.01,""currency"":""USD""}}",verified,dataforseo|geo,,eip155:8453|eip155:143,,False,https://docs.dataforseo.com/v3/ai_optimization/ai_keyword_data/keywords_search_volume/live/,https://api.monid.ai/public/v1/providers/dataforseo/endpoints/ai/keyword-search-volume
dataforseo,/ai/mentions-filters,AI Mentions Filter Fields,GET,"{""type"":""PER_CALL"",""amount"":{""value"":0,""currency"":""USD""}}",verified,dataforseo|geo,,eip155:8453|eip155:143,,False,https://docs.dataforseo.com/v3/ai_optimization/llm_mentions/available_filters/,https://api.monid.ai/public/v1/providers/dataforseo/endpoints/ai/mentions-filters
dataforseo,/ai/mentions-historical,AI Mention History,POST,"{""type"":""PER_RESULT"",""amount"":{""value"":0.001,""currency"":""USD""},""flatFee"":{""value"":0.1,""currency"":""USD""}}",verified,dataforseo|geo,,eip155:8453|eip155:143,,False,https://docs.dataforseo.com/v3/ai_optimization/llm_mentions/historical/live/,https://api.monid.ai/public/v1/providers/dataforseo/endpoints/ai/mentions-historical
dataforseo,/ai/mentions-locations,AI Mentions Locations,GET,"{""type"":""PER_CALL"",""amount"":{""value"":0,""currency"":""USD""}}",verified,dataforseo|geo,,eip155:8453|eip155:143,,False,https://docs.dataforseo.com/v3/ai_optimization/llm_mentions/locations_and_languages/,https://api.monid.ai/public/v1/providers/dataforseo/endpoints/ai/mentions-locations
dataforseo,/ai/mentions-multi-target-metrics,Compare AI Mentions,POST,"{""type"":""PER_RESULT"",""amount"":{""value"":0.001,""currency"":""USD""},""flatFee"":{""value"":0.1,""currency"":""USD""}}",verified,dataforseo|geo,,eip155:8453|eip155:143,,False,https://docs.dataforseo.com/v3/ai_optimization/llm_mentions/multi_target_metrics/live/,https://api.monid.ai/public/v1/providers/dataforseo/endpoints/ai/mentions-multi-target-metrics
dataforseo,/ai/mentions-search,Search AI Mentions,POST,"{""type"":""PER_RESULT"",""amount"":{""value"":0.001,""currency"":""USD""},""flatFee"":{""value"":0.1,""currency"":""USD""}}",verified,dataforseo|geo,,eip155:8453|eip155:143,,False,https://docs.dataforseo.com/v3/ai_optimization/llm_mentions/search_mentions/live/,https://api.monid.ai/public/v1/providers/dataforseo/endpoints/ai/mentions-search
dataforseo,/ai/mentions-target-metrics,AI Mention Metrics,POST,"{""type"":""PER_RESULT"",""amount"":{""value"":0.001,""currency"":""USD""},""flatFee"":{""value"":0.1,""currency"":""USD""}}",verified,dataforseo|geo,,eip155:8453|eip155:143,,False,https://docs.dataforseo.com/v3/ai_optimization/llm_mentions/target_metrics/live/,https://api.monid.ai/public/v1/providers/dataforseo/endpoints/ai/mentions-target-metrics
dataforseo,/ai/mentions-timeseries-delta,AI Mention Changes,POST,"{""type"":""PER_RESULT"",""amount"":{""value"":0.001,""currency"":""USD""},""flatFee"":{""value"":0.1,""currency"":""USD""}}",verified,dataforseo|geo,,eip155:8453|eip155:143,,False,https://docs.dataforseo.com/v3/ai_optimization/llm_mentions/timeseries_delta/live/,https://api.monid.ai/public/v1/providers/dataforseo/endpoints/ai/mentions-timeseries-delta
dataforseo,/ai/mentions-timeseries-new-lost,New Lost AI Mentions,POST,"{""type"":""PER_RESULT"",""amount"":{""value"":0.001,""currency"":""USD""},""flatFee"":{""value"":0.1,""currency"":""USD""}}",verified,dataforseo|geo,,eip155:8453|eip155:143,,False,https://docs.dataforseo.com/v3/ai_optimization/llm_mentions/timeseries_new_lost/live/,https://api.monid.ai/public/v1/providers/dataforseo/endpoints/ai/mentions-timeseries-new-lost
dataforseo,/ai/mentions-top-brand-categories,Top AI-Mentioned Categories,POST,"{""type"":""PER_RESULT"",""amount"":{""value"":0.001,""currency"":""USD""},""flatFee"":{""value"":0.1,""currency"":""USD""}}",verified,dataforseo|geo,,eip155:8453|eip155:143,,False,https://docs.dataforseo.com/v3/ai_optimization/llm_mentions/top_mentioned_brand_categories/live/,https://api.monid.ai/public/v1/providers/dataforseo/endpoints/ai/mentions-top-brand-categories
dataforseo,/ai/mentions-top-brands,Top AI-Mentioned Brands,POST,"{""type"":""PER_RESULT"",""amount"":{""value"":0.001,""currency"":""USD""},""flatFee"":{""value"":0.1,""currency"":""USD""}}",verified,dataforseo|geo,,eip155:8453|eip155:143,,False,https://docs.dataforseo.com/v3/ai_optimization/llm_mentions/top_mentioned_brands/live/,https://api.monid.ai/public/v1/providers/dataforseo/endpoints/ai/mentions-top-brands
dataforseo,/ai/mentions-top-domains,Top AI-Cited Domains,POST,"{""type"":""PER_RESULT"",""amount"":{""value"":0.001,""currency"":""USD""},""flatFee"":{""value"":0.1,""currency"":""USD""}}",verified,dataforseo|geo,,eip155:8453|eip155:143,,False,https://docs.dataforseo.com/v3/ai_optimization/llm_mentions/top_mentioned_domains/live/,https://api.monid.ai/public/v1/providers/dataforseo/endpoints/ai/mentions-top-domains
dataforseo,/ai/mentions-top-pages,Top AI-Cited Pages,POST,"{""type"":""PER_RESULT"",""amount"":{""value"":0.001,""currency"":""USD""},""flatFee"":{""value"":0.1,""currency"":""USD""}}",verified,dataforseo|geo,,eip155:8453|eip155:143,,False,https://docs.dataforseo.com/v3/ai_optimization/llm_mentions/top_mentioned_pages/live/,https://api.monid.ai/public/v1/providers/dataforseo/endpoints/ai/mentions-top-pages
dataforseo,/ai/perplexity-models,Perplexity Models,GET,"{""type"":""PER_CALL"",""amount"":{""value"":0,""currency"":""USD""}}",verified,dataforseo|geo,,eip155:8453|eip155:143,,False,https://docs.dataforseo.com/v3/ai_optimization/perplexity/llm_responses/models/,https://api.monid.ai/public/v1/providers/dataforseo/endpoints/ai/perplexity-models
dataforseo,/ai/perplexity-response,Ask Perplexity,POST,"{""type"":""PER_CALL"",""amount"":{""value"":0.0006,""currency"":""USD""}}",verified,dataforseo|geo,,eip155:8453|eip155:143,,False,https://docs.dataforseo.com/v3/ai_optimization/perplexity/llm_responses/live/,https://api.monid.ai/public/v1/providers/dataforseo/endpoints/ai/perplexity-response
dataforseo,/amazon/asin,Amazon Product Details,POST,"{""type"":""PER_CALL"",""amount"":{""value"":0.005,""currency"":""USD""}}",verified,amazon|dataforseo,,eip155:8453|eip155:143,,False,https://docs.dataforseo.com/v3/merchant/amazon/asin/live/advanced/,https://api.monid.ai/public/v1/providers/dataforseo/endpoints/amazon/asin
dataforseo,/amazon/locations,Amazon Locations,GET,"{""type"":""PER_CALL"",""amount"":{""value"":0,""currency"":""USD""}}",verified,amazon|dataforseo,,eip155:8453|eip155:143,,False,https://docs.dataforseo.com/v3/merchant/amazon/locations/{country}/,https://api.monid.ai/public/v1/providers/dataforseo/endpoints/amazon/locations
dataforseo,/amazon/products,Amazon Product Search,POST,"{""type"":""PER_CALL"",""amount"":{""value"":0.0033,""currency"":""USD""}}",verified,amazon|dataforseo,,eip155:8453|eip155:143,,False,https://docs.dataforseo.com/v3/merchant/amazon/products/live/advanced/,https://api.monid.ai/public/v1/providers/dataforseo/endpoints/amazon/products
dataforseo,/amazon/sellers,Amazon Product Sellers,POST,"{""type"":""PER_CALL"",""amount"":{""value"":0.0033,""currency"":""USD""}}",verified,amazon|dataforseo,,eip155:8453|eip155:143,,False,https://docs.dataforseo.com/v3/merchant/amazon/sellers/live/advanced/,https://api.monid.ai/public/v1/providers/dataforseo/endpoints/amazon/sellers
dataforseo,/app-store/app-info,App Store App Details,POST,"{""type"":""PER_CALL"",""amount"":{""value"":0.0012,""currency"":""USD""}}",verified,app-stores|dataforseo,,eip155:8453|eip155:143,,False,https://docs.dataforseo.com/v3/app_data/apple/app_info/task_post/,https://api.monid.ai/public/v1/providers/dataforseo/endpoints/app-store/app-info
dataforseo,/app-store/app-list,App Store Top Charts,POST,"{""type"":""PER_CALL"",""amount"":{""value"":0.0024,""currency"":""USD""}}",verified,app-stores|dataforseo,,eip155:8453|eip155:143,,False,https://docs.dataforseo.com/v3/app_data/apple/app_list/task_post/,https://api.monid.ai/public/v1/providers/dataforseo/endpoints/app-store/app-list
dataforseo,/app-store/app-reviews,App Store App Reviews,POST,"{""type"":""PER_CALL"",""amount"":{""value"":0.0015,""currency"":""USD""}}",verified,app-stores|dataforseo,,eip155:8453|eip155:143,,False,https://docs.dataforseo.com/v3/app_data/apple/app_reviews/task_post/,https://api.monid.ai/public/v1/providers/dataforseo/endpoints/app-store/app-reviews
dataforseo,/app-store/categories,App Store Categories,GET,"{""type"":""PER_CALL"",""amount"":{""value"":0,""currency"":""USD""}}",verified,app-stores|dataforseo,,eip155:8453|eip155:143,,False,https://docs.dataforseo.com/v3/app_data/apple/categories/,https://api.monid.ai/public/v1/providers/dataforseo/endpoints/app-store/categories
dataforseo,/app-store/listing-categories,App Store Listing Categories,GET,"{""type"":""PER_CALL"",""amount"":{""value"":0,""currency"":""USD""}}",verified,app-stores|dataforseo,,eip155:8453|eip155:143,,False,https://docs.dataforseo.com/v3/app_data/apple/app_listings/categories/,https://api.monid.ai/public/v1/providers/dataforseo/endpoints/app-store/listing-categories
dataforseo,/app-store/listings,App Store App Database,POST,"{""type"":""PER_RESULT"",""amount"":{""value"":0.001,""currency"":""USD""},""flatFee"":{""value"":0.1,""currency"":""USD""}}",verified,app-stores|dataforseo,,eip155:8453|eip155:143,,False,https://docs.dataforseo.com/v3/app_data/apple/app_listings/search/live/,https://api.monid.ai/public/v1/providers/dataforseo/endpoints/app-store/listings
dataforseo,/app-store/search,App Store Search,POST,"{""type"":""PER_CALL"",""amount"":{""value"":0.0024,""currency"":""USD""}}",verified,app-stores|dataforseo,,eip155:8453|eip155:143,,False,https://docs.dataforseo.com/v3/app_data/apple/app_searches/task_post/,https://api.monid.ai/public/v1/providers/dataforseo/endpoints/app-store/search
dataforseo,/backlinks/anchors,Backlink Anchors,POST,"{""type"":""PER_RESULT"",""amount"":{""value"":3.6e-05,""currency"":""USD""},""flatFee"":{""value"":0.024,""currency"":""USD""}}",verified,dataforseo|seo,,eip155:8453|eip155:143,,False,https://docs.dataforseo.com/v3/backlinks/anchors/live/,https://api.monid.ai/public/v1/providers/dataforseo/endpoints/backlinks/anchors
dataforseo,/backlinks/backlinks,Backlink List,POST,"{""type"":""PER_RESULT"",""amount"":{""value"":3.6e-05,""currency"":""USD""},""flatFee"":{""value"":0.024,""currency"":""USD""}}",verified,dataforseo|seo,,eip155:8453|eip155:143,,False,https://docs.dataforseo.com/v3/backlinks/backlinks/live/,https://api.monid.ai/public/v1/providers/dataforseo/endpoints/backlinks/backlinks
dataforseo,/backlinks/bulk-backlinks,Bulk Backlink Counts,POST,"{""type"":""PER_RESULT"",""amount"":{""value"":3.6e-05,""currency"":""USD""},""flatFee"":{""value"":0.024,""currency"":""USD""}}",verified,dataforseo|seo,,eip155:8453|eip155:143,,False,https://docs.dataforseo.com/v3/backlinks/bulk_backlinks/live/,https://api.monid.ai/public/v1/providers/dataforseo/endpoints/backlinks/bulk-backlinks
dataforseo,/backlinks/bulk-new-lost-backlinks,Bulk New Lost Backlinks,POST,"{""type"":""PER_RESULT"",""amount"":{""value"":3.6e-05,""currency"":""USD""},""flatFee"":{""value"":0.024,""currency"":""USD""}}",verified,dataforseo|seo,,eip155:8453|eip155:143,,False,https://docs.dataforseo.com/v3/backlinks/bulk_new_lost_backlinks/live/,https://api.monid.ai/public/v1/providers/dataforseo/endpoints/backlinks/bulk-new-lost-backlinks
dataforseo,/backlinks/bulk-new-lost-referring-domains,Bulk New Lost Domains,POST,"{""type"":""PER_RESULT"",""amount"":{""value"":3.6e-05,""currency"":""USD""},""flatFee"":{""value"":0.024,""currency"":""USD""}}",verified,dataforseo|seo,,eip155:8453|eip155:143,,False,https://docs.dataforseo.com/v3/backlinks/bulk_new_lost_referring_domains/live/,https://api.monid.ai/public/v1/providers/dataforseo/endpoints/backlinks/bulk-new-lost-referring-domains
dataforseo,/backlinks/bulk-pages-summary,Bulk Page Summaries,POST,"{""type"":""PER_RESULT"",""amount"":{""value"":3.6e-05,""currency"":""USD""},""flatFee"":{""value"":0.024,""currency"":""USD""}}",verified,dataforseo|seo,,eip155:8453|eip155:143,,False,https://docs.dataforseo.com/v3/backlinks/bulk_pages_summary/live/,https://api.monid.ai/public/v1/providers/dataforseo/endpoints/backlinks/bulk-pages-summary
dataforseo,/backlinks/bulk-ranks,Bulk Domain Ranks,POST,"{""type"":""PER_RESULT"",""amount"":{""value"":3.6e-05,""currency"":""USD""},""flatFee"":{""value"":0.024,""currency"":""USD""}}",verified,dataforseo|seo,,eip155:8453|eip155:143,,False,https://docs.dataforseo.com/v3/backlinks/bulk_ranks/live/,https://api.monid.ai/public/v1/providers/dataforseo/endpoints/backlinks/bulk-ranks
dataforseo,/backlinks/bulk-referring-domains,Bulk Referring Domains,POST,"{""type"":""PER_RESULT"",""amount"":{""value"":3.6e-05,""currency"":""USD""},""flatFee"":{""value"":0.024,""currency"":""USD""}}",verified,dataforseo|seo,,eip155:8453|eip155:143,,False,https://docs.dataforseo.com/v3/backlinks/bulk_referring_domains/live/,https://api.monid.ai/public/v1/providers/dataforseo/endpoints/backlinks/bulk-referring-domains
dataforseo,/backlinks/bulk-spam-score,Bulk Spam Scores,POST,"{""type"":""PER_RESULT"",""amount"":{""value"":3.6e-05,""currency"":""USD""},""flatFee"":{""value"":0.024,""currency"":""USD""}}",verified,dataforseo|seo,,eip155:8453|eip155:143,,False,https://docs.dataforseo.com/v3/backlinks/bulk_spam_score/live/,https://api.monid.ai/public/v1/providers/dataforseo/endpoints/backlinks/bulk-spam-score
dataforseo,/backlinks/competitors,Backlink Competitors,POST,"{""type"":""PER_RESULT"",""amount"":{""value"":3.6e-05,""currency"":""USD""},""flatFee"":{""value"":0.024,""currency"":""USD""}}",verified,dataforseo|seo,,eip155:8453|eip155:143,,False,https://docs.dataforseo.com/v3/backlinks/competitors/live/,https://api.monid.ai/public/v1/providers/dataforseo/endpoints/backlinks/competitors
dataforseo,/backlinks/domain-intersection,Referring Domain Intersection,POST,"{""type"":""PER_RESULT"",""amount"":{""value"":3.6e-05,""currency"":""USD""},""flatFee"":{""value"":0.024,""currency"":""USD""}}",verified,dataforseo|seo,,eip155:8453|eip155:143,,False,https://docs.dataforseo.com/v3/backlinks/domain_intersection/live/,https://api.monid.ai/public/v1/providers/dataforseo/endpoints/backlinks/domain-intersection
dataforseo,/backlinks/domain-pages,Most Linked Pages,POST,"{""type"":""PER_RESULT"",""amount"":{""value"":3.6e-05,""currency"":""USD""},""flatFee"":{""value"":0.024,""currency"":""USD""}}",verified,dataforseo|seo,,eip155:8453|eip155:143,,False,https://docs.dataforseo.com/v3/backlinks/domain_pages/live/,https://api.monid.ai/public/v1/providers/dataforseo/endpoints/backlinks/domain-pages
dataforseo,/backlinks/domain-pages-summary,Page Backlink Summaries,POST,"{""type"":""PER_RESULT"",""amount"":{""value"":3.6e-05,""currency"":""USD""},""flatFee"":{""value"":0.024,""currency"":""USD""}}",verified,dataforseo|seo,,eip155:8453|eip155:143,,False,https://docs.dataforseo.com/v3/backlinks/domain_pages_summary/live/,https://api.monid.ai/public/v1/providers/dataforseo/endpoints/backlinks/domain-pages-summary
dataforseo,/backlinks/filters,Backlink Filter Fields,GET,"{""type"":""PER_CALL"",""amount"":{""value"":0,""currency"":""USD""}}",verified,dataforseo|seo,,eip155:8453|eip155:143,,False,https://docs.dataforseo.com/v3/backlinks/available_filters/,https://api.monid.ai/public/v1/providers/dataforseo/endpoints/backlinks/filters
dataforseo,/backlinks/history,Backlink History,POST,"{""type"":""PER_RESULT"",""amount"":{""value"":3.6e-05,""currency"":""USD""},""flatFee"":{""value"":0.024,""currency"":""USD""}}",verified,dataforseo|seo,,eip155:8453|eip155:143,,False,https://docs.dataforseo.com/v3/backlinks/history/live/,https://api.monid.ai/public/v1/providers/dataforseo/endpoints/backlinks/history
dataforseo,/backlinks/index,Backlink Index Stats,GET,"{""type"":""PER_CALL"",""amount"":{""value"":0,""currency"":""USD""}}",verified,dataforseo|seo,,eip155:8453|eip155:143,,False,https://docs.dataforseo.com/v3/backlinks/index/,https://api.monid.ai/public/v1/providers/dataforseo/endpoints/backlinks/index
dataforseo,/backlinks/page-intersection,Referring Page Intersection,POST,"{""type"":""PER_RESULT"",""amount"":{""value"":3.6e-05,""currency"":""USD""},""flatFee"":{""value"":0.024,""currency"":""USD""}}",verified,dataforseo|seo,,eip155:8453|eip155:143,,False,https://docs.dataforseo.com/v3/backlinks/page_intersection/live/,https://api.monid.ai/public/v1/providers/dataforseo/endpoints/backlinks/page-intersection
dataforseo,/backlinks/referring-domains,Referring Domains,POST,"{""type"":""PER_RESULT"",""amount"":{""value"":3.6e-05,""currency"":""USD""},""flatFee"":{""value"":0.024,""currency"":""USD""}}",verified,dataforseo|seo,,eip155:8453|eip155:143,,False,https://docs.dataforseo.com/v3/backlinks/referring_domains/live/,https://api.monid.ai/public/v1/providers/dataforseo/endpoints/backlinks/referring-domains
dataforseo,/backlinks/referring-networks,Referring Networks,POST,"{""type"":""PER_RESULT"",""amount"":{""value"":3.6e-05,""currency"":""USD""},""flatFee"":{""value"":0.024,""currency"":""USD""}}",verified,dataforseo|seo,,eip155:8453|eip155:143,,False,https://docs.dataforseo.com/v3/backlinks/referring_networks/live/,https://api.monid.ai/public/v1/providers/dataforseo/endpoints/backlinks/referring-networks
dataforseo,/backlinks/summary,Backlink Summary,POST,"{""type"":""PER_RESULT"",""amount"":{""value"":3.6e-05,""currency"":""USD""},""flatFee"":{""value"":0.024,""currency"":""USD""}}",verified,dataforseo|seo,,eip155:8453|eip155:143,,False,https://docs.dataforseo.com/v3/backlinks/summary/live/,https://api.monid.ai/public/v1/providers/dataforseo/endpoints/backlinks/summary
dataforseo,/backlinks/timeseries-new-lost,New and Lost Backlinks,POST,"{""type"":""PER_RESULT"",""amount"":{""value"":3.6e-05,""currency"":""USD""},""flatFee"":{""value"":0.024,""currency"":""USD""}}",verified,dataforseo|seo,,eip155:8453|eip155:143,,False,https://docs.dataforseo.com/v3/backlinks/timeseries_new_lost_summary/live/,https://api.monid.ai/public/v1/providers/dataforseo/endpoints/backlinks/timeseries-new-lost
dataforseo,/backlinks/timeseries-summary,Backlink Timeseries,POST,"{""type"":""PER_RESULT"",""amount"":{""value"":3.6e-05,""currency"":""USD""},""flatFee"":{""value"":0.024,""currency"":""USD""}}",verified,dataforseo|seo,,eip155:8453|eip155:143,,False,https://docs.dataforseo.com/v3/backlinks/timeseries_summary/live/,https://api.monid.ai/public/v1/providers/dataforseo/endpoints/backlinks/timeseries-summary
dataforseo,/business/categories,Business Categories,GET,"{""type"":""PER_CALL"",""amount"":{""value"":0,""currency"":""USD""}}",verified,dataforseo|maps,,eip155:8453|eip155:143,,False,https://docs.dataforseo.com/v3/business_data/business_listings/categories/,https://api.monid.ai/public/v1/providers/dataforseo/endpoints/business/categories
dataforseo,/business/listing-categories,Business Category Counts,POST,"{""type"":""PER_RESULT"",""amount"":{""value"":0.00036,""currency"":""USD""},""flatFee"":{""value"":0.012,""currency"":""USD""}}",verified,dataforseo|maps,,eip155:8453|eip155:143,,False,https://docs.dataforseo.com/v3/business_data/business_listings/categories_aggregation/live/,https://api.monid.ai/public/v1/providers/dataforseo/endpoints/business/listing-categories
dataforseo,/business/listing-filters,Listing Filter Fields,GET,"{""type"":""PER_CALL"",""amount"":{""value"":0,""currency"":""USD""}}",verified,dataforseo|maps,,eip155:8453|eip155:143,,False,https://docs.dataforseo.com/v3/business_data/business_listings/available_filters/,https://api.monid.ai/public/v1/providers/dataforseo/endpoints/business/listing-filters
dataforseo,/business/listings,Business Listings Search,POST,"{""type"":""PER_RESULT"",""amount"":{""value"":0.00036,""currency"":""USD""},""flatFee"":{""value"":0.012,""currency"":""USD""}}",verified,dataforseo|maps,,eip155:8453|eip155:143,,False,https://docs.dataforseo.com/v3/business_data/business_listings/search/live/,https://api.monid.ai/public/v1/providers/dataforseo/endpoints/business/listings
dataforseo,/content/categories,Content Categories,GET,"{""type"":""PER_CALL"",""amount"":{""value"":0,""currency"":""USD""}}",verified,dataforseo|news-search,,eip155:8453|eip155:143,,False,https://docs.dataforseo.com/v3/content_analysis/categories/,https://api.monid.ai/public/v1/providers/dataforseo/endpoints/content/categories
dataforseo,/content/category-trends,Category Mention Trends,POST,"{""type"":""PER_RESULT"",""amount"":{""value"":3.6e-05,""currency"":""USD""},""flatFee"":{""value"":0.024,""currency"":""USD""}}",verified,dataforseo|news-search,,eip155:8453|eip155:143,,False,https://docs.dataforseo.com/v3/content_analysis/category_trends/live/,https://api.monid.ai/public/v1/providers/dataforseo/endpoints/content/category-trends
dataforseo,/content/filters,Content Filter Fields,GET,"{""type"":""PER_CALL"",""amount"":{""value"":0,""currency"":""USD""}}",verified,dataforseo|news-search,,eip155:8453|eip155:143,,False,https://docs.dataforseo.com/v3/content_analysis/available_filters/,https://api.monid.ai/public/v1/providers/dataforseo/endpoints/content/filters
dataforseo,/content/phrase-trends,Mention Trends,POST,"{""type"":""PER_RESULT"",""amount"":{""value"":3.6e-05,""currency"":""USD""},""flatFee"":{""value"":0.024,""currency"":""USD""}}",verified,dataforseo|news-search,,eip155:8453|eip155:143,,False,https://docs.dataforseo.com/v3/content_analysis/phrase_trends/live/,https://api.monid.ai/public/v1/providers/dataforseo/endpoints/content/phrase-trends
dataforseo,/content/rating-distribution,Mention Rating Distribution,POST,"{""type"":""PER_CALL"",""amount"":{""value"":0.024,""currency"":""USD""}}",verified,dataforseo|news-search,,eip155:8453|eip155:143,,False,https://docs.dataforseo.com/v3/content_analysis/rating_distribution/live/,https://api.monid.ai/public/v1/providers/dataforseo/endpoints/content/rating-distribution
dataforseo,/content/search,Search Web Mentions,POST,"{""type"":""PER_RESULT"",""amount"":{""value"":3.6e-05,""currency"":""USD""},""flatFee"":{""value"":0.024,""currency"":""USD""}}",verified,dataforseo|news-search,,eip155:8453|eip155:143,,False,https://docs.dataforseo.com/v3/content_analysis/search/live/,https://api.monid.ai/public/v1/providers/dataforseo/endpoints/content/search
dataforseo,/content/sentiment,Mention Sentiment,POST,"{""type"":""PER_RESULT"",""amount"":{""value"":3.6e-05,""currency"":""USD""},""flatFee"":{""value"":0.024,""currency"":""USD""}}",verified,dataforseo|news-search,,eip155:8453|eip155:143,,False,https://docs.dataforseo.com/v3/content_analysis/sentiment_analysis/live/,https://api.monid.ai/public/v1/providers/dataforseo/endpoints/content/sentiment
dataforseo,/content/summary,Mention Summary,POST,"{""type"":""PER_RESULT"",""amount"":{""value"":3.6e-05,""currency"":""USD""},""flatFee"":{""value"":0.024,""currency"":""USD""}}",verified,dataforseo|news-search,,eip155:8453|eip155:143,,False,https://docs.dataforseo.com/v3/content_analysis/summary/live/,https://api.monid.ai/public/v1/providers/dataforseo/endpoints/content/summary
dataforseo,/domain/domain-technologies,Website Technologies,POST,"{""type"":""PER_CALL"",""amount"":{""value"":0.012,""currency"":""USD""}}",verified,company-enrichment|dataforseo,,eip155:8453|eip155:143,,False,https://docs.dataforseo.com/v3/domain_analytics/technologies/domain_technologies/live/,https://api.monid.ai/public/v1/providers/dataforseo/endpoints/domain/domain-technologies
dataforseo,/domain/domains-by-html-terms,Domains by HTML Terms,POST,"{""type"":""PER_RESULT"",""amount"":{""value"":0.0012,""currency"":""USD""},""flatFee"":{""value"":0.012,""currency"":""USD""}}",verified,company-enrichment|dataforseo,,eip155:8453|eip155:143,,False,https://docs.dataforseo.com/v3/domain_analytics/technologies/domains_by_html_terms/live/,https://api.monid.ai/public/v1/providers/dataforseo/endpoints/domain/domains-by-html-terms
dataforseo,/domain/domains-by-technology,Domains by Technology,POST,"{""type"":""PER_RESULT"",""amount"":{""value"":0.0012,""currency"":""USD""},""flatFee"":{""value"":0.012,""currency"":""USD""}}",verified,company-enrichment|dataforseo,,eip155:8453|eip155:143,,False,https://docs.dataforseo.com/v3/domain_analytics/technologies/domains_by_technology/live/,https://api.monid.ai/public/v1/providers/dataforseo/endpoints/domain/domains-by-technology
dataforseo,/domain/technologies-aggregation,Technology Co-usage,POST,"{""type"":""PER_RESULT"",""amount"":{""value"":0.0012,""currency"":""USD""},""flatFee"":{""value"":0.012,""currency"":""USD""}}",verified,company-enrichment|dataforseo,,eip155:8453|eip155:143,,False,https://docs.dataforseo.com/v3/domain_analytics/technologies/aggregation_technologies/live/,https://api.monid.ai/public/v1/providers/dataforseo/endpoints/domain/technologies-aggregation
dataforseo,/domain/technologies-summary,Technology Usage Summary,POST,"{""type"":""PER_RESULT"",""amount"":{""value"":0.0012,""currency"":""USD""},""flatFee"":{""value"":0.012,""currency"":""USD""}}",verified,company-enrichment|dataforseo,,eip155:8453|eip155:143,,False,https://docs.dataforseo.com/v3/domain_analytics/technologies/technologies_summary/live/,https://api.monid.ai/public/v1/providers/dataforseo/endpoints/domain/technologies-summary
dataforseo,/domain/technology-catalog,Technology Catalog,GET,"{""type"":""PER_CALL"",""amount"":{""value"":0,""currency"":""USD""}}",verified,company-enrichment|dataforseo,,eip155:8453|eip155:143,,False,https://docs.dataforseo.com/v3/domain_analytics/technologies/technologies/,https://api.monid.ai/public/v1/providers/dataforseo/endpoints/domain/technology-catalog
dataforseo,/domain/technology-filters,Technology Filter Fields,GET,"{""type"":""PER_CALL"",""amount"":{""value"":0,""currency"":""USD""}}",verified,company-enrichment|dataforseo,,eip155:8453|eip155:143,,False,https://docs.dataforseo.com/v3/domain_analytics/technologies/available_filters/,https://api.monid.ai/public/v1/providers/dataforseo/endpoints/domain/technology-filters
dataforseo,/domain/technology-stats,Technology Adoption Stats,POST,"{""type"":""PER_RESULT"",""amount"":{""value"":0.0012,""currency"":""USD""},""flatFee"":{""value"":0.012,""currency"":""USD""}}",verified,company-enrichment|dataforseo,,eip155:8453|eip155:143,,False,https://docs.dataforseo.com/v3/domain_analytics/technologies/technology_stats/live/,https://api.monid.ai/public/v1/providers/dataforseo/endpoints/domain/technology-stats
dataforseo,/domain/whois,Whois Domain Search,POST,"{""type"":""PER_RESULT"",""amount"":{""value"":0.0012,""currency"":""USD""},""flatFee"":{""value"":0.12,""currency"":""USD""}}",verified,dataforseo|seo,,eip155:8453|eip155:143,,False,https://docs.dataforseo.com/v3/domain_analytics/whois/overview/live/,https://api.monid.ai/public/v1/providers/dataforseo/endpoints/domain/whois
dataforseo,/domain/whois-filters,Whois Filter Fields,GET,"{""type"":""PER_CALL"",""amount"":{""value"":0,""currency"":""USD""}}",verified,dataforseo|seo,,eip155:8453|eip155:143,,False,https://docs.dataforseo.com/v3/domain_analytics/whois/available_filters/,https://api.monid.ai/public/v1/providers/dataforseo/endpoints/domain/whois-filters
dataforseo,/google-business/extended-reviews,Google Extended Reviews,POST,"{""type"":""PER_CALL"",""amount"":{""value"":0.0015,""currency"":""USD""}}",verified,dataforseo|maps,,eip155:8453|eip155:143,,False,https://docs.dataforseo.com/v3/business_data/google/extended_reviews/task_post/,https://api.monid.ai/public/v1/providers/dataforseo/endpoints/google-business/extended-reviews
dataforseo,/google-business/info,Google Business Profile,POST,"{""type"":""PER_CALL"",""amount"":{""value"":0.0054,""currency"":""USD""}}",verified,dataforseo|maps,,eip155:8453|eip155:143,,False,https://docs.dataforseo.com/v3/business_data/google/my_business_info/live/,https://api.monid.ai/public/v1/providers/dataforseo/endpoints/google-business/info
dataforseo,/google-business/locations,Google Business Locations,GET,"{""type"":""PER_CALL"",""amount"":{""value"":0,""currency"":""USD""}}",verified,dataforseo|maps,,eip155:8453|eip155:143,,False,https://docs.dataforseo.com/v3/business_data/google/locations/{country}/,https://api.monid.ai/public/v1/providers/dataforseo/endpoints/google-business/locations
dataforseo,/google-business/questions,Google Business Q&A,POST,"{""type"":""PER_CALL"",""amount"":{""value"":0.0054,""currency"":""USD""}}",verified,dataforseo|maps,,eip155:8453|eip155:143,,False,https://docs.dataforseo.com/v3/business_data/google/questions_and_answers/live/,https://api.monid.ai/public/v1/providers/dataforseo/endpoints/google-business/questions
dataforseo,/google-business/reviews,Google Business Reviews,POST,"{""type"":""PER_CALL"",""amount"":{""value"":0.0015,""currency"":""USD""}}",verified,dataforseo|maps,,eip155:8453|eip155:143,,False,https://docs.dataforseo.com/v3/business_data/google/reviews/task_post/,https://api.monid.ai/public/v1/providers/dataforseo/endpoints/google-business/reviews
dataforseo,/google-business/updates,Google Business Posts,POST,"{""type"":""PER_CALL"",""amount"":{""value"":0.0045,""currency"":""USD""}}",verified,dataforseo|maps,,eip155:8453|eip155:143,,False,https://docs.dataforseo.com/v3/business_data/google/my_business_updates/task_post/,https://api.monid.ai/public/v1/providers/dataforseo/endpoints/google-business/updates
dataforseo,/google-hotels/info,Google Hotel Details,POST,"{""type"":""PER_CALL"",""amount"":{""value"":0.004,""currency"":""USD""}}",verified,dataforseo|hotels,,eip155:8453|eip155:143,,False,https://docs.dataforseo.com/v3/business_data/google/hotel_info/live/advanced/,https://api.monid.ai/public/v1/providers/dataforseo/endpoints/google-hotels/info
dataforseo,/google-hotels/search,Google Hotels Search,POST,"{""type"":""PER_CALL"",""amount"":{""value"":0.004,""currency"":""USD""}}",verified,dataforseo|hotels,,eip155:8453|eip155:143,,False,https://docs.dataforseo.com/v3/business_data/google/hotel_searches/live/,https://api.monid.ai/public/v1/providers/dataforseo/endpoints/google-hotels/search
dataforseo,/google-play/app-info,Google Play App Details,POST,"{""type"":""PER_CALL"",""amount"":{""value"":0.0012,""currency"":""USD""}}",verified,app-stores|dataforseo,,eip155:8453|eip155:143,,False,https://docs.dataforseo.com/v3/app_data/google/app_info/task_post/,https://api.monid.ai/public/v1/providers/dataforseo/endpoints/google-play/app-info
dataforseo,/google-play/app-list,Google Play Top Charts,POST,"{""type"":""PER_CALL"",""amount"":{""value"":0.0024,""currency"":""USD""}}",verified,app-stores|dataforseo,,eip155:8453|eip155:143,,False,https://docs.dataforseo.com/v3/app_data/google/app_list/task_post/,https://api.monid.ai/public/v1/providers/dataforseo/endpoints/google-play/app-list
dataforseo,/google-play/app-reviews,Google Play App Reviews,POST,"{""type"":""PER_CALL"",""amount"":{""value"":0.0015,""currency"":""USD""}}",verified,app-stores|dataforseo,,eip155:8453|eip155:143,,False,https://docs.dataforseo.com/v3/app_data/google/app_reviews/task_post/,https://api.monid.ai/public/v1/providers/dataforseo/endpoints/google-play/app-reviews
dataforseo,/google-play/categories,Google Play Categories,GET,"{""type"":""PER_CALL"",""amount"":{""value"":0,""currency"":""USD""}}",verified,app-stores|dataforseo,,eip155:8453|eip155:143,,False,https://docs.dataforseo.com/v3/app_data/google/categories/,https://api.monid.ai/public/v1/providers/dataforseo/endpoints/google-play/categories
dataforseo,/google-play/listing-categories,Google Play Listing Categories,GET,"{""type"":""PER_CALL"",""amount"":{""value"":0,""currency"":""USD""}}",verified,app-stores|dataforseo,,eip155:8453|eip155:143,,False,https://docs.dataforseo.com/v3/app_data/google/app_listings/categories/,https://api.monid.ai/public/v1/providers/dataforseo/endpoints/google-play/listing-categories
dataforseo,/google-play/listings,Google Play App Database,POST,"{""type"":""PER_RESULT"",""amount"":{""value"":0.001,""currency"":""USD""},""flatFee"":{""value"":0.1,""currency"":""USD""}}",verified,app-stores|dataforseo,,eip155:8453|eip155:143,,False,https://docs.dataforseo.com/v3/app_data/google/app_listings/search/live/,https://api.monid.ai/public/v1/providers/dataforseo/endpoints/google-play/listings
dataforseo,/google-play/locations,Google Play Locations,GET,"{""type"":""PER_CALL"",""amount"":{""value"":0,""currency"":""USD""}}",verified,app-stores|dataforseo,,eip155:8453|eip155:143,,False,https://docs.dataforseo.com/v3/app_data/google/locations/{country}/,https://api.monid.ai/public/v1/providers/dataforseo/endpoints/google-play/locations
dataforseo,/google-play/search,Google Play Search,POST,"{""type"":""PER_CALL"",""amount"":{""value"":0.0024,""currency"":""USD""}}",verified,app-stores|dataforseo,,eip155:8453|eip155:143,,False,https://docs.dataforseo.com/v3/app_data/google/app_searches/task_post/,https://api.monid.ai/public/v1/providers/dataforseo/endpoints/google-play/search
dataforseo,/google-shopping/locations,Google Shopping Locations,GET,"{""type"":""PER_CALL"",""amount"":{""value"":0,""currency"":""USD""}}",verified,dataforseo|google-shopping,,eip155:8453|eip155:143,,False,https://docs.dataforseo.com/v3/merchant/google/locations/{country}/,https://api.monid.ai/public/v1/providers/dataforseo/endpoints/google-shopping/locations
dataforseo,/google-shopping/product-info,Google Shopping Product,POST,"{""type"":""PER_CALL"",""amount"":{""value"":0.002,""currency"":""USD""}}",verified,dataforseo|google-shopping,,eip155:8453|eip155:143,,False,https://docs.dataforseo.com/v3/merchant/google/product_info/task_post/,https://api.monid.ai/public/v1/providers/dataforseo/endpoints/google-shopping/product-info
dataforseo,/google-shopping/products,Google Shopping Search,POST,"{""type"":""PER_CALL"",""amount"":{""value"":0.002,""currency"":""USD""}}",verified,dataforseo|google-shopping,,eip155:8453|eip155:143,,False,https://docs.dataforseo.com/v3/merchant/google/products/task_post/,https://api.monid.ai/public/v1/providers/dataforseo/endpoints/google-shopping/products
dataforseo,/google-shopping/seller-ad-url,Resolve Shopping Ad Link,GET,"{""type"":""PER_CALL"",""amount"":{""value"":1e-06,""currency"":""USD""}}",verified,dataforseo|google-shopping,,eip155:8453|eip155:143,,False,https://docs.dataforseo.com/v3/merchant/google/sellers/ad_url/{shop_ad_aclk}/,https://api.monid.ai/public/v1/providers/dataforseo/endpoints/google-shopping/seller-ad-url
dataforseo,/google-shopping/sellers,Google Shopping Sellers,POST,"{""type"":""PER_CALL"",""amount"":{""value"":0.002,""currency"":""USD""}}",verified,dataforseo|google-shopping,,eip155:8453|eip155:143,,False,https://docs.dataforseo.com/v3/merchant/google/sellers/task_post/,https://api.monid.ai/public/v1/providers/dataforseo/endpoints/google-shopping/sellers
dataforseo,/keywords/bing-audience-estimation,Bing Audience Estimation,POST,"{""type"":""PER_CALL"",""amount"":{""value"":0.09,""currency"":""USD""}}",verified,dataforseo|seo,,eip155:8453|eip155:143,,False,https://docs.dataforseo.com/v3/keywords_data/bing/audience_estimation/live/,https://api.monid.ai/public/v1/providers/dataforseo/endpoints/keywords/bing-audience-estimation
dataforseo,/keywords/bing-industries,Bing Industries,GET,"{""type"":""PER_CALL"",""amount"":{""value"":0,""currency"":""USD""}}",verified,dataforseo|seo,,eip155:8453|eip155:143,,False,https://docs.dataforseo.com/v3/keywords_data/bing/audience_estimation/industries/,https://api.monid.ai/public/v1/providers/dataforseo/endpoints/keywords/bing-industries
dataforseo,/keywords/bing-job-functions,Bing Job Functions,GET,"{""type"":""PER_CALL"",""amount"":{""value"":0,""currency"":""USD""}}",verified,dataforseo|seo,,eip155:8453|eip155:143,,False,https://docs.dataforseo.com/v3/keywords_data/bing/audience_estimation/job_functions/,https://api.monid.ai/public/v1/providers/dataforseo/endpoints/keywords/bing-job-functions
dataforseo,/keywords/bing-keyword-performance,Bing Keyword Performance,POST,"{""type"":""PER_CALL"",""amount"":{""value"":0.09,""currency"":""USD""}}",verified,dataforseo|seo,,eip155:8453|eip155:143,,False,https://docs.dataforseo.com/v3/keywords_data/bing/keyword_performance/live/,https://api.monid.ai/public/v1/providers/dataforseo/endpoints/keywords/bing-keyword-performance
dataforseo,/keywords/bing-keyword-performance-locations,Bing Performance Locations,GET,"{""type"":""PER_CALL"",""amount"":{""value"":0,""currency"":""USD""}}",verified,dataforseo|seo,,eip155:8453|eip155:143,,False,https://docs.dataforseo.com/v3/keywords_data/bing/keyword_performance/locations_and_languages/,https://api.monid.ai/public/v1/providers/dataforseo/endpoints/keywords/bing-keyword-performance-locations
dataforseo,/keywords/bing-keywords-for-keywords,Bing Keyword Ideas,POST,"{""type"":""PER_CALL"",""amount"":{""value"":0.09,""currency"":""USD""}}",verified,dataforseo|seo,,eip155:8453|eip155:143,,False,https://docs.dataforseo.com/v3/keywords_data/bing/keywords_for_keywords/live/,https://api.monid.ai/public/v1/providers/dataforseo/endpoints/keywords/bing-keywords-for-keywords
dataforseo,/keywords/bing-keywords-for-site,Bing Keywords for Site,POST,"{""type"":""PER_CALL"",""amount"":{""value"":0.09,""currency"":""USD""}}",verified,dataforseo|seo,,eip155:8453|eip155:143,,False,https://docs.dataforseo.com/v3/keywords_data/bing/keywords_for_site/live/,https://api.monid.ai/public/v1/providers/dataforseo/endpoints/keywords/bing-keywords-for-site
dataforseo,/keywords/bing-search-volume,Bing Search Volume,POST,"{""type"":""PER_CALL"",""amount"":{""value"":0.09,""currency"":""USD""}}",verified,dataforseo|seo,,eip155:8453|eip155:143,,False,https://docs.dataforseo.com/v3/keywords_data/bing/search_volume/live/,https://api.monid.ai/public/v1/providers/dataforseo/endpoints/keywords/bing-search-volume
dataforseo,/keywords/bing-search-volume-history,Bing Search Volume History,POST,"{""type"":""PER_CALL"",""amount"":{""value"":0.09,""currency"":""USD""}}",verified,dataforseo|seo,,eip155:8453|eip155:143,,False,https://docs.dataforseo.com/v3/keywords_data/bing/search_volume_history/live/,https://api.monid.ai/public/v1/providers/dataforseo/endpoints/keywords/bing-search-volume-history
dataforseo,/keywords/bing-search-volume-history-locations,Bing History Locations,GET,"{""type"":""PER_CALL"",""amount"":{""value"":0,""currency"":""USD""}}",verified,dataforseo|seo,,eip155:8453|eip155:143,,False,https://docs.dataforseo.com/v3/keywords_data/bing/search_volume_history/locations_and_languages/,https://api.monid.ai/public/v1/providers/dataforseo/endpoints/keywords/bing-search-volume-history-locations
dataforseo,/keywords/clickstream-bulk-search-volume,Bulk Clickstream Volume,POST,"{""type"":""PER_RESULT"",""amount"":{""value"":0.00012,""currency"":""USD""},""flatFee"":{""value"":0.012,""currency"":""USD""}}",verified,dataforseo|seo,,eip155:8453|eip155:143,,False,https://docs.dataforseo.com/v3/keywords_data/clickstream_data/bulk_search_volume/live/,https://api.monid.ai/public/v1/providers/dataforseo/endpoints/keywords/clickstream-bulk-search-volume
dataforseo,/keywords/clickstream-global-search-volume,Global Search Volume,POST,"{""type"":""PER_CALL"",""amount"":{""value"":0.18,""currency"":""USD""}}",verified,dataforseo|seo,,eip155:8453|eip155:143,,False,https://docs.dataforseo.com/v3/keywords_data/clickstream_data/global_search_volume/live/,https://api.monid.ai/public/v1/providers/dataforseo/endpoints/keywords/clickstream-global-search-volume
dataforseo,/keywords/clickstream-locations,Clickstream Locations,GET,"{""type"":""PER_CALL"",""amount"":{""value"":0,""currency"":""USD""}}",verified,dataforseo|seo,,eip155:8453|eip155:143,,False,https://docs.dataforseo.com/v3/keywords_data/clickstream_data/locations_and_languages/,https://api.monid.ai/public/v1/providers/dataforseo/endpoints/keywords/clickstream-locations
dataforseo,/keywords/clickstream-search-volume,Clickstream Search Volume,POST,"{""type"":""PER_CALL"",""amount"":{""value"":0.18,""currency"":""USD""}}",verified,dataforseo|seo,,eip155:8453|eip155:143,,False,https://docs.dataforseo.com/v3/keywords_data/clickstream_data/dataforseo_search_volume/live/,https://api.monid.ai/public/v1/providers/dataforseo/endpoints/keywords/clickstream-search-volume
dataforseo,/keywords/google-ads-ad-traffic,Google Ads Traffic Forecast,POST,"{""type"":""PER_CALL"",""amount"":{""value"":0.09,""currency"":""USD""}}",verified,dataforseo|seo,,eip155:8453|eip155:143,,False,https://docs.dataforseo.com/v3/keywords_data/google_ads/ad_traffic_by_keywords/live/,https://api.monid.ai/public/v1/providers/dataforseo/endpoints/keywords/google-ads-ad-traffic
dataforseo,/keywords/google-ads-keywords-for-keywords,Google Ads Keyword Ideas,POST,"{""type"":""PER_CALL"",""amount"":{""value"":0.09,""currency"":""USD""}}",verified,dataforseo|seo,,eip155:8453|eip155:143,,False,https://docs.dataforseo.com/v3/keywords_data/google_ads/keywords_for_keywords/live/,https://api.monid.ai/public/v1/providers/dataforseo/endpoints/keywords/google-ads-keywords-for-keywords
dataforseo,/keywords/google-ads-keywords-for-site,Google Ads Site Keywords,POST,"{""type"":""PER_CALL"",""amount"":{""value"":0.09,""currency"":""USD""}}",verified,dataforseo|seo,,eip155:8453|eip155:143,,False,https://docs.dataforseo.com/v3/keywords_data/google_ads/keywords_for_site/live/,https://api.monid.ai/public/v1/providers/dataforseo/endpoints/keywords/google-ads-keywords-for-site
dataforseo,/keywords/google-ads-locations,Google Ads Locations,GET,"{""type"":""PER_CALL"",""amount"":{""value"":0,""currency"":""USD""}}",verified,dataforseo|seo,,eip155:8453|eip155:143,,False,https://docs.dataforseo.com/v3/keywords_data/google_ads/locations/{country}/,https://api.monid.ai/public/v1/providers/dataforseo/endpoints/keywords/google-ads-locations
dataforseo,/keywords/google-ads-search-volume,Google Ads Search Volume,POST,"{""type"":""PER_CALL"",""amount"":{""value"":0.09,""currency"":""USD""}}",verified,dataforseo|seo,,eip155:8453|eip155:143,,False,https://docs.dataforseo.com/v3/keywords_data/google_ads/search_volume/live/,https://api.monid.ai/public/v1/providers/dataforseo/endpoints/keywords/google-ads-search-volume
dataforseo,/keywords/google-trends-categories,Google Trends Categories,GET,"{""type"":""PER_CALL"",""amount"":{""value"":0,""currency"":""USD""}}",verified,dataforseo|seo,,eip155:8453|eip155:143,,False,https://docs.dataforseo.com/v3/keywords_data/google_trends/categories/,https://api.monid.ai/public/v1/providers/dataforseo/endpoints/keywords/google-trends-categories
dataforseo,/keywords/google-trends-explore,Google Trends,POST,"{""type"":""PER_CALL"",""amount"":{""value"":0.011,""currency"":""USD""}}",verified,dataforseo|seo,,eip155:8453|eip155:143,,False,https://docs.dataforseo.com/v3/keywords_data/google_trends/explore/live/,https://api.monid.ai/public/v1/providers/dataforseo/endpoints/keywords/google-trends-explore
dataforseo,/keywords/google-trends-locations,Google Trends Locations,GET,"{""type"":""PER_CALL"",""amount"":{""value"":0,""currency"":""USD""}}",verified,dataforseo|seo,,eip155:8453|eip155:143,,False,https://docs.dataforseo.com/v3/keywords_data/google_trends/locations/{country}/,https://api.monid.ai/public/v1/providers/dataforseo/endpoints/keywords/google-trends-locations
dataforseo,/keywords/trends-demography,Keyword Trend by Demographic,POST,"{""type"":""PER_CALL"",""amount"":{""value"":0.0024,""currency"":""USD""}}",verified,dataforseo|seo,,eip155:8453|eip155:143,,False,https://docs.dataforseo.com/v3/keywords_data/dataforseo_trends/demography/live/,https://api.monid.ai/public/v1/providers/dataforseo/endpoints/keywords/trends-demography
dataforseo,/keywords/trends-explore,Keyword Trend Explore,POST,"{""type"":""PER_CALL"",""amount"":{""value"":0.0012,""currency"":""USD""}}",verified,dataforseo|seo,,eip155:8453|eip155:143,,False,https://docs.dataforseo.com/v3/keywords_data/dataforseo_trends/explore/live/,https://api.monid.ai/public/v1/providers/dataforseo/endpoints/keywords/trends-explore
dataforseo,/keywords/trends-locations,Keyword Trend Locations,GET,"{""type"":""PER_CALL"",""amount"":{""value"":0,""currency"":""USD""}}",verified,dataforseo|seo,,eip155:8453|eip155:143,,False,https://docs.dataforseo.com/v3/keywords_data/dataforseo_trends/locations/{country}/,https://api.monid.ai/public/v1/providers/dataforseo/endpoints/keywords/trends-locations
dataforseo,/keywords/trends-merged,Keyword Trend Overview,POST,"{""type"":""PER_CALL"",""amount"":{""value"":0.006,""currency"":""USD""}}",verified,dataforseo|seo,,eip155:8453|eip155:143,,False,https://docs.dataforseo.com/v3/keywords_data/dataforseo_trends/merged_data/live/,https://api.monid.ai/public/v1/providers/dataforseo/endpoints/keywords/trends-merged
dataforseo,/keywords/trends-subregions,Keyword Trend by Region,POST,"{""type"":""PER_CALL"",""amount"":{""value"":0.0024,""currency"":""USD""}}",verified,dataforseo|seo,,eip155:8453|eip155:143,,False,https://docs.dataforseo.com/v3/keywords_data/dataforseo_trends/subregion_interests/live/,https://api.monid.ai/public/v1/providers/dataforseo/endpoints/keywords/trends-subregions
dataforseo,/labs/amazon-bulk-search-volume,Amazon Search Volume,POST,"{""type"":""PER_RESULT"",""amount"":{""value"":0.00012,""currency"":""USD""},""flatFee"":{""value"":0.012,""currency"":""USD""}}",verified,amazon|dataforseo,,eip155:8453|eip155:143,,False,https://docs.dataforseo.com/v3/dataforseo_labs/amazon/bulk_search_volume/live/,https://api.monid.ai/public/v1/providers/dataforseo/endpoints/labs/amazon-bulk-search-volume
dataforseo,/labs/amazon-product-competitors,Amazon Product Competitors,POST,"{""type"":""PER_RESULT"",""amount"":{""value"":0.00012,""currency"":""USD""},""flatFee"":{""value"":0.012,""currency"":""USD""}}",verified,amazon|dataforseo,,eip155:8453|eip155:143,,False,https://docs.dataforseo.com/v3/dataforseo_labs/amazon/product_competitors/live/,https://api.monid.ai/public/v1/providers/dataforseo/endpoints/labs/amazon-product-competitors
dataforseo,/labs/amazon-product-keyword-intersections,Amazon Keyword Intersection,POST,"{""type"":""PER_RESULT"",""amount"":{""value"":0.00012,""currency"":""USD""},""flatFee"":{""value"":0.012,""currency"":""USD""}}",verified,amazon|dataforseo,,eip155:8453|eip155:143,,False,https://docs.dataforseo.com/v3/dataforseo_labs/amazon/product_keyword_intersections/live/,https://api.monid.ai/public/v1/providers/dataforseo/endpoints/labs/amazon-product-keyword-intersections
dataforseo,/labs/amazon-product-rank-overview,Amazon Product Rank Overview,POST,"{""type"":""PER_RESULT"",""amount"":{""value"":0.00012,""currency"":""USD""},""flatFee"":{""value"":0.012,""currency"":""USD""}}",verified,amazon|dataforseo,,eip155:8453|eip155:143,,False,https://docs.dataforseo.com/v3/dataforseo_labs/amazon/product_rank_overview/live/,https://api.monid.ai/public/v1/providers/dataforseo/endpoints/labs/amazon-product-rank-overview
dataforseo,/labs/amazon-ranked-keywords,Amazon Ranked Keywords,POST,"{""type"":""PER_RESULT"",""amount"":{""value"":0.00012,""currency"":""USD""},""flatFee"":{""value"":0.012,""currency"":""USD""}}",verified,amazon|dataforseo,,eip155:8453|eip155:143,,False,https://docs.dataforseo.com/v3/dataforseo_labs/amazon/ranked_keywords/live/,https://api.monid.ai/public/v1/providers/dataforseo/endpoints/labs/amazon-ranked-keywords
dataforseo,/labs/amazon-related-keywords,Amazon Related Keywords,POST,"{""type"":""PER_RESULT"",""amount"":{""value"":0.00012,""currency"":""USD""},""flatFee"":{""value"":0.012,""currency"":""USD""}}",verified,amazon|dataforseo,,eip155:8453|eip155:143,,False,https://docs.dataforseo.com/v3/dataforseo_labs/amazon/related_keywords/live/,https://api.monid.ai/public/v1/providers/dataforseo/endpoints/labs/amazon-related-keywords
dataforseo,/labs/app-store-app-competitors,App Store App Competitors,POST,"{""type"":""PER_RESULT"",""amount"":{""value"":0.00012,""currency"":""USD""},""flatFee"":{""value"":0.012,""currency"":""USD""}}",verified,app-stores|dataforseo,,eip155:8453|eip155:143,,False,https://docs.dataforseo.com/v3/dataforseo_labs/apple/app_competitors/live/,https://api.monid.ai/public/v1/providers/dataforseo/endpoints/labs/app-store-app-competitors
dataforseo,/labs/app-store-app-intersection,App Store Keyword Intersection,POST,"{""type"":""PER_RESULT"",""amount"":{""value"":0.00012,""currency"":""USD""},""flatFee"":{""value"":0.012,""currency"":""USD""}}",verified,app-stores|dataforseo,,eip155:8453|eip155:143,,False,https://docs.dataforseo.com/v3/dataforseo_labs/apple/app_intersection/live/,https://api.monid.ai/public/v1/providers/dataforseo/endpoints/labs/app-store-app-intersection
dataforseo,/labs/app-store-bulk-app-metrics,App Store App Metrics,POST,"{""type"":""PER_RESULT"",""amount"":{""value"":0.00012,""currency"":""USD""},""flatFee"":{""value"":0.012,""currency"":""USD""}}",verified,app-stores|dataforseo,,eip155:8453|eip155:143,,False,https://docs.dataforseo.com/v3/dataforseo_labs/apple/bulk_app_metrics/live/,https://api.monid.ai/public/v1/providers/dataforseo/endpoints/labs/app-store-bulk-app-metrics
dataforseo,/labs/app-store-keywords-for-app,App Store App Keywords,POST,"{""type"":""PER_RESULT"",""amount"":{""value"":0.00012,""currency"":""USD""},""flatFee"":{""value"":0.012,""currency"":""USD""}}",verified,app-stores|dataforseo,,eip155:8453|eip155:143,,False,https://docs.dataforseo.com/v3/dataforseo_labs/apple/keywords_for_app/live/,https://api.monid.ai/public/v1/providers/dataforseo/endpoints/labs/app-store-keywords-for-app
dataforseo,/labs/available-history,Labs History Availability,GET,"{""type"":""PER_CALL"",""amount"":{""value"":0,""currency"":""USD""}}",verified,dataforseo|seo,,eip155:8453|eip155:143,,False,https://docs.dataforseo.com/v3/dataforseo_labs/google/available_history/,https://api.monid.ai/public/v1/providers/dataforseo/endpoints/labs/available-history
dataforseo,/labs/bulk-keyword-difficulty,Bulk Keyword Difficulty,POST,"{""type"":""PER_RESULT"",""amount"":{""value"":0.00012,""currency"":""USD""},""flatFee"":{""value"":0.012,""currency"":""USD""}}",verified,dataforseo|seo,,eip155:8453|eip155:143,,False,https://docs.dataforseo.com/v3/dataforseo_labs/google/bulk_keyword_difficulty/live/,https://api.monid.ai/public/v1/providers/dataforseo/endpoints/labs/bulk-keyword-difficulty
dataforseo,/labs/bulk-traffic-estimation,Bulk Traffic Estimation,POST,"{""type"":""PER_RESULT"",""amount"":{""value"":0.00012,""currency"":""USD""},""flatFee"":{""value"":0.012,""currency"":""USD""}}",verified,dataforseo|seo,,eip155:8453|eip155:143,,False,https://docs.dataforseo.com/v3/dataforseo_labs/google/bulk_traffic_estimation/live/,https://api.monid.ai/public/v1/providers/dataforseo/endpoints/labs/bulk-traffic-estimation
dataforseo,/labs/categories,Labs Categories,GET,"{""type"":""PER_CALL"",""amount"":{""value"":0,""currency"":""USD""}}",verified,dataforseo|seo,,eip155:8453|eip155:143,,False,https://docs.dataforseo.com/v3/dataforseo_labs/categories/,https://api.monid.ai/public/v1/providers/dataforseo/endpoints/labs/categories
dataforseo,/labs/categories-for-domain,Categories for Domain,POST,"{""type"":""PER_RESULT"",""amount"":{""value"":0.00012,""currency"":""USD""},""flatFee"":{""value"":0.012,""currency"":""USD""}}",verified,dataforseo|seo,,eip155:8453|eip155:143,,False,https://docs.dataforseo.com/v3/dataforseo_labs/google/categories_for_domain/live/,https://api.monid.ai/public/v1/providers/dataforseo/endpoints/labs/categories-for-domain
dataforseo,/labs/categories-for-keywords,Categories for Keywords,POST,"{""type"":""PER_RESULT"",""amount"":{""value"":0.00012,""currency"":""USD""},""flatFee"":{""value"":0.012,""currency"":""USD""}}",verified,dataforseo|seo,,eip155:8453|eip155:143,,False,https://docs.dataforseo.com/v3/dataforseo_labs/google/categories_for_keywords/live/,https://api.monid.ai/public/v1/providers/dataforseo/endpoints/labs/categories-for-keywords
dataforseo,/labs/competitors-domain,Domain Competitors,POST,"{""type"":""PER_RESULT"",""amount"":{""value"":0.00012,""currency"":""USD""},""flatFee"":{""value"":0.012,""currency"":""USD""}}",verified,dataforseo|seo,,eip155:8453|eip155:143,,False,https://docs.dataforseo.com/v3/dataforseo_labs/google/competitors_domain/live/,https://api.monid.ai/public/v1/providers/dataforseo/endpoints/labs/competitors-domain
dataforseo,/labs/domain-intersection,Domain Keyword Intersection,POST,"{""type"":""PER_RESULT"",""amount"":{""value"":0.00012,""currency"":""USD""},""flatFee"":{""value"":0.012,""currency"":""USD""}}",verified,dataforseo|seo,,eip155:8453|eip155:143,,False,https://docs.dataforseo.com/v3/dataforseo_labs/google/domain_intersection/live/,https://api.monid.ai/public/v1/providers/dataforseo/endpoints/labs/domain-intersection
dataforseo,/labs/domain-metrics-by-categories,Domain Metrics by Category,POST,"{""type"":""PER_RESULT"",""amount"":{""value"":0.0012,""currency"":""USD""},""flatFee"":{""value"":0.12,""currency"":""USD""}}",verified,dataforseo|seo,,eip155:8453|eip155:143,,False,https://docs.dataforseo.com/v3/dataforseo_labs/google/domain_metrics_by_categories/live/,https://api.monid.ai/public/v1/providers/dataforseo/endpoints/labs/domain-metrics-by-categories
dataforseo,/labs/domain-rank-overview,Domain Rank Overview,POST,"{""type"":""PER_RESULT"",""amount"":{""value"":0.00012,""currency"":""USD""},""flatFee"":{""value"":0.012,""currency"":""USD""}}",verified,dataforseo|seo,,eip155:8453|eip155:143,,False,https://docs.dataforseo.com/v3/dataforseo_labs/google/domain_rank_overview/live/,https://api.monid.ai/public/v1/providers/dataforseo/endpoints/labs/domain-rank-overview
dataforseo,/labs/filters,Labs Filter Fields,GET,"{""type"":""PER_CALL"",""amount"":{""value"":0,""currency"":""USD""}}",verified,dataforseo|seo,,eip155:8453|eip155:143,,False,https://docs.dataforseo.com/v3/dataforseo_labs/available_filters/,https://api.monid.ai/public/v1/providers/dataforseo/endpoints/labs/filters
dataforseo,/labs/google-play-app-competitors,Google Play App Competitors,POST,"{""type"":""PER_RESULT"",""amount"":{""value"":0.00012,""currency"":""USD""},""flatFee"":{""value"":0.012,""currency"":""USD""}}",verified,app-stores|dataforseo,,eip155:8453|eip155:143,,False,https://docs.dataforseo.com/v3/dataforseo_labs/google/app_competitors/live/,https://api.monid.ai/public/v1/providers/dataforseo/endpoints/labs/google-play-app-competitors
dataforseo,/labs/google-play-app-intersection,Google Play Keyword Intersection,POST,"{""type"":""PER_RESULT"",""amount"":{""value"":0.00012,""currency"":""USD""},""flatFee"":{""value"":0.012,""currency"":""USD""}}",verified,app-stores|dataforseo,,eip155:8453|eip155:143,,False,https://docs.dataforseo.com/v3/dataforseo_labs/google/app_intersection/live/,https://api.monid.ai/public/v1/providers/dataforseo/endpoints/labs/google-play-app-intersection
dataforseo,/labs/google-play-bulk-app-metrics,Google Play App Metrics,POST,"{""type"":""PER_RESULT"",""amount"":{""value"":0.00012,""currency"":""USD""},""flatFee"":{""value"":0.012,""currency"":""USD""}}",verified,app-stores|dataforseo,,eip155:8453|eip155:143,,False,https://docs.dataforseo.com/v3/dataforseo_labs/google/bulk_app_metrics/live/,https://api.monid.ai/public/v1/providers/dataforseo/endpoints/labs/google-play-bulk-app-metrics
dataforseo,/labs/google-play-keywords-for-app,Google Play App Keywords,POST,"{""type"":""PER_RESULT"",""amount"":{""value"":0.00012,""currency"":""USD""},""flatFee"":{""value"":0.012,""currency"":""USD""}}",verified,app-stores|dataforseo,,eip155:8453|eip155:143,,False,https://docs.dataforseo.com/v3/dataforseo_labs/google/keywords_for_app/live/,https://api.monid.ai/public/v1/providers/dataforseo/endpoints/labs/google-play-keywords-for-app
dataforseo,/labs/historical-bulk-traffic-estimation,Historical Traffic Estimation,POST,"{""type"":""PER_RESULT"",""amount"":{""value"":0.0012,""currency"":""USD""},""flatFee"":{""value"":0.12,""currency"":""USD""}}",verified,dataforseo|seo,,eip155:8453|eip155:143,,False,https://docs.dataforseo.com/v3/dataforseo_labs/google/historical_bulk_traffic_estimation/live/,https://api.monid.ai/public/v1/providers/dataforseo/endpoints/labs/historical-bulk-traffic-estimation
dataforseo,/labs/historical-keyword-data,Historical Keyword Data,POST,"{""type"":""PER_RESULT"",""amount"":{""value"":0.00012,""currency"":""USD""},""flatFee"":{""value"":0.012,""currency"":""USD""}}",verified,dataforseo|seo,,eip155:8453|eip155:143,,False,https://docs.dataforseo.com/v3/dataforseo_labs/google/historical_keyword_data/live/,https://api.monid.ai/public/v1/providers/dataforseo/endpoints/labs/historical-keyword-data
dataforseo,/labs/historical-rank-overview,Historical Rank Overview,POST,"{""type"":""PER_RESULT"",""amount"":{""value"":0.0012,""currency"":""USD""},""flatFee"":{""value"":0.12,""currency"":""USD""}}",verified,dataforseo|seo,,eip155:8453|eip155:143,,False,https://docs.dataforseo.com/v3/dataforseo_labs/google/historical_rank_overview/live/,https://api.monid.ai/public/v1/providers/dataforseo/endpoints/labs/historical-rank-overview
dataforseo,/labs/historical-serps,Historical SERPs,POST,"{""type"":""PER_RESULT"",""amount"":{""value"":0.00012,""currency"":""USD""}}",verified,dataforseo|seo,,eip155:8453|eip155:143,,False,https://docs.dataforseo.com/v3/dataforseo_labs/google/historical_serps/live/,https://api.monid.ai/public/v1/providers/dataforseo/endpoints/labs/historical-serps
dataforseo,/labs/keyword-ideas,Keyword Ideas,POST,"{""type"":""PER_RESULT"",""amount"":{""value"":0.00012,""currency"":""USD""},""flatFee"":{""value"":0.012,""currency"":""USD""}}",verified,dataforseo|seo,,eip155:8453|eip155:143,,False,https://docs.dataforseo.com/v3/dataforseo_labs/google/keyword_ideas/live/,https://api.monid.ai/public/v1/providers/dataforseo/endpoints/labs/keyword-ideas
dataforseo,/labs/keyword-overview,Keyword Overview,POST,"{""type"":""PER_RESULT"",""amount"":{""value"":0.00012,""currency"":""USD""},""flatFee"":{""value"":0.012,""currency"":""USD""}}",verified,dataforseo|seo,,eip155:8453|eip155:143,,False,https://docs.dataforseo.com/v3/dataforseo_labs/google/keyword_overview/live/,https://api.monid.ai/public/v1/providers/dataforseo/endpoints/labs/keyword-overview
dataforseo,/labs/keyword-suggestions,Keyword Suggestions,POST,"{""type"":""PER_RESULT"",""amount"":{""value"":0.00012,""currency"":""USD""},""flatFee"":{""value"":0.012,""currency"":""USD""}}",verified,dataforseo|seo,,eip155:8453|eip155:143,,False,https://docs.dataforseo.com/v3/dataforseo_labs/google/keyword_suggestions/live/,https://api.monid.ai/public/v1/providers/dataforseo/endpoints/labs/keyword-suggestions
dataforseo,/labs/keywords-for-categories,Keywords for Categories,POST,"{""type"":""PER_RESULT"",""amount"":{""value"":0.00012,""currency"":""USD""},""flatFee"":{""value"":0.012,""currency"":""USD""}}",verified,dataforseo|seo,,eip155:8453|eip155:143,,False,https://docs.dataforseo.com/v3/dataforseo_labs/google/keywords_for_categories/live/,https://api.monid.ai/public/v1/providers/dataforseo/endpoints/labs/keywords-for-categories
dataforseo,/labs/keywords-for-site,Keywords for Site,POST,"{""type"":""PER_RESULT"",""amount"":{""value"":0.00012,""currency"":""USD""},""flatFee"":{""value"":0.012,""currency"":""USD""}}",verified,dataforseo|seo,,eip155:8453|eip155:143,,False,https://docs.dataforseo.com/v3/dataforseo_labs/google/keywords_for_site/live/,https://api.monid.ai/public/v1/providers/dataforseo/endpoints/labs/keywords-for-site
dataforseo,/labs/locations,Labs Locations and Languages,GET,"{""type"":""PER_CALL"",""amount"":{""value"":0,""currency"":""USD""}}",verified,dataforseo|seo,,eip155:8453|eip155:143,,False,https://docs.dataforseo.com/v3/dataforseo_labs/locations_and_languages/,https://api.monid.ai/public/v1/providers/dataforseo/endpoints/labs/locations
dataforseo,/labs/page-intersection,Page Keyword Intersection,POST,"{""type"":""PER_RESULT"",""amount"":{""value"":0.00012,""currency"":""USD""},""flatFee"":{""value"":0.012,""currency"":""USD""}}",verified,dataforseo|seo,,eip155:8453|eip155:143,,False,https://docs.dataforseo.com/v3/dataforseo_labs/google/page_intersection/live/,https://api.monid.ai/public/v1/providers/dataforseo/endpoints/labs/page-intersection
dataforseo,/labs/ranked-keywords,Ranked Keywords,POST,"{""type"":""PER_RESULT"",""amount"":{""value"":0.00012,""currency"":""USD""},""flatFee"":{""value"":0.012,""currency"":""USD""}}",verified,dataforseo|seo,,eip155:8453|eip155:143,,False,https://docs.dataforseo.com/v3/dataforseo_labs/google/ranked_keywords/live/,https://api.monid.ai/public/v1/providers/dataforseo/endpoints/labs/ranked-keywords
dataforseo,/labs/related-keywords,Related Keywords,POST,"{""type"":""PER_RESULT"",""amount"":{""value"":0.00012,""currency"":""USD""},""flatFee"":{""value"":0.012,""currency"":""USD""}}",verified,dataforseo|seo,,eip155:8453|eip155:143,,False,https://docs.dataforseo.com/v3/dataforseo_labs/google/related_keywords/live/,https://api.monid.ai/public/v1/providers/dataforseo/endpoints/labs/related-keywords
dataforseo,/labs/relevant-pages,Top Ranking Pages,POST,"{""type"":""PER_RESULT"",""amount"":{""value"":0.00012,""currency"":""USD""},""flatFee"":{""value"":0.012,""currency"":""USD""}}",verified,dataforseo|seo,,eip155:8453|eip155:143,,False,https://docs.dataforseo.com/v3/dataforseo_labs/google/relevant_pages/live/,https://api.monid.ai/public/v1/providers/dataforseo/endpoints/labs/relevant-pages
dataforseo,/labs/search-intent,Search Intent,POST,"{""type"":""PER_RESULT"",""amount"":{""value"":0.00012,""currency"":""USD""},""flatFee"":{""value"":0.012,""currency"":""USD""}}",verified,dataforseo|seo,,eip155:8453|eip155:143,,False,https://docs.dataforseo.com/v3/dataforseo_labs/google/search_intent/live/,https://api.monid.ai/public/v1/providers/dataforseo/endpoints/labs/search-intent
dataforseo,/labs/serp-competitors,SERP Competitors,POST,"{""type"":""PER_RESULT"",""amount"":{""value"":0.00012,""currency"":""USD""},""flatFee"":{""value"":0.012,""currency"":""USD""}}",verified,dataforseo|seo,,eip155:8453|eip155:143,,False,https://docs.dataforseo.com/v3/dataforseo_labs/google/serp_competitors/live/,https://api.monid.ai/public/v1/providers/dataforseo/endpoints/labs/serp-competitors
dataforseo,/labs/subdomains,Subdomain Metrics,POST,"{""type"":""PER_RESULT"",""amount"":{""value"":0.00012,""currency"":""USD""},""flatFee"":{""value"":0.012,""currency"":""USD""}}",verified,dataforseo|seo,,eip155:8453|eip155:143,,False,https://docs.dataforseo.com/v3/dataforseo_labs/google/subdomains/live/,https://api.monid.ai/public/v1/providers/dataforseo/endpoints/labs/subdomains
dataforseo,/labs/top-searches,Top Searches,POST,"{""type"":""PER_RESULT"",""amount"":{""value"":0.00012,""currency"":""USD""},""flatFee"":{""value"":0.012,""currency"":""USD""}}",verified,dataforseo|seo,,eip155:8453|eip155:143,,False,https://docs.dataforseo.com/v3/dataforseo_labs/google/top_searches/live/,https://api.monid.ai/public/v1/providers/dataforseo/endpoints/labs/top-searches
dataforseo,/onpage/content-parsing,Parse Page Content,POST,"{""type"":""PER_CALL"",""amount"":{""value"":0.00015,""currency"":""USD""}}",verified,dataforseo|web-extraction,,eip155:8453|eip155:143,,False,https://docs.dataforseo.com/v3/on_page/content_parsing/live/,https://api.monid.ai/public/v1/providers/dataforseo/endpoints/onpage/content-parsing
dataforseo,/onpage/filters,OnPage Filter Fields,GET,"{""type"":""PER_CALL"",""amount"":{""value"":0,""currency"":""USD""}}",verified,dataforseo|seo,,eip155:8453|eip155:143,,False,https://docs.dataforseo.com/v3/on_page/available_filters/,https://api.monid.ai/public/v1/providers/dataforseo/endpoints/onpage/filters
dataforseo,/onpage/instant-pages,Audit Page On-Page,POST,"{""type"":""PER_CALL"",""amount"":{""value"":0.00015,""currency"":""USD""}}",verified,dataforseo|seo|web-extraction,,eip155:8453|eip155:143,,False,https://docs.dataforseo.com/v3/on_page/instant_pages/,https://api.monid.ai/public/v1/providers/dataforseo/endpoints/onpage/instant-pages
dataforseo,/onpage/lighthouse,Run Lighthouse Audit,POST,"{""type"":""PER_CALL"",""amount"":{""value"":0.005,""currency"":""USD""}}",verified,dataforseo|seo|web-extraction,,eip155:8453|eip155:143,,False,https://docs.dataforseo.com/v3/on_page/lighthouse/live/json/,https://api.monid.ai/public/v1/providers/dataforseo/endpoints/onpage/lighthouse
dataforseo,/onpage/lighthouse-audits,Lighthouse Audits,GET,"{""type"":""PER_CALL"",""amount"":{""value"":0,""currency"":""USD""}}",verified,dataforseo|seo,,eip155:8453|eip155:143,,False,https://docs.dataforseo.com/v3/on_page/lighthouse/audits/,https://api.monid.ai/public/v1/providers/dataforseo/endpoints/onpage/lighthouse-audits
dataforseo,/onpage/lighthouse-versions,Lighthouse Versions,GET,"{""type"":""PER_CALL"",""amount"":{""value"":0,""currency"":""USD""}}",verified,dataforseo|seo,,eip155:8453|eip155:143,,False,https://docs.dataforseo.com/v3/on_page/lighthouse/versions/,https://api.monid.ai/public/v1/providers/dataforseo/endpoints/onpage/lighthouse-versions
dataforseo,/onpage/page-screenshot,Screenshot Page,POST,"{""type"":""PER_CALL"",""amount"":{""value"":0.0048,""currency"":""USD""}}",verified,dataforseo|web-extraction,,eip155:8453|eip155:143,,False,https://docs.dataforseo.com/v3/on_page/page_screenshot/,https://api.monid.ai/public/v1/providers/dataforseo/endpoints/onpage/page-screenshot
dataforseo,/serp/baidu-locations,Baidu Locations,GET,"{""type"":""PER_CALL"",""amount"":{""value"":0,""currency"":""USD""}}",verified,dataforseo|web-search,,eip155:8453|eip155:143,,False,https://docs.dataforseo.com/v3/serp/baidu/locations/{country}/,https://api.monid.ai/public/v1/providers/dataforseo/endpoints/serp/baidu-locations
dataforseo,/serp/baidu-organic,Baidu Search Results,POST,"{""type"":""PER_CALL"",""amount"":{""value"":0.0012,""currency"":""USD""}}",verified,dataforseo|web-search,,eip155:8453|eip155:143,,False,https://docs.dataforseo.com/v3/serp/baidu/organic/task_post/,https://api.monid.ai/public/v1/providers/dataforseo/endpoints/serp/baidu-organic
dataforseo,/serp/bing-locations,Bing Locations,GET,"{""type"":""PER_CALL"",""amount"":{""value"":0,""currency"":""USD""}}",verified,dataforseo|web-search,,eip155:8453|eip155:143,,False,https://docs.dataforseo.com/v3/serp/bing/locations/{country}/,https://api.monid.ai/public/v1/providers/dataforseo/endpoints/serp/bing-locations
dataforseo,/serp/bing-organic,Bing Search Results,POST,"{""type"":""PER_CALL"",""amount"":{""value"":0.002,""currency"":""USD""}}",verified,dataforseo|web-search,,eip155:8453|eip155:143,,False,https://docs.dataforseo.com/v3/serp/bing/organic/live/advanced/,https://api.monid.ai/public/v1/providers/dataforseo/endpoints/serp/bing-organic
dataforseo,/serp/google-ads-advertisers,Google Ads Advertisers,POST,"{""type"":""PER_CALL"",""amount"":{""value"":0.0012,""currency"":""USD""}}",verified,dataforseo|seo,,eip155:8453|eip155:143,,False,https://docs.dataforseo.com/v3/serp/google/ads_advertisers/task_post/,https://api.monid.ai/public/v1/providers/dataforseo/endpoints/serp/google-ads-advertisers
dataforseo,/serp/google-ads-search,Google Ads Library Search,POST,"{""type"":""PER_CALL"",""amount"":{""value"":0.0012,""currency"":""USD""}}",verified,dataforseo|seo,,eip155:8453|eip155:143,,False,https://docs.dataforseo.com/v3/serp/google/ads_search/task_post/,https://api.monid.ai/public/v1/providers/dataforseo/endpoints/serp/google-ads-search
dataforseo,/serp/google-ai-mode,Google AI Mode Answer,POST,"{""type"":""PER_CALL"",""amount"":{""value"":0.004,""currency"":""USD""}}",verified,ai-search|dataforseo|geo,,eip155:8453|eip155:143,,False,https://docs.dataforseo.com/v3/serp/google/ai_mode/live/advanced/,https://api.monid.ai/public/v1/providers/dataforseo/endpoints/serp/google-ai-mode
dataforseo,/serp/google-autocomplete,Google Autocomplete,POST,"{""type"":""PER_CALL"",""amount"":{""value"":0.002,""currency"":""USD""}}",verified,dataforseo|web-search,,eip155:8453|eip155:143,,False,https://docs.dataforseo.com/v3/serp/google/autocomplete/live/advanced/,https://api.monid.ai/public/v1/providers/dataforseo/endpoints/serp/google-autocomplete
dataforseo,/serp/google-dataset-info,Google Dataset Details,POST,"{""type"":""PER_CALL"",""amount"":{""value"":0.002,""currency"":""USD""}}",verified,dataforseo|web-search,,eip155:8453|eip155:143,,False,https://docs.dataforseo.com/v3/serp/google/dataset_info/live/advanced/,https://api.monid.ai/public/v1/providers/dataforseo/endpoints/serp/google-dataset-info
dataforseo,/serp/google-dataset-search,Google Dataset Search,POST,"{""type"":""PER_CALL"",""amount"":{""value"":0.002,""currency"":""USD""}}",verified,dataforseo|web-search,,eip155:8453|eip155:143,,False,https://docs.dataforseo.com/v3/serp/google/dataset_search/live/advanced/,https://api.monid.ai/public/v1/providers/dataforseo/endpoints/serp/google-dataset-search
dataforseo,/serp/google-finance-explore,Google Finance Explore,POST,"{""type"":""PER_CALL"",""amount"":{""value"":0.002,""currency"":""USD""}}",verified,dataforseo|equities,,eip155:8453|eip155:143,,False,https://docs.dataforseo.com/v3/serp/google/finance_explore/live/advanced/,https://api.monid.ai/public/v1/providers/dataforseo/endpoints/serp/google-finance-explore
dataforseo,/serp/google-finance-markets,Google Finance Markets,POST,"{""type"":""PER_CALL"",""amount"":{""value"":0.002,""currency"":""USD""}}",verified,dataforseo|equities,,eip155:8453|eip155:143,,False,https://docs.dataforseo.com/v3/serp/google/finance_markets/live/advanced/,https://api.monid.ai/public/v1/providers/dataforseo/endpoints/serp/google-finance-markets
dataforseo,/serp/google-finance-quote,Google Finance Quote,POST,"{""type"":""PER_CALL"",""amount"":{""value"":0.002,""currency"":""USD""}}",verified,dataforseo|equities,,eip155:8453|eip155:143,,False,https://docs.dataforseo.com/v3/serp/google/finance_quote/live/advanced/,https://api.monid.ai/public/v1/providers/dataforseo/endpoints/serp/google-finance-quote
dataforseo,/serp/google-finance-ticker-search,Google Finance Ticker Search,POST,"{""type"":""PER_CALL"",""amount"":{""value"":0.002,""currency"":""USD""}}",verified,dataforseo|equities,,eip155:8453|eip155:143,,False,https://docs.dataforseo.com/v3/serp/google/finance_ticker_search/live/advanced/,https://api.monid.ai/public/v1/providers/dataforseo/endpoints/serp/google-finance-ticker-search
dataforseo,/serp/google-images,Google Image Results,POST,"{""type"":""PER_CALL"",""amount"":{""value"":0.002,""currency"":""USD""}}",verified,dataforseo|image-search,,eip155:8453|eip155:143,,False,https://docs.dataforseo.com/v3/serp/google/images/live/advanced/,https://api.monid.ai/public/v1/providers/dataforseo/endpoints/serp/google-images
dataforseo,/serp/google-jobs,Google Jobs Results,POST,"{""type"":""PER_CALL"",""amount"":{""value"":0.0012,""currency"":""USD""}}",verified,dataforseo|jobs,,eip155:8453|eip155:143,,False,https://docs.dataforseo.com/v3/serp/google/jobs/task_post/,https://api.monid.ai/public/v1/providers/dataforseo/endpoints/serp/google-jobs
dataforseo,/serp/google-local-finder,Google Local Finder,POST,"{""type"":""PER_CALL"",""amount"":{""value"":0.002,""currency"":""USD""}}",verified,dataforseo|maps,,eip155:8453|eip155:143,,False,https://docs.dataforseo.com/v3/serp/google/local_finder/live/advanced/,https://api.monid.ai/public/v1/providers/dataforseo/endpoints/serp/google-local-finder
dataforseo,/serp/google-locations,Google Locations,GET,"{""type"":""PER_CALL"",""amount"":{""value"":0,""currency"":""USD""}}",verified,dataforseo|web-search,,eip155:8453|eip155:143,,False,https://docs.dataforseo.com/v3/serp/google/locations/{country}/,https://api.monid.ai/public/v1/providers/dataforseo/endpoints/serp/google-locations
dataforseo,/serp/google-maps,Google Maps Results,POST,"{""type"":""PER_CALL"",""amount"":{""value"":0.002,""currency"":""USD""}}",verified,dataforseo|maps,,eip155:8453|eip155:143,,False,https://docs.dataforseo.com/v3/serp/google/maps/live/advanced/,https://api.monid.ai/public/v1/providers/dataforseo/endpoints/serp/google-maps
dataforseo,/serp/google-news,Google News Results,POST,"{""type"":""PER_CALL"",""amount"":{""value"":0.002,""currency"":""USD""}}",verified,dataforseo|news-search,,eip155:8453|eip155:143,,False,https://docs.dataforseo.com/v3/serp/google/news/live/advanced/,https://api.monid.ai/public/v1/providers/dataforseo/endpoints/serp/google-news
dataforseo,/serp/google-organic,Google Search Results,POST,"{""type"":""PER_CALL"",""amount"":{""value"":0.002,""currency"":""USD""}}",verified,dataforseo|web-search,,eip155:8453|eip155:143,,False,https://docs.dataforseo.com/v3/serp/google/organic/live/advanced/,https://api.monid.ai/public/v1/providers/dataforseo/endpoints/serp/google-organic
dataforseo,/serp/google-search-by-image,Google Reverse Image Search,POST,"{""type"":""PER_CALL"",""amount"":{""value"":0.0012,""currency"":""USD""}}",verified,dataforseo|image-search,,eip155:8453|eip155:143,,False,https://docs.dataforseo.com/v3/serp/google/search_by_image/task_post/,https://api.monid.ai/public/v1/providers/dataforseo/endpoints/serp/google-search-by-image
dataforseo,/serp/naver-organic,Naver Search Results,POST,"{""type"":""PER_CALL"",""amount"":{""value"":0.0012,""currency"":""USD""}}",verified,dataforseo|web-search,,eip155:8453|eip155:143,,False,https://docs.dataforseo.com/v3/serp/naver/organic/task_post/,https://api.monid.ai/public/v1/providers/dataforseo/endpoints/serp/naver-organic
dataforseo,/serp/seznam-locations,Seznam Locations,GET,"{""type"":""PER_CALL"",""amount"":{""value"":0,""currency"":""USD""}}",verified,dataforseo|web-search,,eip155:8453|eip155:143,,False,https://docs.dataforseo.com/v3/serp/seznam/locations/{country}/,https://api.monid.ai/public/v1/providers/dataforseo/endpoints/serp/seznam-locations
dataforseo,/serp/seznam-organic,Seznam Search Results,POST,"{""type"":""PER_CALL"",""amount"":{""value"":0.0012,""currency"":""USD""}}",verified,dataforseo|web-search,,eip155:8453|eip155:143,,False,https://docs.dataforseo.com/v3/serp/seznam/organic/task_post/,https://api.monid.ai/public/v1/providers/dataforseo/endpoints/serp/seznam-organic
dataforseo,/serp/yahoo-locations,Yahoo Locations,GET,"{""type"":""PER_CALL"",""amount"":{""value"":0,""currency"":""USD""}}",verified,dataforseo|web-search,,eip155:8453|eip155:143,,False,https://docs.dataforseo.com/v3/serp/yahoo/locations/{country}/,https://api.monid.ai/public/v1/providers/dataforseo/endpoints/serp/yahoo-locations
dataforseo,/serp/yahoo-organic,Yahoo Search Results,POST,"{""type"":""PER_CALL"",""amount"":{""value"":0.002,""currency"":""USD""}}",verified,dataforseo|web-search,,eip155:8453|eip155:143,,False,https://docs.dataforseo.com/v3/serp/yahoo/organic/live/advanced/,https://api.monid.ai/public/v1/providers/dataforseo/endpoints/serp/yahoo-organic
dataforseo,/serp/youtube-comments,YouTube Comments,POST,"{""type"":""PER_CALL"",""amount"":{""value"":0.002,""currency"":""USD""}}",verified,dataforseo|youtube,,eip155:8453|eip155:143,,False,https://docs.dataforseo.com/v3/serp/youtube/video_comments/live/advanced/,https://api.monid.ai/public/v1/providers/dataforseo/endpoints/serp/youtube-comments
dataforseo,/serp/youtube-locations,YouTube Locations,GET,"{""type"":""PER_CALL"",""amount"":{""value"":0,""currency"":""USD""}}",verified,dataforseo|video-search,,eip155:8453|eip155:143,,False,https://docs.dataforseo.com/v3/serp/youtube/locations/{country}/,https://api.monid.ai/public/v1/providers/dataforseo/endpoints/serp/youtube-locations
dataforseo,/serp/youtube-organic,YouTube Search Results,POST,"{""type"":""PER_CALL"",""amount"":{""value"":0.002,""currency"":""USD""}}",verified,dataforseo|video-search|youtube,,eip155:8453|eip155:143,,False,https://docs.dataforseo.com/v3/serp/youtube/organic/live/advanced/,https://api.monid.ai/public/v1/providers/dataforseo/endpoints/serp/youtube-organic
dataforseo,/serp/youtube-subtitles,YouTube Subtitles,POST,"{""type"":""PER_CALL"",""amount"":{""value"":0.006,""currency"":""USD""}}",verified,dataforseo|youtube,,eip155:8453|eip155:143,,False,https://docs.dataforseo.com/v3/serp/youtube/video_subtitles/live/advanced/,https://api.monid.ai/public/v1/providers/dataforseo/endpoints/serp/youtube-subtitles
dataforseo,/serp/youtube-video-info,YouTube Video Details,POST,"{""type"":""PER_CALL"",""amount"":{""value"":0.006,""currency"":""USD""}}",verified,dataforseo|video-search|youtube,,eip155:8453|eip155:143,,False,https://docs.dataforseo.com/v3/serp/youtube/video_info/live/advanced/,https://api.monid.ai/public/v1/providers/dataforseo/endpoints/serp/youtube-video-info
dataforseo,/tripadvisor/locations,Tripadvisor Locations,GET,"{""type"":""PER_CALL"",""amount"":{""value"":0,""currency"":""USD""}}",verified,dataforseo|hotels,,eip155:8453|eip155:143,,False,https://docs.dataforseo.com/v3/business_data/tripadvisor/locations/{country}/,https://api.monid.ai/public/v1/providers/dataforseo/endpoints/tripadvisor/locations
dataforseo,/tripadvisor/reviews,Tripadvisor Reviews,POST,"{""type"":""PER_CALL"",""amount"":{""value"":0.0015,""currency"":""USD""}}",verified,dataforseo|hotels,,eip155:8453|eip155:143,,False,https://docs.dataforseo.com/v3/business_data/tripadvisor/reviews/task_post/,https://api.monid.ai/public/v1/providers/dataforseo/endpoints/tripadvisor/reviews
dataforseo,/tripadvisor/search,Tripadvisor Search,POST,"{""type"":""PER_CALL"",""amount"":{""value"":0.0015,""currency"":""USD""}}",verified,dataforseo|hotels,,eip155:8453|eip155:143,,False,https://docs.dataforseo.com/v3/business_data/tripadvisor/search/task_post/,https://api.monid.ai/public/v1/providers/dataforseo/endpoints/tripadvisor/search
dataforseo,/trustpilot/reviews,Trustpilot Reviews,POST,"{""type"":""PER_CALL"",""amount"":{""value"":0.0015,""currency"":""USD""}}",verified,company-reviews|dataforseo,,eip155:8453|eip155:143,,False,https://docs.dataforseo.com/v3/business_data/trustpilot/reviews/task_post/,https://api.monid.ai/public/v1/providers/dataforseo/endpoints/trustpilot/reviews
dataforseo,/trustpilot/search,Trustpilot Search,POST,"{""type"":""PER_CALL"",""amount"":{""value"":0.0015,""currency"":""USD""}}",verified,company-reviews|dataforseo,,eip155:8453|eip155:143,,False,https://docs.dataforseo.com/v3/business_data/trustpilot/search/task_post/,https://api.monid.ai/public/v1/providers/dataforseo/endpoints/trustpilot/search
defillama,/api/categories,/api/categories,GET,"{""type"":""PER_CALL"",""amount"":{""value"":0.0006,""currency"":""USD""}}",verified,defi|defillama,,eip155:8453|eip155:143,,False,,https://api.monid.ai/public/v1/providers/defillama/endpoints/api/categories
defillama,/api/chainAssets,/api/chainAssets,GET,"{""type"":""PER_CALL"",""amount"":{""value"":0.0006,""currency"":""USD""}}",verified,defi|defillama,,eip155:8453|eip155:143,,False,,https://api.monid.ai/public/v1/providers/defillama/endpoints/api/chainAssets
defillama,/api/emission/{protocol},/api/emission/{protocol},GET,"{""type"":""PER_CALL"",""amount"":{""value"":0.0006,""currency"":""USD""}}",verified,defi|defillama,,eip155:8453|eip155:143,,False,,https://api.monid.ai/public/v1/providers/defillama/endpoints/api/emission/%7Bprotocol%7D
defillama,/api/emissions,/api/emissions,GET,"{""type"":""PER_CALL"",""amount"":{""value"":0.0006,""currency"":""USD""}}",verified,defi|defillama,,eip155:8453|eip155:143,,False,,https://api.monid.ai/public/v1/providers/defillama/endpoints/api/emissions
defillama,/api/entities,/api/entities,GET,"{""type"":""PER_CALL"",""amount"":{""value"":0.0006,""currency"":""USD""}}",verified,defi|defillama,,eip155:8453|eip155:143,,False,,https://api.monid.ai/public/v1/providers/defillama/endpoints/api/entities
defillama,/api/forks,/api/forks,GET,"{""type"":""PER_CALL"",""amount"":{""value"":0.0006,""currency"":""USD""}}",verified,defi|defillama,,eip155:8453|eip155:143,,False,,https://api.monid.ai/public/v1/providers/defillama/endpoints/api/forks
defillama,/api/hacks,/api/hacks,GET,"{""type"":""PER_CALL"",""amount"":{""value"":0.0006,""currency"":""USD""}}",verified,defi|defillama,,eip155:8453|eip155:143,,False,,https://api.monid.ai/public/v1/providers/defillama/endpoints/api/hacks
defillama,/api/historicalLiquidity/{token},/api/historicalLiquidity/{token},GET,"{""type"":""PER_CALL"",""amount"":{""value"":0.0006,""currency"":""USD""}}",verified,defi|defillama,,eip155:8453|eip155:143,,False,,https://api.monid.ai/public/v1/providers/defillama/endpoints/api/historicalLiquidity/%7Btoken%7D
defillama,/api/inflows/{protocol}/{timestamp},/api/inflows/{protocol}/{timestamp},GET,"{""type"":""PER_CALL"",""amount"":{""value"":0.0006,""currency"":""USD""}}",verified,defi|defillama,,eip155:8453|eip155:143,,False,,https://api.monid.ai/public/v1/providers/defillama/endpoints/api/inflows/%7Bprotocol%7D/%7Btimestamp%7D
defillama,/api/lstRates,/api/lstRates,GET,"{""type"":""PER_CALL"",""amount"":{""value"":0.0006,""currency"":""USD""}}",verified,defi|defillama,,eip155:8453|eip155:143,,False,,https://api.monid.ai/public/v1/providers/defillama/endpoints/api/lstRates
defillama,/api/oracles,/api/oracles,GET,"{""type"":""PER_CALL"",""amount"":{""value"":0.0006,""currency"":""USD""}}",verified,defi|defillama,,eip155:8453|eip155:143,,False,,https://api.monid.ai/public/v1/providers/defillama/endpoints/api/oracles
defillama,/api/overview/derivatives,/api/overview/derivatives,GET,"{""type"":""PER_CALL"",""amount"":{""value"":0.0006,""currency"":""USD""}}",verified,defillama|derivatives,,eip155:8453|eip155:143,,False,,https://api.monid.ai/public/v1/providers/defillama/endpoints/api/overview/derivatives
defillama,/api/overview/dexs,/api/overview/dexs,GET,"{""type"":""PER_CALL"",""amount"":{""value"":0,""currency"":""USD""}}",verified,defi|defillama,,eip155:8453|eip155:143,,False,,https://api.monid.ai/public/v1/providers/defillama/endpoints/api/overview/dexs
defillama,/api/overview/dexs/{chain},/api/overview/dexs/{chain},GET,"{""type"":""PER_CALL"",""amount"":{""value"":0,""currency"":""USD""}}",verified,defi|defillama,,eip155:8453|eip155:143,,False,,https://api.monid.ai/public/v1/providers/defillama/endpoints/api/overview/dexs/%7Bchain%7D
defillama,/api/overview/fees,/api/overview/fees,GET,"{""type"":""PER_CALL"",""amount"":{""value"":0,""currency"":""USD""}}",verified,defi|defillama,,eip155:8453|eip155:143,,False,,https://api.monid.ai/public/v1/providers/defillama/endpoints/api/overview/fees
defillama,/api/overview/fees/{chain},/api/overview/fees/{chain},GET,"{""type"":""PER_CALL"",""amount"":{""value"":0,""currency"":""USD""}}",verified,defi|defillama,,eip155:8453|eip155:143,,False,,https://api.monid.ai/public/v1/providers/defillama/endpoints/api/overview/fees/%7Bchain%7D
defillama,/api/overview/open-interest,/api/overview/open-interest,GET,"{""type"":""PER_CALL"",""amount"":{""value"":0,""currency"":""USD""}}",verified,defillama|derivatives,,eip155:8453|eip155:143,,False,,https://api.monid.ai/public/v1/providers/defillama/endpoints/api/overview/open-interest
defillama,/api/overview/options,/api/overview/options,GET,"{""type"":""PER_CALL"",""amount"":{""value"":0,""currency"":""USD""}}",verified,defi|defillama,,eip155:8453|eip155:143,,False,,https://api.monid.ai/public/v1/providers/defillama/endpoints/api/overview/options
defillama,/api/overview/options/{chain},/api/overview/options/{chain},GET,"{""type"":""PER_CALL"",""amount"":{""value"":0,""currency"":""USD""}}",verified,defi|defillama,,eip155:8453|eip155:143,,False,,https://api.monid.ai/public/v1/providers/defillama/endpoints/api/overview/options/%7Bchain%7D
defillama,/api/perpFundingRates,/api/perpFundingRates,GET,"{""type"":""PER_CALL"",""amount"":{""value"":0.0006,""currency"":""USD""}}",verified,defi|defillama,,eip155:8453|eip155:143,,False,,https://api.monid.ai/public/v1/providers/defillama/endpoints/api/perpFundingRates
defillama,/api/protocol/{protocol},/api/protocol/{protocol},GET,"{""type"":""PER_CALL"",""amount"":{""value"":0,""currency"":""USD""}}",verified,defi|defillama,,eip155:8453|eip155:143,,False,,https://api.monid.ai/public/v1/providers/defillama/endpoints/api/protocol/%7Bprotocol%7D
defillama,/api/protocols,/api/protocols,GET,"{""type"":""PER_CALL"",""amount"":{""value"":0,""currency"":""USD""}}",verified,defi|defillama,,eip155:8453|eip155:143,,False,,https://api.monid.ai/public/v1/providers/defillama/endpoints/api/protocols
defillama,/api/raises,/api/raises,GET,"{""type"":""PER_CALL"",""amount"":{""value"":0.0006,""currency"":""USD""}}",verified,defi|defillama,,eip155:8453|eip155:143,,False,,https://api.monid.ai/public/v1/providers/defillama/endpoints/api/raises
defillama,/api/summary/derivatives/{protocol},/api/summary/derivatives/{protocol},GET,"{""type"":""PER_CALL"",""amount"":{""value"":0.0006,""currency"":""USD""}}",verified,defillama|derivatives,,eip155:8453|eip155:143,,False,,https://api.monid.ai/public/v1/providers/defillama/endpoints/api/summary/derivatives/%7Bprotocol%7D
defillama,/api/summary/dexs/{protocol},/api/summary/dexs/{protocol},GET,"{""type"":""PER_CALL"",""amount"":{""value"":0,""currency"":""USD""}}",verified,defi|defillama,,eip155:8453|eip155:143,,False,,https://api.monid.ai/public/v1/providers/defillama/endpoints/api/summary/dexs/%7Bprotocol%7D
defillama,/api/summary/fees/{protocol},/api/summary/fees/{protocol},GET,"{""type"":""PER_CALL"",""amount"":{""value"":0,""currency"":""USD""}}",verified,defi|defillama,,eip155:8453|eip155:143,,False,,https://api.monid.ai/public/v1/providers/defillama/endpoints/api/summary/fees/%7Bprotocol%7D
defillama,/api/summary/options/{protocol},/api/summary/options/{protocol},GET,"{""type"":""PER_CALL"",""amount"":{""value"":0,""currency"":""USD""}}",verified,defi|defillama,,eip155:8453|eip155:143,,False,,https://api.monid.ai/public/v1/providers/defillama/endpoints/api/summary/options/%7Bprotocol%7D
defillama,/api/tokenProtocols/{symbol},/api/tokenProtocols/{symbol},GET,"{""type"":""PER_CALL"",""amount"":{""value"":0.0006,""currency"":""USD""}}",verified,defi|defillama,,eip155:8453|eip155:143,,False,,https://api.monid.ai/public/v1/providers/defillama/endpoints/api/tokenProtocols/%7Bsymbol%7D
defillama,/api/treasuries,/api/treasuries,GET,"{""type"":""PER_CALL"",""amount"":{""value"":0.0006,""currency"":""USD""}}",verified,defi|defillama,,eip155:8453|eip155:143,,False,,https://api.monid.ai/public/v1/providers/defillama/endpoints/api/treasuries
defillama,/api/tvl/{protocol},/api/tvl/{protocol},GET,"{""type"":""PER_CALL"",""amount"":{""value"":0,""currency"":""USD""}}",verified,defi|defillama,,eip155:8453|eip155:143,,False,,https://api.monid.ai/public/v1/providers/defillama/endpoints/api/tvl/%7Bprotocol%7D
defillama,/api/v2/chains,/api/v2/chains,GET,"{""type"":""PER_CALL"",""amount"":{""value"":0,""currency"":""USD""}}",verified,defi|defillama,,eip155:8453|eip155:143,,False,,https://api.monid.ai/public/v1/providers/defillama/endpoints/api/v2/chains
defillama,/api/v2/chart/fork/protocol-breakdown,/api/v2/chart/fork/protocol-breakdown,GET,"{""type"":""PER_CALL"",""amount"":{""value"":0.0006,""currency"":""USD""}}",verified,defi|defillama,,eip155:8453|eip155:143,,False,,https://api.monid.ai/public/v1/providers/defillama/endpoints/api/v2/chart/fork/protocol-breakdown
defillama,/api/v2/chart/fork/protocol/{protocol},/api/v2/chart/fork/protocol/{protocol},GET,"{""type"":""PER_CALL"",""amount"":{""value"":0.0006,""currency"":""USD""}}",verified,defi|defillama,,eip155:8453|eip155:143,,False,,https://api.monid.ai/public/v1/providers/defillama/endpoints/api/v2/chart/fork/protocol/%7Bprotocol%7D
defillama,/api/v2/chart/oracle,/api/v2/chart/oracle,GET,"{""type"":""PER_CALL"",""amount"":{""value"":0.0006,""currency"":""USD""}}",verified,defi|defillama,,eip155:8453|eip155:143,,False,,https://api.monid.ai/public/v1/providers/defillama/endpoints/api/v2/chart/oracle
defillama,/api/v2/chart/oracle/chain-breakdown,/api/v2/chart/oracle/chain-breakdown,GET,"{""type"":""PER_CALL"",""amount"":{""value"":0.0006,""currency"":""USD""}}",verified,defi|defillama,,eip155:8453|eip155:143,,False,,https://api.monid.ai/public/v1/providers/defillama/endpoints/api/v2/chart/oracle/chain-breakdown
defillama,/api/v2/chart/oracle/chain/{chain},/api/v2/chart/oracle/chain/{chain},GET,"{""type"":""PER_CALL"",""amount"":{""value"":0.0006,""currency"":""USD""}}",verified,defi|defillama,,eip155:8453|eip155:143,,False,,https://api.monid.ai/public/v1/providers/defillama/endpoints/api/v2/chart/oracle/chain/%7Bchain%7D
defillama,/api/v2/chart/oracle/chain/{chain}/protocol-breakdown,/api/v2/chart/oracle/chain/{chain}/protocol-breakdown,GET,"{""type"":""PER_CALL"",""amount"":{""value"":0.0006,""currency"":""USD""}}",verified,defi|defillama,,eip155:8453|eip155:143,,False,,https://api.monid.ai/public/v1/providers/defillama/endpoints/api/v2/chart/oracle/chain/%7Bchain%7D/protocol-breakdown
defillama,/api/v2/chart/oracle/protocol-breakdown,/api/v2/chart/oracle/protocol-breakdown,GET,"{""type"":""PER_CALL"",""amount"":{""value"":0.0006,""currency"":""USD""}}",verified,defi|defillama,,eip155:8453|eip155:143,,False,,https://api.monid.ai/public/v1/providers/defillama/endpoints/api/v2/chart/oracle/protocol-breakdown
defillama,/api/v2/chart/oracle/protocol/{protocol},/api/v2/chart/oracle/protocol/{protocol},GET,"{""type"":""PER_CALL"",""amount"":{""value"":0.0006,""currency"":""USD""}}",verified,defi|defillama,,eip155:8453|eip155:143,,False,,https://api.monid.ai/public/v1/providers/defillama/endpoints/api/v2/chart/oracle/protocol/%7Bprotocol%7D
defillama,/api/v2/chart/oracle/protocol/{protocol}/chain-breakdown,/api/v2/chart/oracle/protocol/{protocol}/chain-breakdown,GET,"{""type"":""PER_CALL"",""amount"":{""value"":0.0006,""currency"":""USD""}}",verified,defi|defillama,,eip155:8453|eip155:143,,False,,https://api.monid.ai/public/v1/providers/defillama/endpoints/api/v2/chart/oracle/protocol/%7Bprotocol%7D/chain-breakdown
defillama,/api/v2/chart/treasury/protocol/{protocol},/api/v2/chart/treasury/protocol/{protocol},GET,"{""type"":""PER_CALL"",""amount"":{""value"":0.0006,""currency"":""USD""}}",verified,defi|defillama,,eip155:8453|eip155:143,,False,,https://api.monid.ai/public/v1/providers/defillama/endpoints/api/v2/chart/treasury/protocol/%7Bprotocol%7D
defillama,/api/v2/chart/treasury/protocol/{protocol}/chain-breakdown,/api/v2/chart/treasury/protocol/{protocol}/chain-breakdown,GET,"{""type"":""PER_CALL"",""amount"":{""value"":0.0006,""currency"":""USD""}}",verified,defi|defillama,,eip155:8453|eip155:143,,False,,https://api.monid.ai/public/v1/providers/defillama/endpoints/api/v2/chart/treasury/protocol/%7Bprotocol%7D/chain-breakdown
defillama,/api/v2/chart/treasury/protocol/{protocol}/token-breakdown,/api/v2/chart/treasury/protocol/{protocol}/token-breakdown,GET,"{""type"":""PER_CALL"",""amount"":{""value"":0.0006,""currency"":""USD""}}",verified,defi|defillama,,eip155:8453|eip155:143,,False,,https://api.monid.ai/public/v1/providers/defillama/endpoints/api/v2/chart/treasury/protocol/%7Bprotocol%7D/token-breakdown
defillama,/api/v2/chart/tvl/protocol/{protocol},/api/v2/chart/tvl/protocol/{protocol},GET,"{""type"":""PER_CALL"",""amount"":{""value"":0.0006,""currency"":""USD""}}",verified,defi|defillama,,eip155:8453|eip155:143,,False,,https://api.monid.ai/public/v1/providers/defillama/endpoints/api/v2/chart/tvl/protocol/%7Bprotocol%7D
defillama,/api/v2/chart/tvl/protocol/{protocol}/chain-breakdown,/api/v2/chart/tvl/protocol/{protocol}/chain-breakdown,GET,"{""type"":""PER_CALL"",""amount"":{""value"":0.0006,""currency"":""USD""}}",verified,defi|defillama,,eip155:8453|eip155:143,,False,,https://api.monid.ai/public/v1/providers/defillama/endpoints/api/v2/chart/tvl/protocol/%7Bprotocol%7D/chain-breakdown
defillama,/api/v2/chart/tvl/protocol/{protocol}/token-breakdown,/api/v2/chart/tvl/protocol/{protocol}/token-breakdown,GET,"{""type"":""PER_CALL"",""amount"":{""value"":0.0006,""currency"":""USD""}}",verified,defi|defillama,,eip155:8453|eip155:143,,False,,https://api.monid.ai/public/v1/providers/defillama/endpoints/api/v2/chart/tvl/protocol/%7Bprotocol%7D/token-breakdown
defillama,/api/v2/chart/{metric},/api/v2/chart/{metric},GET,"{""type"":""PER_CALL"",""amount"":{""value"":0.0006,""currency"":""USD""}}",verified,defi|defillama,,eip155:8453|eip155:143,,False,,https://api.monid.ai/public/v1/providers/defillama/endpoints/api/v2/chart/%7Bmetric%7D
defillama,/api/v2/chart/{metric}/category/{category},/api/v2/chart/{metric}/category/{category},GET,"{""type"":""PER_CALL"",""amount"":{""value"":0.0006,""currency"":""USD""}}",verified,defi|defillama,,eip155:8453|eip155:143,,False,,https://api.monid.ai/public/v1/providers/defillama/endpoints/api/v2/chart/%7Bmetric%7D/category/%7Bcategory%7D
defillama,/api/v2/chart/{metric}/category/{category}/chain-breakdown,/api/v2/chart/{metric}/category/{category}/chain-breakdown,GET,"{""type"":""PER_CALL"",""amount"":{""value"":0.0006,""currency"":""USD""}}",verified,defi|defillama,,eip155:8453|eip155:143,,False,,https://api.monid.ai/public/v1/providers/defillama/endpoints/api/v2/chart/%7Bmetric%7D/category/%7Bcategory%7D/chain-breakdown
defillama,/api/v2/chart/{metric}/category/{category}/chain/{chain},/api/v2/chart/{metric}/category/{category}/chain/{chain},GET,"{""type"":""PER_CALL"",""amount"":{""value"":0.0006,""currency"":""USD""}}",verified,defi|defillama,,eip155:8453|eip155:143,,False,,https://api.monid.ai/public/v1/providers/defillama/endpoints/api/v2/chart/%7Bmetric%7D/category/%7Bcategory%7D/chain/%7Bchain%7D
defillama,/api/v2/chart/{metric}/category/{category}/chain/{chain}/protocol-breakdown,/api/v2/chart/{metric}/category/{category}/chain/{chain}/protocol-breakdown,GET,"{""type"":""PER_CALL"",""amount"":{""value"":0.0006,""currency"":""USD""}}",verified,defi|defillama,,eip155:8453|eip155:143,,False,,https://api.monid.ai/public/v1/providers/defillama/endpoints/api/v2/chart/%7Bmetric%7D/category/%7Bcategory%7D/chain/%7Bchain%7D/protocol-breakdown
defillama,/api/v2/chart/{metric}/category/{category}/protocol-breakdown,/api/v2/chart/{metric}/category/{category}/protocol-breakdown,GET,"{""type"":""PER_CALL"",""amount"":{""value"":0.0006,""currency"":""USD""}}",verified,defi|defillama,,eip155:8453|eip155:143,,False,,https://api.monid.ai/public/v1/providers/defillama/endpoints/api/v2/chart/%7Bmetric%7D/category/%7Bcategory%7D/protocol-breakdown
defillama,/api/v2/chart/{metric}/chain-breakdown,/api/v2/chart/{metric}/chain-breakdown,GET,"{""type"":""PER_CALL"",""amount"":{""value"":0.0006,""currency"":""USD""}}",verified,defi|defillama,,eip155:8453|eip155:143,,False,,https://api.monid.ai/public/v1/providers/defillama/endpoints/api/v2/chart/%7Bmetric%7D/chain-breakdown
defillama,/api/v2/chart/{metric}/chain/{chain},/api/v2/chart/{metric}/chain/{chain},GET,"{""type"":""PER_CALL"",""amount"":{""value"":0.0006,""currency"":""USD""}}",verified,defi|defillama,,eip155:8453|eip155:143,,False,,https://api.monid.ai/public/v1/providers/defillama/endpoints/api/v2/chart/%7Bmetric%7D/chain/%7Bchain%7D
defillama,/api/v2/chart/{metric}/chain/{chain}/protocol-breakdown,/api/v2/chart/{metric}/chain/{chain}/protocol-breakdown,GET,"{""type"":""PER_CALL"",""amount"":{""value"":0.0006,""currency"":""USD""}}",verified,defi|defillama,,eip155:8453|eip155:143,,False,,https://api.monid.ai/public/v1/providers/defillama/endpoints/api/v2/chart/%7Bmetric%7D/chain/%7Bchain%7D/protocol-breakdown
defillama,/api/v2/chart/{metric}/protocol-breakdown,/api/v2/chart/{metric}/protocol-breakdown,GET,"{""type"":""PER_CALL"",""amount"":{""value"":0.0006,""currency"":""USD""}}",verified,defi|defillama,,eip155:8453|eip155:143,,False,,https://api.monid.ai/public/v1/providers/defillama/endpoints/api/v2/chart/%7Bmetric%7D/protocol-breakdown
defillama,/api/v2/chart/{metric}/protocol/{protocol},/api/v2/chart/{metric}/protocol/{protocol},GET,"{""type"":""PER_CALL"",""amount"":{""value"":0.0006,""currency"":""USD""}}",verified,defi|defillama,,eip155:8453|eip155:143,,False,,https://api.monid.ai/public/v1/providers/defillama/endpoints/api/v2/chart/%7Bmetric%7D/protocol/%7Bprotocol%7D
defillama,/api/v2/chart/{metric}/protocol/{protocol}/chain-breakdown,/api/v2/chart/{metric}/protocol/{protocol}/chain-breakdown,GET,"{""type"":""PER_CALL"",""amount"":{""value"":0.0006,""currency"":""USD""}}",verified,defi|defillama,,eip155:8453|eip155:143,,False,,https://api.monid.ai/public/v1/providers/defillama/endpoints/api/v2/chart/%7Bmetric%7D/protocol/%7Bprotocol%7D/chain-breakdown
defillama,/api/v2/chart/{metric}/protocol/{protocol}/label-breakdown,/api/v2/chart/{metric}/protocol/{protocol}/label-breakdown,GET,"{""type"":""PER_CALL"",""amount"":{""value"":0.0006,""currency"":""USD""}}",verified,defi|defillama,,eip155:8453|eip155:143,,False,,https://api.monid.ai/public/v1/providers/defillama/endpoints/api/v2/chart/%7Bmetric%7D/protocol/%7Bprotocol%7D/label-breakdown
defillama,/api/v2/chart/{metric}/protocol/{protocol}/version-breakdown,/api/v2/chart/{metric}/protocol/{protocol}/version-breakdown,GET,"{""type"":""PER_CALL"",""amount"":{""value"":0.0006,""currency"":""USD""}}",verified,defi|defillama,,eip155:8453|eip155:143,,False,,https://api.monid.ai/public/v1/providers/defillama/endpoints/api/v2/chart/%7Bmetric%7D/protocol/%7Bprotocol%7D/version-breakdown
defillama,/api/v2/historicalChainTvl,/api/v2/historicalChainTvl,GET,"{""type"":""PER_CALL"",""amount"":{""value"":0,""currency"":""USD""}}",verified,defi|defillama,,eip155:8453|eip155:143,,False,,https://api.monid.ai/public/v1/providers/defillama/endpoints/api/v2/historicalChainTvl
defillama,/api/v2/historicalChainTvl/{chain},/api/v2/historicalChainTvl/{chain},GET,"{""type"":""PER_CALL"",""amount"":{""value"":0,""currency"":""USD""}}",verified,defi|defillama,,eip155:8453|eip155:143,,False,,https://api.monid.ai/public/v1/providers/defillama/endpoints/api/v2/historicalChainTvl/%7Bchain%7D
defillama,/api/v2/metrics/financial-statement/protocol/{protocol},/api/v2/metrics/financial-statement/protocol/{protocol},GET,"{""type"":""PER_CALL"",""amount"":{""value"":0.0006,""currency"":""USD""}}",verified,defi|defillama,,eip155:8453|eip155:143,,False,,https://api.monid.ai/public/v1/providers/defillama/endpoints/api/v2/metrics/financial-statement/protocol/%7Bprotocol%7D
defillama,/api/v2/metrics/fork,/api/v2/metrics/fork,GET,"{""type"":""PER_CALL"",""amount"":{""value"":0.0006,""currency"":""USD""}}",verified,defi|defillama,,eip155:8453|eip155:143,,False,,https://api.monid.ai/public/v1/providers/defillama/endpoints/api/v2/metrics/fork
defillama,/api/v2/metrics/oracle,/api/v2/metrics/oracle,GET,"{""type"":""PER_CALL"",""amount"":{""value"":0.0006,""currency"":""USD""}}",verified,defi|defillama,,eip155:8453|eip155:143,,False,,https://api.monid.ai/public/v1/providers/defillama/endpoints/api/v2/metrics/oracle
defillama,/api/v2/metrics/treasury/protocol/{protocol},/api/v2/metrics/treasury/protocol/{protocol},GET,"{""type"":""PER_CALL"",""amount"":{""value"":0.0006,""currency"":""USD""}}",verified,defi|defillama,,eip155:8453|eip155:143,,False,,https://api.monid.ai/public/v1/providers/defillama/endpoints/api/v2/metrics/treasury/protocol/%7Bprotocol%7D
defillama,/api/v2/metrics/tvl/protocol/{protocol},/api/v2/metrics/tvl/protocol/{protocol},GET,"{""type"":""PER_CALL"",""amount"":{""value"":0.0006,""currency"":""USD""}}",verified,defi|defillama,,eip155:8453|eip155:143,,False,,https://api.monid.ai/public/v1/providers/defillama/endpoints/api/v2/metrics/tvl/protocol/%7Bprotocol%7D
defillama,/api/v2/metrics/{metric},/api/v2/metrics/{metric},GET,"{""type"":""PER_CALL"",""amount"":{""value"":0.0006,""currency"":""USD""}}",verified,defi|defillama,,eip155:8453|eip155:143,,False,,https://api.monid.ai/public/v1/providers/defillama/endpoints/api/v2/metrics/%7Bmetric%7D
defillama,/api/v2/metrics/{metric}/category/{category},/api/v2/metrics/{metric}/category/{category},GET,"{""type"":""PER_CALL"",""amount"":{""value"":0.0006,""currency"":""USD""}}",verified,defi|defillama,,eip155:8453|eip155:143,,False,,https://api.monid.ai/public/v1/providers/defillama/endpoints/api/v2/metrics/%7Bmetric%7D/category/%7Bcategory%7D
defillama,/api/v2/metrics/{metric}/category/{category}/chain/{chain},/api/v2/metrics/{metric}/category/{category}/chain/{chain},GET,"{""type"":""PER_CALL"",""amount"":{""value"":0.0006,""currency"":""USD""}}",verified,defi|defillama,,eip155:8453|eip155:143,,False,,https://api.monid.ai/public/v1/providers/defillama/endpoints/api/v2/metrics/%7Bmetric%7D/category/%7Bcategory%7D/chain/%7Bchain%7D
defillama,/api/v2/metrics/{metric}/chain/{chain},/api/v2/metrics/{metric}/chain/{chain},GET,"{""type"":""PER_CALL"",""amount"":{""value"":0.0006,""currency"":""USD""}}",verified,defi|defillama,,eip155:8453|eip155:143,,False,,https://api.monid.ai/public/v1/providers/defillama/endpoints/api/v2/metrics/%7Bmetric%7D/chain/%7Bchain%7D
defillama,/api/v2/metrics/{metric}/protocol/{protocol},/api/v2/metrics/{metric}/protocol/{protocol},GET,"{""type"":""PER_CALL"",""amount"":{""value"":0.0006,""currency"":""USD""}}",verified,defi|defillama,,eip155:8453|eip155:143,,False,,https://api.monid.ai/public/v1/providers/defillama/endpoints/api/v2/metrics/%7Bmetric%7D/protocol/%7Bprotocol%7D
defillama,/bridges/bridge/{id},/bridges/bridge/{id},GET,"{""type"":""PER_CALL"",""amount"":{""value"":0.0006,""currency"":""USD""}}",verified,defi|defillama,,eip155:8453|eip155:143,,False,,https://api.monid.ai/public/v1/providers/defillama/endpoints/bridges/bridge/%7Bid%7D
defillama,/bridges/bridgedaystats/{timestamp}/{chain},/bridges/bridgedaystats/{timestamp}/{chain},GET,"{""type"":""PER_CALL"",""amount"":{""value"":0.0006,""currency"":""USD""}}",verified,defi|defillama,,eip155:8453|eip155:143,,False,,https://api.monid.ai/public/v1/providers/defillama/endpoints/bridges/bridgedaystats/%7Btimestamp%7D/%7Bchain%7D
defillama,/bridges/bridges,/bridges/bridges,GET,"{""type"":""PER_CALL"",""amount"":{""value"":0.0006,""currency"":""USD""}}",verified,defi|defillama,,eip155:8453|eip155:143,,False,,https://api.monid.ai/public/v1/providers/defillama/endpoints/bridges/bridges
defillama,/bridges/bridgevolume/{chain},/bridges/bridgevolume/{chain},GET,"{""type"":""PER_CALL"",""amount"":{""value"":0.0006,""currency"":""USD""}}",verified,defi|defillama,,eip155:8453|eip155:143,,False,,https://api.monid.ai/public/v1/providers/defillama/endpoints/bridges/bridgevolume/%7Bchain%7D
defillama,/bridges/transactions/{id},/bridges/transactions/{id},GET,"{""type"":""PER_CALL"",""amount"":{""value"":0.0006,""currency"":""USD""}}",verified,defi|defillama,,eip155:8453|eip155:143,,False,,https://api.monid.ai/public/v1/providers/defillama/endpoints/bridges/transactions/%7Bid%7D
defillama,/coins/batchHistorical,/coins/batchHistorical,GET,"{""type"":""PER_CALL"",""amount"":{""value"":0,""currency"":""USD""}}",verified,defillama|token-prices,,eip155:8453|eip155:143,,False,,https://api.monid.ai/public/v1/providers/defillama/endpoints/coins/batchHistorical
defillama,/coins/block/{chain}/{timestamp},/coins/block/{chain}/{timestamp},GET,"{""type"":""PER_CALL"",""amount"":{""value"":0,""currency"":""USD""}}",verified,defillama|token-prices,,eip155:8453|eip155:143,,False,,https://api.monid.ai/public/v1/providers/defillama/endpoints/coins/block/%7Bchain%7D/%7Btimestamp%7D
defillama,/coins/chart/{coins},/coins/chart/{coins},GET,"{""type"":""PER_CALL"",""amount"":{""value"":0,""currency"":""USD""}}",verified,defillama|token-prices,,eip155:8453|eip155:143,,False,,https://api.monid.ai/public/v1/providers/defillama/endpoints/coins/chart/%7Bcoins%7D
defillama,/coins/percentage/{coins},/coins/percentage/{coins},GET,"{""type"":""PER_CALL"",""amount"":{""value"":0,""currency"":""USD""}}",verified,defillama|token-prices,,eip155:8453|eip155:143,,False,,https://api.monid.ai/public/v1/providers/defillama/endpoints/coins/percentage/%7Bcoins%7D
defillama,/coins/prices/current/{coins},/coins/prices/current/{coins},GET,"{""type"":""PER_CALL"",""amount"":{""value"":0,""currency"":""USD""}}",verified,defillama|token-prices,,eip155:8453|eip155:143,,False,,https://api.monid.ai/public/v1/providers/defillama/endpoints/coins/prices/current/%7Bcoins%7D
defillama,/coins/prices/first/{coins},/coins/prices/first/{coins},GET,"{""type"":""PER_CALL"",""amount"":{""value"":0,""currency"":""USD""}}",verified,defillama|token-prices,,eip155:8453|eip155:143,,False,,https://api.monid.ai/public/v1/providers/defillama/endpoints/coins/prices/first/%7Bcoins%7D
defillama,/coins/prices/historical/{timestamp}/{coins},/coins/prices/historical/{timestamp}/{coins},GET,"{""type"":""PER_CALL"",""amount"":{""value"":0,""currency"":""USD""}}",verified,defillama|token-prices,,eip155:8453|eip155:143,,False,,https://api.monid.ai/public/v1/providers/defillama/endpoints/coins/prices/historical/%7Btimestamp%7D/%7Bcoins%7D
defillama,/dat/institutions,/dat/institutions,GET,"{""type"":""PER_CALL"",""amount"":{""value"":0.0006,""currency"":""USD""}}",verified,defi|defillama,,eip155:8453|eip155:143,,False,,https://api.monid.ai/public/v1/providers/defillama/endpoints/dat/institutions
defillama,/dat/institutions/{symbol},/dat/institutions/{symbol},GET,"{""type"":""PER_CALL"",""amount"":{""value"":0.0006,""currency"":""USD""}}",verified,defi|defillama,,eip155:8453|eip155:143,,False,,https://api.monid.ai/public/v1/providers/defillama/endpoints/dat/institutions/%7Bsymbol%7D
defillama,/equities/v1/companies-list,/equities/v1/companies-list,GET,"{""type"":""PER_CALL"",""amount"":{""value"":0.0006,""currency"":""USD""}}",verified,defillama|equities,,eip155:8453|eip155:143,,False,,https://api.monid.ai/public/v1/providers/defillama/endpoints/equities/v1/companies-list
defillama,/equities/v1/dimensions,/equities/v1/dimensions,GET,"{""type"":""PER_CALL"",""amount"":{""value"":0.0006,""currency"":""USD""}}",verified,defillama|equities,,eip155:8453|eip155:143,,False,,https://api.monid.ai/public/v1/providers/defillama/endpoints/equities/v1/dimensions
defillama,/equities/v1/earnings-calendar,/equities/v1/earnings-calendar,GET,"{""type"":""PER_CALL"",""amount"":{""value"":0.0006,""currency"":""USD""}}",verified,defillama|equities,,eip155:8453|eip155:143,,False,,https://api.monid.ai/public/v1/providers/defillama/endpoints/equities/v1/earnings-calendar
defillama,/equities/v1/filings,/equities/v1/filings,GET,"{""type"":""PER_CALL"",""amount"":{""value"":0.0006,""currency"":""USD""}}",verified,defillama|equities,,eip155:8453|eip155:143,,False,,https://api.monid.ai/public/v1/providers/defillama/endpoints/equities/v1/filings
defillama,/equities/v1/industries,/equities/v1/industries,GET,"{""type"":""PER_CALL"",""amount"":{""value"":0.0006,""currency"":""USD""}}",verified,defillama|equities,,eip155:8453|eip155:143,,False,,https://api.monid.ai/public/v1/providers/defillama/endpoints/equities/v1/industries
defillama,/equities/v1/ohlcv,/equities/v1/ohlcv,GET,"{""type"":""PER_CALL"",""amount"":{""value"":0.0006,""currency"":""USD""}}",verified,defillama|equities,,eip155:8453|eip155:143,,False,,https://api.monid.ai/public/v1/providers/defillama/endpoints/equities/v1/ohlcv
defillama,/equities/v1/onchain,/equities/v1/onchain,GET,"{""type"":""PER_CALL"",""amount"":{""value"":0.0006,""currency"":""USD""}}",verified,defillama|equities,,eip155:8453|eip155:143,,False,,https://api.monid.ai/public/v1/providers/defillama/endpoints/equities/v1/onchain
defillama,/equities/v1/price-history,/equities/v1/price-history,GET,"{""type"":""PER_CALL"",""amount"":{""value"":0.0006,""currency"":""USD""}}",verified,defillama|equities,,eip155:8453|eip155:143,,False,,https://api.monid.ai/public/v1/providers/defillama/endpoints/equities/v1/price-history
defillama,/equities/v1/sector,/equities/v1/sector,GET,"{""type"":""PER_CALL"",""amount"":{""value"":0.0006,""currency"":""USD""}}",verified,defillama|equities,,eip155:8453|eip155:143,,False,,https://api.monid.ai/public/v1/providers/defillama/endpoints/equities/v1/sector
defillama,/equities/v1/sectors,/equities/v1/sectors,GET,"{""type"":""PER_CALL"",""amount"":{""value"":0.0006,""currency"":""USD""}}",verified,defillama|equities,,eip155:8453|eip155:143,,False,,https://api.monid.ai/public/v1/providers/defillama/endpoints/equities/v1/sectors
defillama,/equities/v1/sectors-overview,/equities/v1/sectors-overview,GET,"{""type"":""PER_CALL"",""amount"":{""value"":0.0006,""currency"":""USD""}}",verified,defillama|equities,,eip155:8453|eip155:143,,False,,https://api.monid.ai/public/v1/providers/defillama/endpoints/equities/v1/sectors-overview
defillama,/equities/v1/statements,/equities/v1/statements,GET,"{""type"":""PER_CALL"",""amount"":{""value"":0.0006,""currency"":""USD""}}",verified,defillama|equities,,eip155:8453|eip155:143,,False,,https://api.monid.ai/public/v1/providers/defillama/endpoints/equities/v1/statements
defillama,/equities/v1/summary,/equities/v1/summary,GET,"{""type"":""PER_CALL"",""amount"":{""value"":0.0006,""currency"":""USD""}}",verified,defillama|equities,,eip155:8453|eip155:143,,False,,https://api.monid.ai/public/v1/providers/defillama/endpoints/equities/v1/summary
defillama,/etfs/flows,/etfs/flows,GET,"{""type"":""PER_CALL"",""amount"":{""value"":0.0006,""currency"":""USD""}}",verified,defi|defillama,,eip155:8453|eip155:143,,False,,https://api.monid.ai/public/v1/providers/defillama/endpoints/etfs/flows
defillama,/etfs/snapshot,/etfs/snapshot,GET,"{""type"":""PER_CALL"",""amount"":{""value"":0.0006,""currency"":""USD""}}",verified,defi|defillama,,eip155:8453|eip155:143,,False,,https://api.monid.ai/public/v1/providers/defillama/endpoints/etfs/snapshot
defillama,/fdv/performance/{period},/fdv/performance/{period},GET,"{""type"":""PER_CALL"",""amount"":{""value"":0.0006,""currency"":""USD""}}",verified,defi|defillama,,eip155:8453|eip155:143,,False,,https://api.monid.ai/public/v1/providers/defillama/endpoints/fdv/performance/%7Bperiod%7D
defillama,/pre-ipo/v1/companies-list,/pre-ipo/v1/companies-list,GET,"{""type"":""PER_CALL"",""amount"":{""value"":0.0006,""currency"":""USD""}}",verified,defi|defillama,,eip155:8453|eip155:143,,False,,https://api.monid.ai/public/v1/providers/defillama/endpoints/pre-ipo/v1/companies-list
defillama,/pre-ipo/v1/integrations,/pre-ipo/v1/integrations,GET,"{""type"":""PER_CALL"",""amount"":{""value"":0.0006,""currency"":""USD""}}",verified,defi|defillama,,eip155:8453|eip155:143,,False,,https://api.monid.ai/public/v1/providers/defillama/endpoints/pre-ipo/v1/integrations
defillama,/pre-ipo/v1/raises,/pre-ipo/v1/raises,GET,"{""type"":""PER_CALL"",""amount"":{""value"":0.0006,""currency"":""USD""}}",verified,defi|defillama,,eip155:8453|eip155:143,,False,,https://api.monid.ai/public/v1/providers/defillama/endpoints/pre-ipo/v1/raises
defillama,/pre-ipo/v1/summary,/pre-ipo/v1/summary,GET,"{""type"":""PER_CALL"",""amount"":{""value"":0.0006,""currency"":""USD""}}",verified,defi|defillama,,eip155:8453|eip155:143,,False,,https://api.monid.ai/public/v1/providers/defillama/endpoints/pre-ipo/v1/summary
defillama,/pre-ipo/v1/valuations,/pre-ipo/v1/valuations,GET,"{""type"":""PER_CALL"",""amount"":{""value"":0.0006,""currency"":""USD""}}",verified,defi|defillama,,eip155:8453|eip155:143,,False,,https://api.monid.ai/public/v1/providers/defillama/endpoints/pre-ipo/v1/valuations
defillama,/rwa/chain/{chain},/rwa/chain/{chain},GET,"{""type"":""PER_CALL"",""amount"":{""value"":0.0006,""currency"":""USD""}}",verified,defi|defillama,,eip155:8453|eip155:143,,False,,https://api.monid.ai/public/v1/providers/defillama/endpoints/rwa/chain/%7Bchain%7D
defillama,/rwa/chart/chain-breakdown,/rwa/chart/chain-breakdown,GET,"{""type"":""PER_CALL"",""amount"":{""value"":0.0006,""currency"":""USD""}}",verified,defi|defillama,,eip155:8453|eip155:143,,False,,https://api.monid.ai/public/v1/providers/defillama/endpoints/rwa/chart/chain-breakdown
defillama,/rwa/chart/chain/{chain},/rwa/chart/chain/{chain},GET,"{""type"":""PER_CALL"",""amount"":{""value"":0.0006,""currency"":""USD""}}",verified,defi|defillama,,eip155:8453|eip155:143,,False,,https://api.monid.ai/public/v1/providers/defillama/endpoints/rwa/chart/chain/%7Bchain%7D
defillama,/rwa/current,/rwa/current,GET,"{""type"":""PER_CALL"",""amount"":{""value"":0.0006,""currency"":""USD""}}",verified,defi|defillama,,eip155:8453|eip155:143,,False,,https://api.monid.ai/public/v1/providers/defillama/endpoints/rwa/current
defillama,/rwa/list,/rwa/list,GET,"{""type"":""PER_CALL"",""amount"":{""value"":0.0006,""currency"":""USD""}}",verified,defi|defillama,,eip155:8453|eip155:143,,False,,https://api.monid.ai/public/v1/providers/defillama/endpoints/rwa/list
defillama,/rwa/stats,/rwa/stats,GET,"{""type"":""PER_CALL"",""amount"":{""value"":0.0006,""currency"":""USD""}}",verified,defi|defillama,,eip155:8453|eip155:143,,False,,https://api.monid.ai/public/v1/providers/defillama/endpoints/rwa/stats
defillama,/stablecoins/stablecoin/{asset},/stablecoins/stablecoin/{asset},GET,"{""type"":""PER_CALL"",""amount"":{""value"":0,""currency"":""USD""}}",verified,defillama|stablecoins,,eip155:8453|eip155:143,,False,,https://api.monid.ai/public/v1/providers/defillama/endpoints/stablecoins/stablecoin/%7Basset%7D
defillama,/stablecoins/stablecoinchains,/stablecoins/stablecoinchains,GET,"{""type"":""PER_CALL"",""amount"":{""value"":0,""currency"":""USD""}}",verified,defillama|stablecoins,,eip155:8453|eip155:143,,False,,https://api.monid.ai/public/v1/providers/defillama/endpoints/stablecoins/stablecoinchains
defillama,/stablecoins/stablecoincharts/all,/stablecoins/stablecoincharts/all,GET,"{""type"":""PER_CALL"",""amount"":{""value"":0,""currency"":""USD""}}",verified,defillama|stablecoins,,eip155:8453|eip155:143,,False,,https://api.monid.ai/public/v1/providers/defillama/endpoints/stablecoins/stablecoincharts/all
defillama,/stablecoins/stablecoincharts/{chain},/stablecoins/stablecoincharts/{chain},GET,"{""type"":""PER_CALL"",""amount"":{""value"":0,""currency"":""USD""}}",verified,defillama|stablecoins,,eip155:8453|eip155:143,,False,,https://api.monid.ai/public/v1/providers/defillama/endpoints/stablecoins/stablecoincharts/%7Bchain%7D
defillama,/stablecoins/stablecoindominance/{chain},/stablecoins/stablecoindominance/{chain},GET,"{""type"":""PER_CALL"",""amount"":{""value"":0.0006,""currency"":""USD""}}",verified,defillama|stablecoins,,eip155:8453|eip155:143,,False,,https://api.monid.ai/public/v1/providers/defillama/endpoints/stablecoins/stablecoindominance/%7Bchain%7D
defillama,/stablecoins/stablecoinprices,/stablecoins/stablecoinprices,GET,"{""type"":""PER_CALL"",""amount"":{""value"":0,""currency"":""USD""}}",verified,defillama|stablecoins,,eip155:8453|eip155:143,,False,,https://api.monid.ai/public/v1/providers/defillama/endpoints/stablecoins/stablecoinprices
defillama,/stablecoins/stablecoins,/stablecoins/stablecoins,GET,"{""type"":""PER_CALL"",""amount"":{""value"":0,""currency"":""USD""}}",verified,defillama|stablecoins,,eip155:8453|eip155:143,,False,,https://api.monid.ai/public/v1/providers/defillama/endpoints/stablecoins/stablecoins
defillama,/yields/v1/chart/{pool},/yields/v1/chart/{pool},GET,"{""type"":""PER_CALL"",""amount"":{""value"":0.0006,""currency"":""USD""}}",verified,defillama|yields,,eip155:8453|eip155:143,,False,,https://api.monid.ai/public/v1/providers/defillama/endpoints/yields/v1/chart/%7Bpool%7D
defillama,/yields/v1/chartLendBorrow/{pool},/yields/v1/chartLendBorrow/{pool},GET,"{""type"":""PER_CALL"",""amount"":{""value"":0.0006,""currency"":""USD""}}",verified,defillama|yields,,eip155:8453|eip155:143,,False,,https://api.monid.ai/public/v1/providers/defillama/endpoints/yields/v1/chartLendBorrow/%7Bpool%7D
defillama,/yields/v1/pools,/yields/v1/pools,GET,"{""type"":""PER_CALL"",""amount"":{""value"":0.0006,""currency"":""USD""}}",verified,defillama|yields,,eip155:8453|eip155:143,,False,,https://api.monid.ai/public/v1/providers/defillama/endpoints/yields/v1/pools
defillama,/yields/v1/poolsBorrow,/yields/v1/poolsBorrow,GET,"{""type"":""PER_CALL"",""amount"":{""value"":0.0006,""currency"":""USD""}}",verified,defillama|yields,,eip155:8453|eip155:143,,False,,https://api.monid.ai/public/v1/providers/defillama/endpoints/yields/v1/poolsBorrow
defillama,/yields/v2/borrow/markets,/yields/v2/borrow/markets,GET,"{""type"":""PER_CALL"",""amount"":{""value"":0.0006,""currency"":""USD""}}",verified,defillama|yields,,eip155:8453|eip155:143,,False,,https://api.monid.ai/public/v1/providers/defillama/endpoints/yields/v2/borrow/markets
defillama,/yields/v2/borrow/markets/{id}/history,/yields/v2/borrow/markets/{id}/history,GET,"{""type"":""PER_CALL"",""amount"":{""value"":0.0006,""currency"":""USD""}}",verified,defillama|yields,,eip155:8453|eip155:143,,False,,https://api.monid.ai/public/v1/providers/defillama/endpoints/yields/v2/borrow/markets/%7Bid%7D/history
defillama,/yields/v2/borrow/routes,/yields/v2/borrow/routes,GET,"{""type"":""PER_CALL"",""amount"":{""value"":0.0006,""currency"":""USD""}}",verified,defillama|yields,,eip155:8453|eip155:143,,False,,https://api.monid.ai/public/v1/providers/defillama/endpoints/yields/v2/borrow/routes
defillama,/yields/v2/earn,/yields/v2/earn,GET,"{""type"":""PER_CALL"",""amount"":{""value"":0.0006,""currency"":""USD""}}",verified,defillama|yields,,eip155:8453|eip155:143,,False,,https://api.monid.ai/public/v1/providers/defillama/endpoints/yields/v2/earn
defillama,/yields/v2/earn/query,/yields/v2/earn/query,GET,"{""type"":""PER_CALL"",""amount"":{""value"":0.0006,""currency"":""USD""}}",verified,defillama|yields,,eip155:8453|eip155:143,,False,,https://api.monid.ai/public/v1/providers/defillama/endpoints/yields/v2/earn/query
defillama,/yields/v2/earn/verified,/yields/v2/earn/verified,GET,"{""type"":""PER_CALL"",""amount"":{""value"":0.0006,""currency"":""USD""}}",verified,defillama|yields,,eip155:8453|eip155:143,,False,,https://api.monid.ai/public/v1/providers/defillama/endpoints/yields/v2/earn/verified
defillama,/yields/v2/earn/verified/{id},/yields/v2/earn/verified/{id},GET,"{""type"":""PER_CALL"",""amount"":{""value"":0.0006,""currency"":""USD""}}",verified,defillama|yields,,eip155:8453|eip155:143,,False,,https://api.monid.ai/public/v1/providers/defillama/endpoints/yields/v2/earn/verified/%7Bid%7D
defillama,/yields/v2/earn/verified/{id}/history,/yields/v2/earn/verified/{id}/history,GET,"{""type"":""PER_CALL"",""amount"":{""value"":0.0006,""currency"":""USD""}}",verified,defillama|yields,,eip155:8453|eip155:143,,False,,https://api.monid.ai/public/v1/providers/defillama/endpoints/yields/v2/earn/verified/%7Bid%7D/history
defillama,/yields/v2/earn/{id}/history,/yields/v2/earn/{id}/history,GET,"{""type"":""PER_CALL"",""amount"":{""value"":0.0006,""currency"":""USD""}}",verified,defillama|yields,,eip155:8453|eip155:143,,False,,https://api.monid.ai/public/v1/providers/defillama/endpoints/yields/v2/earn/%7Bid%7D/history
defillama,/yields/v2/loops,/yields/v2/loops,GET,"{""type"":""PER_CALL"",""amount"":{""value"":0.0006,""currency"":""USD""}}",verified,defillama|yields,,eip155:8453|eip155:143,,False,,https://api.monid.ai/public/v1/providers/defillama/endpoints/yields/v2/loops
edmunds,/get_makes,List makes,GET,"{""type"":""PER_CALL"",""amount"":{""value"":0.01,""currency"":""USD""}}",verified,automotive|edmunds,,eip155:8453|eip155:143,,False,https://parse.bot/marketplace/edmunds-com-api,https://api.monid.ai/public/v1/providers/edmunds/endpoints/get_makes
edmunds,/get_vehicle_details,Get vehicle detail,GET,"{""type"":""PER_CALL"",""amount"":{""value"":0.01,""currency"":""USD""}}",verified,automotive|edmunds,,eip155:8453|eip155:143,,False,https://parse.bot/marketplace/edmunds-com-api,https://api.monid.ai/public/v1/providers/edmunds/endpoints/get_vehicle_details
edmunds,/search_inventory,Search inventory,GET,"{""type"":""PER_CALL"",""amount"":{""value"":0.01,""currency"":""USD""}}",verified,automotive|edmunds,,eip155:8453|eip155:143,,False,https://parse.bot/marketplace/edmunds-com-api,https://api.monid.ai/public/v1/providers/edmunds/endpoints/search_inventory
elevenlabs,/text-to-speech,Text to Speech,POST,"{""type"":""PER_UNIT_MATRIX"",""amount"":{""value"":0.05,""currency"":""USD""},""selectors"":[{""label"":""Model"",""key"":""model_id"",""in"":""body""}],""variants"":[{""when"":{""model_id"":""eleven_multilingual_v2""},""price"":{""type"":""PER_UNIT"",""amount"":{""value"":0.1,""currency"":""USD""},""per"":1000,""unit"":""character""},""label"":""Multilingual v2 \u2014 per 1,000 characters""},{""when"":{""model_id"":""eleven_flash_v2_5""},""price"":{""type"":""PER_UNIT"",""amount"":{""value"":0.05,""currency"":""USD""},""per"":1000,""unit"":""character""},""label"":""Flash v2.5 \u2014 per 1,000 characters""},{""when"":{""model_id"":""eleven_v3""},""price"":{""type"":""PER_UNIT"",""amount"":{""value"":0.1,""currency"":""USD""},""per"":1000,""unit"":""character""},""label"":""Eleven v3 \u2014 per 1,000 characters""}]}",verified,elevenlabs|speech,,,,False,https://elevenlabs.io/docs/api-reference/text-to-speech/convert,https://api.monid.ai/public/v1/providers/elevenlabs/endpoints/text-to-speech
elevenlabs,/v1/audio-isolation,Voice Isolator,POST,"{""type"":""PER_UNIT_MATRIX"",""amount"":{""value"":0.12,""currency"":""USD""},""selectors"":[{""label"":""Rate"",""key"":""rate"",""in"":""body""}],""variants"":[{""when"":{""rate"":""standard""},""price"":{""type"":""PER_UNIT"",""amount"":{""value"":0.12,""currency"":""USD""},""per"":60,""unit"":""second""},""label"":""Per minute of input audio""}]}",verified,audio|elevenlabs,,,,False,https://elevenlabs.io/docs/api-reference/audio-isolation/convert,https://api.monid.ai/public/v1/providers/elevenlabs/endpoints/v1/audio-isolation
elevenlabs,/v1/forced-alignment,Forced Alignment,POST,"{""type"":""PER_UNIT_MATRIX"",""amount"":{""value"":0.22,""currency"":""USD""},""selectors"":[{""label"":""Rate"",""key"":""rate"",""in"":""body""}],""variants"":[{""when"":{""rate"":""standard""},""price"":{""type"":""PER_UNIT"",""amount"":{""value"":0.22,""currency"":""USD""},""per"":3600,""unit"":""second""},""label"":""Per hour of input audio""}]}",verified,elevenlabs|speech,,eip155:8453|eip155:143,,False,https://elevenlabs.io/docs/api-reference/forced-alignment/create,https://api.monid.ai/public/v1/providers/elevenlabs/endpoints/v1/forced-alignment
elevenlabs,/v1/music,Music Generation,POST,"{""type"":""PER_UNIT_MATRIX"",""amount"":{""value"":0.15,""currency"":""USD""},""selectors"":[{""label"":""Model"",""key"":""model_id"",""in"":""body""}],""variants"":[{""when"":{""model_id"":""music_v1""},""price"":{""type"":""PER_UNIT"",""amount"":{""value"":0.15,""currency"":""USD""},""per"":60,""unit"":""second""},""label"":""Music v1 \u2014 per minute of generated audio""},{""when"":{""model_id"":""music_v2""},""price"":{""type"":""PER_UNIT"",""amount"":{""value"":0.15,""currency"":""USD""},""per"":60,""unit"":""second""},""label"":""Music v2 \u2014 per minute of generated audio""}]}",verified,elevenlabs|music-generation,,,,False,https://elevenlabs.io/docs/api-reference/music/compose,https://api.monid.ai/public/v1/providers/elevenlabs/endpoints/v1/music
elevenlabs,/v1/sound-generation,Sound Effects,POST,"{""type"":""PER_UNIT_MATRIX"",""amount"":{""value"":0.12,""currency"":""USD""},""selectors"":[{""label"":""Model"",""key"":""model_id"",""in"":""body""}],""variants"":[{""when"":{""model_id"":""eleven_text_to_sound_v2""},""price"":{""type"":""PER_UNIT"",""amount"":{""value"":0.12,""currency"":""USD""},""per"":60,""unit"":""second""},""label"":""Text to Sound v2 \u2014 per minute of generated audio""}]}",verified,audio|elevenlabs,,,,False,https://elevenlabs.io/docs/api-reference/text-to-sound-effects/convert,https://api.monid.ai/public/v1/providers/elevenlabs/endpoints/v1/sound-generation
elevenlabs,/v1/speech-to-speech,Voice Changer,POST,"{""type"":""PER_UNIT_MATRIX"",""amount"":{""value"":0.12,""currency"":""USD""},""selectors"":[{""label"":""Model"",""key"":""model_id"",""in"":""body""}],""variants"":[{""when"":{""model_id"":""eleven_multilingual_sts_v2""},""price"":{""type"":""PER_UNIT"",""amount"":{""value"":0.12,""currency"":""USD""},""per"":60,""unit"":""second""},""label"":""Multilingual STS v2 \u2014 per minute of input audio""},{""when"":{""model_id"":""eleven_english_sts_v2""},""price"":{""type"":""PER_UNIT"",""amount"":{""value"":0.12,""currency"":""USD""},""per"":60,""unit"":""second""},""label"":""English STS v2 \u2014 per minute of input audio""}]}",verified,elevenlabs|speech,,,,False,https://elevenlabs.io/docs/api-reference/speech-to-speech/convert,https://api.monid.ai/public/v1/providers/elevenlabs/endpoints/v1/speech-to-speech
elevenlabs,/v1/speech-to-text,Speech to Text,POST,"{""type"":""PER_UNIT_MATRIX"",""amount"":{""value"":0.22,""currency"":""USD""},""selectors"":[{""label"":""Entity detection"",""key"":""entity_detection"",""in"":""body""},{""label"":""Keyterm prompting"",""key"":""keyterms_enabled"",""in"":""body""}],""variants"":[{""when"":{""entity_detection"":""false"",""keyterms_enabled"":""false""},""price"":{""type"":""PER_UNIT"",""amount"":{""value"":0.22,""currency"":""USD""},""per"":3600,""unit"":""second""},""label"":""Base \u2014 per hour of audio""},{""when"":{""entity_detection"":""false"",""keyterms_enabled"":""true""},""price"":{""type"":""PER_UNIT"",""amount"":{""value"":0.27,""currency"":""USD""},""per"":3600,""unit"":""second""},""label"":""With keyterm prompting \u2014 per hour of audio""},{""when"":{""entity_detection"":""true"",""keyterms_enabled"":""false""},""price"":{""type"":""PER_UNIT"",""amount"":{""value"":0.29,""currency"":""USD""},""per"":3600,""unit"":""second""},""label"":""With entity detection \u2014 per hour of audio""},{""when"":{""entity_detection"":""true"",""keyterms_enabled"":""true""},""price"":{""type"":""PER_UNIT"",""amount"":{""value"":0.34,""currency"":""USD""},""per"":3600,""unit"":""second""},""label"":""With entity detection + keyterms \u2014 per hour of audio""}]}",verified,elevenlabs|speech,,eip155:8453|eip155:143,,False,https://elevenlabs.io/docs/api-reference/speech-to-text/convert,https://api.monid.ai/public/v1/providers/elevenlabs/endpoints/v1/speech-to-text
elevenlabs,/v1/text-to-dialogue,Text to Dialogue,POST,"{""type"":""PER_UNIT_MATRIX"",""amount"":{""value"":0.1,""currency"":""USD""},""selectors"":[{""label"":""Model"",""key"":""model_id"",""in"":""body""}],""variants"":[{""when"":{""model_id"":""eleven_v3""},""price"":{""type"":""PER_UNIT"",""amount"":{""value"":0.1,""currency"":""USD""},""per"":1000,""unit"":""character""},""label"":""Eleven v3 \u2014 per 1,000 characters""}]}",verified,elevenlabs|speech,,,,False,https://elevenlabs.io/docs/api-reference/text-to-dialogue/convert,https://api.monid.ai/public/v1/providers/elevenlabs/endpoints/v1/text-to-dialogue
elevenlabs,/voices,List Voices,GET,"{""type"":""PER_CALL"",""amount"":{""value"":0,""currency"":""USD""}}",verified,elevenlabs|speech,,eip155:8453|eip155:143,,False,https://elevenlabs.io/docs/api-reference/voices/search,https://api.monid.ai/public/v1/providers/elevenlabs/endpoints/voices
emc2ai.io,/x402/bitquery/bagcheck/raw,Raw,POST,"{""type"":""PER_CALL"",""amount"":{""value"":0.44,""currency"":""USD""}}",,,,eip155:8453|eip155:143,,False,https://emc2ai.io/x402/bitquery/bagcheck/raw,https://api.monid.ai/public/v1/providers/emc2ai.io/endpoints/x402/bitquery/bagcheck/raw
exa,/contents,Exa Contents,POST,"{""type"":""PER_CALL"",""amount"":{""value"":0.001,""currency"":""USD""}}",verified,exa|web-extraction,,eip155:8453|eip155:143,,False,https://exa.ai/docs/reference/get-contents,https://api.monid.ai/public/v1/providers/exa/endpoints/contents
exa,/search,Exa Search API,POST,"{""type"":""TIERED"",""amount"":{""value"":0.007,""currency"":""USD""},""default"":{""type"":""PER_CALL"",""amount"":{""value"":0.007,""currency"":""USD""}},""tiers"":[{""label"":""Results above 10"",""selector"":{""label"":""Results above 10"",""key"":""numResults"",""in"":""body"",""offset"":10},""price"":{""type"":""PER_RESULT"",""amount"":{""value"":0.001,""currency"":""USD""}}}]}",verified,exa|web-search,,eip155:8453|eip155:143,,False,https://exa.ai/docs/reference/search,https://api.monid.ai/public/v1/providers/exa/endpoints/search
finviz,/get_insider_trading,Get insider trading,GET,"{""type"":""PER_CALL"",""amount"":{""value"":0.01,""currency"":""USD""}}",verified,finviz|insider-trading,,eip155:8453|eip155:143,,False,https://parse.bot/marketplace/finviz-com-api,https://api.monid.ai/public/v1/providers/finviz/endpoints/get_insider_trading
finviz,/get_market_movers,Get market movers,GET,"{""type"":""PER_CALL"",""amount"":{""value"":0.01,""currency"":""USD""}}",verified,finviz|insider-trading,,eip155:8453|eip155:143,,False,https://parse.bot/marketplace/finviz-com-api,https://api.monid.ai/public/v1/providers/finviz/endpoints/get_market_movers
finviz,/get_screener_results,Run screener,GET,"{""type"":""PER_CALL"",""amount"":{""value"":0.01,""currency"":""USD""}}",verified,finviz|insider-trading,,eip155:8453|eip155:143,,False,https://parse.bot/marketplace/finviz-com-api,https://api.monid.ai/public/v1/providers/finviz/endpoints/get_screener_results
finviz,/get_stock_news_sentiment,Get news sentiment,GET,"{""type"":""PER_CALL"",""amount"":{""value"":0.01,""currency"":""USD""}}",verified,finviz|insider-trading,,eip155:8453|eip155:143,,False,https://parse.bot/marketplace/finviz-com-api,https://api.monid.ai/public/v1/providers/finviz/endpoints/get_stock_news_sentiment
finviz,/get_ticker_sectors_with_performance,get_ticker_sectors_with_performance,GET,"{""type"":""PER_CALL"",""amount"":{""value"":0.01,""currency"":""USD""}}",verified,finviz|insider-trading,,eip155:8453|eip155:143,,False,https://parse.bot/marketplace/finviz-com-api,https://api.monid.ai/public/v1/providers/finviz/endpoints/get_ticker_sectors_with_performance
firecrawl,/agent,Firecrawl Agent,POST,"{""type"":""PER_UNIT"",""amount"":{""value"":0.001,""currency"":""USD""},""per"":1,""unit"":""credit""}",verified,firecrawl|web-extraction,,eip155:8453|eip155:143,,False,https://docs.firecrawl.dev/api-reference/endpoint/agent,https://api.monid.ai/public/v1/providers/firecrawl/endpoints/agent
firecrawl,/batch/scrape,Firecrawl Batch Scrape,POST,"{""type"":""TIERED"",""amount"":{""value"":0.001,""currency"":""USD""},""default"":{""type"":""PER_RESULT"",""amount"":{""value"":0.001,""currency"":""USD""}},""tiers"":[{""label"":""JSON extraction per page"",""when"":{""json"":true},""price"":{""type"":""PER_RESULT"",""amount"":{""value"":0.004,""currency"":""USD""}}}]}",verified,firecrawl|web-extraction,,eip155:8453|eip155:143,,False,https://docs.firecrawl.dev/api-reference/endpoint/batch-scrape,https://api.monid.ai/public/v1/providers/firecrawl/endpoints/batch/scrape
firecrawl,/crawl,Firecrawl Crawl,POST,"{""type"":""TIERED"",""amount"":{""value"":0.001,""currency"":""USD""},""default"":{""type"":""PER_RESULT"",""amount"":{""value"":0.001,""currency"":""USD""}},""tiers"":[{""label"":""JSON extraction per page"",""when"":{""scrapeOptions.json"":true},""price"":{""type"":""PER_RESULT"",""amount"":{""value"":0.004,""currency"":""USD""}}}]}",verified,firecrawl|web-extraction,,eip155:8453|eip155:143,,False,https://docs.firecrawl.dev/api-reference/endpoint/crawl-post,https://api.monid.ai/public/v1/providers/firecrawl/endpoints/crawl
firecrawl,/map,Firecrawl Map,POST,"{""type"":""PER_CALL"",""amount"":{""value"":0.001,""currency"":""USD""}}",verified,firecrawl|web-extraction,,eip155:8453|eip155:143,,False,https://docs.firecrawl.dev/api-reference/endpoint/map,https://api.monid.ai/public/v1/providers/firecrawl/endpoints/map
firecrawl,/scrape,Firecrawl Scrape,POST,"{""type"":""TIERED"",""amount"":{""value"":0.001,""currency"":""USD""},""default"":{""type"":""PER_CALL"",""amount"":{""value"":0.001,""currency"":""USD""}},""tiers"":[{""label"":""JSON extraction"",""when"":{""json"":true},""price"":{""type"":""PER_CALL"",""amount"":{""value"":0.004,""currency"":""USD""}}},{""label"":""PDF pages beyond the first"",""selector"":{""label"":""PDF pages beyond the first"",""key"":""data.metadata.numPages"",""in"":""output"",""offset"":1},""price"":{""type"":""PER_RESULT"",""amount"":{""value"":0.001,""currency"":""USD""}}}]}",verified,firecrawl|web-extraction,,eip155:8453|eip155:143,,False,https://docs.firecrawl.dev/api-reference/endpoint/scrape,https://api.monid.ai/public/v1/providers/firecrawl/endpoints/scrape
firecrawl,/search,Firecrawl Search,POST,"{""type"":""TIERED"",""amount"":{""value"":0.0002,""currency"":""USD""},""default"":{""type"":""PER_RESULT"",""amount"":{""value"":0.0002,""currency"":""USD""}},""tiers"":[{""label"":""Scrape each result"",""when"":{""scrapeResults"":true},""price"":{""type"":""PER_RESULT"",""amount"":{""value"":0.001,""currency"":""USD""}}},{""label"":""JSON extraction per scraped result"",""when"":{""scrapeResults"":true,""scrapeOptions.json"":true},""price"":{""type"":""PER_RESULT"",""amount"":{""value"":0.004,""currency"":""USD""}}}]}",verified,firecrawl|web-search,,eip155:8453|eip155:143,,False,https://docs.firecrawl.dev/api-reference/endpoint/search,https://api.monid.ai/public/v1/providers/firecrawl/endpoints/search
fundable,/companies,Search Funded Companies,POST,"{""type"":""PER_RESULT"",""amount"":{""value"":0.06,""currency"":""USD""}}",verified,company-enrichment|fundable|funding-data,,eip155:8453|eip155:143,,False,https://docs.tryfundable.ai/api-reference/companies/list,https://api.monid.ai/public/v1/providers/fundable/endpoints/companies
fundable,/company,Get Company Funding,GET,"{""type"":""PER_CALL"",""amount"":{""value"":0.06,""currency"":""USD""}}",verified,company-enrichment|fundable|funding-data,,eip155:8453|eip155:143,,False,https://docs.tryfundable.ai/api-reference/companies/get,https://api.monid.ai/public/v1/providers/fundable/endpoints/company
fundable,/company/deals,Get Company Rounds,GET,"{""type"":""PER_RESULT"",""amount"":{""value"":0.06,""currency"":""USD""}}",verified,company-enrichment|fundable|funding-data,,eip155:8453|eip155:143,,False,https://docs.tryfundable.ai/api-reference/companies/deals,https://api.monid.ai/public/v1/providers/fundable/endpoints/company/deals
fundable,/company/search,Look Up Company,GET,"{""type"":""PER_CALL"",""amount"":{""value"":0.01,""currency"":""USD""}}",verified,company-enrichment|fundable|funding-data,,eip155:8453|eip155:143,,False,https://docs.tryfundable.ai/api-reference/companies/search,https://api.monid.ai/public/v1/providers/fundable/endpoints/company/search
fundable,/deals,Search Funding Rounds,POST,"{""type"":""PER_RESULT"",""amount"":{""value"":0.06,""currency"":""USD""}}",verified,company-enrichment|fundable|funding-data,,eip155:8453|eip155:143,,False,https://docs.tryfundable.ai/api-reference/deals/list,https://api.monid.ai/public/v1/providers/fundable/endpoints/deals
fundable,/deals/{id},Get Funding Round,GET,"{""type"":""PER_CALL"",""amount"":{""value"":0.06,""currency"":""USD""}}",verified,fundable|funding-data,,eip155:8453|eip155:143,,False,https://docs.tryfundable.ai/api-reference/deals/get,https://api.monid.ai/public/v1/providers/fundable/endpoints/deals/%7Bid%7D
fundable,/deals/{id}/investors,Get Round Investors,GET,"{""type"":""PER_CALL"",""amount"":{""value"":0.06,""currency"":""USD""}}",verified,fundable|funding-data,,eip155:8453|eip155:143,,False,https://docs.tryfundable.ai/api-reference/deals/investors,https://api.monid.ai/public/v1/providers/fundable/endpoints/deals/%7Bid%7D/investors
fundable,/industry/search,Resolve Industry Permalink,GET,"{""type"":""PER_CALL"",""amount"":{""value"":0,""currency"":""USD""}}",verified,fundable|funding-data,,eip155:8453|eip155:143,,False,https://docs.tryfundable.ai/api-reference/industries/search,https://api.monid.ai/public/v1/providers/fundable/endpoints/industry/search
fundable,/investor,Get Investor Profile,GET,"{""type"":""PER_CALL"",""amount"":{""value"":0.06,""currency"":""USD""}}",verified,fundable|funding-data,,eip155:8453|eip155:143,,False,https://docs.tryfundable.ai/api-reference/investors/get,https://api.monid.ai/public/v1/providers/fundable/endpoints/investor
fundable,/investor/deals,Get Investor Deals,GET,"{""type"":""PER_RESULT"",""amount"":{""value"":0.06,""currency"":""USD""}}",verified,fundable|funding-data,,eip155:8453|eip155:143,,False,https://docs.tryfundable.ai/api-reference/investors/deals,https://api.monid.ai/public/v1/providers/fundable/endpoints/investor/deals
fundable,/investor/search,Look Up Investor,GET,"{""type"":""PER_CALL"",""amount"":{""value"":0.01,""currency"":""USD""}}",verified,fundable|funding-data,,eip155:8453|eip155:143,,False,https://docs.tryfundable.ai/api-reference/investors/search,https://api.monid.ai/public/v1/providers/fundable/endpoints/investor/search
fundable,/investors,Search Investors,POST,"{""type"":""PER_RESULT"",""amount"":{""value"":0.06,""currency"":""USD""}}",verified,fundable|funding-data,,eip155:8453|eip155:143,,False,https://docs.tryfundable.ai/api-reference/investors/list,https://api.monid.ai/public/v1/providers/fundable/endpoints/investors
fundable,/location/search,Resolve Location Permalink,GET,"{""type"":""PER_CALL"",""amount"":{""value"":0,""currency"":""USD""}}",verified,fundable|funding-data,,eip155:8453|eip155:143,,False,https://docs.tryfundable.ai/api-reference/locations/search,https://api.monid.ai/public/v1/providers/fundable/endpoints/location/search
fundable,/people,Search People,POST,"{""type"":""PER_RESULT"",""amount"":{""value"":0.06,""currency"":""USD""}}",verified,fundable|funding-data|people-enrichment,,eip155:8453|eip155:143,,False,https://docs.tryfundable.ai/api-reference/people/list,https://api.monid.ai/public/v1/providers/fundable/endpoints/people
fundable,/person,Get Person Profile,GET,"{""type"":""PER_CALL"",""amount"":{""value"":0.06,""currency"":""USD""}}",verified,fundable|funding-data|people-enrichment,,eip155:8453|eip155:143,,False,https://docs.tryfundable.ai/api-reference/people/get,https://api.monid.ai/public/v1/providers/fundable/endpoints/person
fundable,/person/deals,Get Person Investments,GET,"{""type"":""PER_RESULT"",""amount"":{""value"":0.06,""currency"":""USD""}}",verified,fundable|funding-data|people-enrichment,,eip155:8453|eip155:143,,False,https://docs.tryfundable.ai/api-reference/people/deals,https://api.monid.ai/public/v1/providers/fundable/endpoints/person/deals
fundable,/person/search,Look Up Person,GET,"{""type"":""PER_CALL"",""amount"":{""value"":0.01,""currency"":""USD""}}",verified,fundable|funding-data|people-enrichment,,eip155:8453|eip155:143,,False,https://docs.tryfundable.ai/api-reference/people/search,https://api.monid.ai/public/v1/providers/fundable/endpoints/person/search
g2,/get_categories,List categories,GET,"{""type"":""PER_CALL"",""amount"":{""value"":0.05,""currency"":""USD""}}",verified,g2|software-reviews,,eip155:8453|eip155:143,,False,https://parse.bot/marketplace/g2-com-api,https://api.monid.ai/public/v1/providers/g2/endpoints/get_categories
g2,/get_category_products,List category products,GET,"{""type"":""PER_CALL"",""amount"":{""value"":0.05,""currency"":""USD""}}",verified,g2|software-reviews,,eip155:8453|eip155:143,,False,https://parse.bot/marketplace/g2-com-api,https://api.monid.ai/public/v1/providers/g2/endpoints/get_category_products
g2,/get_product_overview,Get product overview,GET,"{""type"":""PER_CALL"",""amount"":{""value"":0.01,""currency"":""USD""}}",verified,g2|software-reviews,,eip155:8453|eip155:143,,False,https://parse.bot/marketplace/g2-com-api,https://api.monid.ai/public/v1/providers/g2/endpoints/get_product_overview
g2,/get_product_pricing,Get product pricing,GET,"{""type"":""PER_CALL"",""amount"":{""value"":0.02,""currency"":""USD""}}",verified,g2|software-reviews,,eip155:8453|eip155:143,,False,https://parse.bot/marketplace/g2-com-api,https://api.monid.ai/public/v1/providers/g2/endpoints/get_product_pricing
g2,/get_product_reviews,Get product reviews,GET,"{""type"":""PER_CALL"",""amount"":{""value"":0.05,""currency"":""USD""}}",verified,g2|software-reviews,,eip155:8453|eip155:143,,False,https://parse.bot/marketplace/g2-com-api,https://api.monid.ai/public/v1/providers/g2/endpoints/get_product_reviews
g2,/search_software,Search software,GET,"{""type"":""PER_CALL"",""amount"":{""value"":0.02,""currency"":""USD""}}",verified,g2|software-reviews,,eip155:8453|eip155:143,,False,https://parse.bot/marketplace/g2-com-api,https://api.monid.ai/public/v1/providers/g2/endpoints/search_software
gemini,/v1/video/omni-flash-edit,Edit Video,POST,"{""type"":""PER_UNIT_MATRIX"",""amount"":{""value"":0.04,""currency"":""USD""},""selectors"":[{""label"":""Resolution"",""key"":""resolution"",""in"":""body""}],""variants"":[{""when"":{""resolution"":""360p""},""price"":{""type"":""PER_UNIT"",""amount"":{""value"":0.04,""currency"":""USD""},""per"":1,""unit"":""second""},""label"":""360p \u2014 per second of generated video""},{""when"":{""resolution"":""720p""},""price"":{""type"":""PER_UNIT"",""amount"":{""value"":0.11,""currency"":""USD""},""per"":1,""unit"":""second""},""label"":""720p \u2014 per second of generated video""},{""when"":{""resolution"":""1080p""},""price"":{""type"":""PER_UNIT"",""amount"":{""value"":0.16,""currency"":""USD""},""per"":1,""unit"":""second""},""label"":""1080p \u2014 per second of generated video""},{""when"":{""resolution"":""4k""},""price"":{""type"":""PER_UNIT"",""amount"":{""value"":0.31,""currency"":""USD""},""per"":1,""unit"":""second""},""label"":""4k \u2014 per second of generated video""}]}",verified,gemini|video-generation,,,,False,https://ai.google.dev/gemini-api/docs/omni,https://api.monid.ai/public/v1/providers/gemini/endpoints/v1/video/omni-flash-edit
gemini,/v1/video/omni-flash-extend,Extend Video,POST,"{""type"":""PER_UNIT_MATRIX"",""amount"":{""value"":0.04,""currency"":""USD""},""selectors"":[{""label"":""Resolution"",""key"":""resolution"",""in"":""body""}],""variants"":[{""when"":{""resolution"":""360p""},""price"":{""type"":""PER_UNIT"",""amount"":{""value"":0.04,""currency"":""USD""},""per"":1,""unit"":""second""},""label"":""360p \u2014 per second of generated video""},{""when"":{""resolution"":""720p""},""price"":{""type"":""PER_UNIT"",""amount"":{""value"":0.11,""currency"":""USD""},""per"":1,""unit"":""second""},""label"":""720p \u2014 per second of generated video""},{""when"":{""resolution"":""1080p""},""price"":{""type"":""PER_UNIT"",""amount"":{""value"":0.16,""currency"":""USD""},""per"":1,""unit"":""second""},""label"":""1080p \u2014 per second of generated video""},{""when"":{""resolution"":""4k""},""price"":{""type"":""PER_UNIT"",""amount"":{""value"":0.31,""currency"":""USD""},""per"":1,""unit"":""second""},""label"":""4k \u2014 per second of generated video""}]}",verified,gemini|video-generation,,,,False,https://ai.google.dev/gemini-api/docs/omni,https://api.monid.ai/public/v1/providers/gemini/endpoints/v1/video/omni-flash-extend
gemini,/v1/video/omni-flash-i2v,Image to Video,POST,"{""type"":""PER_UNIT_MATRIX"",""amount"":{""value"":0.04,""currency"":""USD""},""selectors"":[{""label"":""Resolution"",""key"":""resolution"",""in"":""body""}],""variants"":[{""when"":{""resolution"":""360p""},""price"":{""type"":""PER_UNIT"",""amount"":{""value"":0.04,""currency"":""USD""},""per"":1,""unit"":""second""},""label"":""360p \u2014 per second of generated video""},{""when"":{""resolution"":""720p""},""price"":{""type"":""PER_UNIT"",""amount"":{""value"":0.11,""currency"":""USD""},""per"":1,""unit"":""second""},""label"":""720p \u2014 per second of generated video""},{""when"":{""resolution"":""1080p""},""price"":{""type"":""PER_UNIT"",""amount"":{""value"":0.16,""currency"":""USD""},""per"":1,""unit"":""second""},""label"":""1080p \u2014 per second of generated video""},{""when"":{""resolution"":""4k""},""price"":{""type"":""PER_UNIT"",""amount"":{""value"":0.31,""currency"":""USD""},""per"":1,""unit"":""second""},""label"":""4k \u2014 per second of generated video""}]}",verified,gemini|video-generation,,,,False,https://ai.google.dev/gemini-api/docs/omni,https://api.monid.ai/public/v1/providers/gemini/endpoints/v1/video/omni-flash-i2v
gemini,/v1/video/omni-flash-r2v,Reference to Video,POST,"{""type"":""PER_UNIT_MATRIX"",""amount"":{""value"":0.04,""currency"":""USD""},""selectors"":[{""label"":""Resolution"",""key"":""resolution"",""in"":""body""}],""variants"":[{""when"":{""resolution"":""360p""},""price"":{""type"":""PER_UNIT"",""amount"":{""value"":0.04,""currency"":""USD""},""per"":1,""unit"":""second""},""label"":""360p \u2014 per second of generated video""},{""when"":{""resolution"":""720p""},""price"":{""type"":""PER_UNIT"",""amount"":{""value"":0.11,""currency"":""USD""},""per"":1,""unit"":""second""},""label"":""720p \u2014 per second of generated video""},{""when"":{""resolution"":""1080p""},""price"":{""type"":""PER_UNIT"",""amount"":{""value"":0.16,""currency"":""USD""},""per"":1,""unit"":""second""},""label"":""1080p \u2014 per second of generated video""},{""when"":{""resolution"":""4k""},""price"":{""type"":""PER_UNIT"",""amount"":{""value"":0.31,""currency"":""USD""},""per"":1,""unit"":""second""},""label"":""4k \u2014 per second of generated video""}]}",verified,gemini|video-generation,,,,False,https://ai.google.dev/gemini-api/docs/omni,https://api.monid.ai/public/v1/providers/gemini/endpoints/v1/video/omni-flash-r2v
gemini,/v1/video/omni-flash-t2v,Text to Video,POST,"{""type"":""PER_UNIT_MATRIX"",""amount"":{""value"":0.04,""currency"":""USD""},""selectors"":[{""label"":""Resolution"",""key"":""resolution"",""in"":""body""}],""variants"":[{""when"":{""resolution"":""360p""},""price"":{""type"":""PER_UNIT"",""amount"":{""value"":0.04,""currency"":""USD""},""per"":1,""unit"":""second""},""label"":""360p \u2014 per second of generated video""},{""when"":{""resolution"":""720p""},""price"":{""type"":""PER_UNIT"",""amount"":{""value"":0.11,""currency"":""USD""},""per"":1,""unit"":""second""},""label"":""720p \u2014 per second of generated video""},{""when"":{""resolution"":""1080p""},""price"":{""type"":""PER_UNIT"",""amount"":{""value"":0.16,""currency"":""USD""},""per"":1,""unit"":""second""},""label"":""1080p \u2014 per second of generated video""},{""when"":{""resolution"":""4k""},""price"":{""type"":""PER_UNIT"",""amount"":{""value"":0.31,""currency"":""USD""},""per"":1,""unit"":""second""},""label"":""4k \u2014 per second of generated video""}]}",verified,gemini|video-generation,,,,False,https://ai.google.dev/gemini-api/docs/omni,https://api.monid.ai/public/v1/providers/gemini/endpoints/v1/video/omni-flash-t2v
getapp,/compare_software,Compare software,GET,"{""type"":""PER_CALL"",""amount"":{""value"":0.01,""currency"":""USD""}}",verified,getapp|software-reviews,,eip155:8453|eip155:143,,False,https://parse.bot/marketplace/getapp-com-api,https://api.monid.ai/public/v1/providers/getapp/endpoints/compare_software
getapp,/get_blog_research,Get research articles,GET,"{""type"":""PER_CALL"",""amount"":{""value"":0.01,""currency"":""USD""}}",verified,getapp|software-reviews,,eip155:8453|eip155:143,,False,https://parse.bot/marketplace/getapp-com-api,https://api.monid.ai/public/v1/providers/getapp/endpoints/get_blog_research
getapp,/get_category_leaders,Get category leaders,GET,"{""type"":""PER_CALL"",""amount"":{""value"":0.01,""currency"":""USD""}}",verified,getapp|software-reviews,,eip155:8453|eip155:143,,False,https://parse.bot/marketplace/getapp-com-api,https://api.monid.ai/public/v1/providers/getapp/endpoints/get_category_leaders
getapp,/get_software_alternatives,Get software alternatives,GET,"{""type"":""PER_CALL"",""amount"":{""value"":0.01,""currency"":""USD""}}",verified,getapp|software-reviews,,eip155:8453|eip155:143,,False,https://parse.bot/marketplace/getapp-com-api,https://api.monid.ai/public/v1/providers/getapp/endpoints/get_software_alternatives
getapp,/get_software_details,Get software detail,GET,"{""type"":""PER_CALL"",""amount"":{""value"":0.01,""currency"":""USD""}}",verified,getapp|software-reviews,,eip155:8453|eip155:143,,False,https://parse.bot/marketplace/getapp-com-api,https://api.monid.ai/public/v1/providers/getapp/endpoints/get_software_details
getapp,/get_software_features,Get software features,GET,"{""type"":""PER_CALL"",""amount"":{""value"":0.01,""currency"":""USD""}}",verified,getapp|software-reviews,,eip155:8453|eip155:143,,False,https://parse.bot/marketplace/getapp-com-api,https://api.monid.ai/public/v1/providers/getapp/endpoints/get_software_features
getapp,/get_software_integrations,Get software integrations,GET,"{""type"":""PER_CALL"",""amount"":{""value"":0.01,""currency"":""USD""}}",verified,getapp|software-reviews,,eip155:8453|eip155:143,,False,https://parse.bot/marketplace/getapp-com-api,https://api.monid.ai/public/v1/providers/getapp/endpoints/get_software_integrations
getapp,/get_software_pricing,Get software pricing,GET,"{""type"":""PER_CALL"",""amount"":{""value"":0.01,""currency"":""USD""}}",verified,getapp|software-reviews,,eip155:8453|eip155:143,,False,https://parse.bot/marketplace/getapp-com-api,https://api.monid.ai/public/v1/providers/getapp/endpoints/get_software_pricing
getapp,/get_software_reviews,Get software reviews,GET,"{""type"":""PER_CALL"",""amount"":{""value"":0.01,""currency"":""USD""}}",verified,getapp|software-reviews,,eip155:8453|eip155:143,,False,https://parse.bot/marketplace/getapp-com-api,https://api.monid.ai/public/v1/providers/getapp/endpoints/get_software_reviews
getapp,/list_categories,List software categories,GET,"{""type"":""PER_CALL"",""amount"":{""value"":0.01,""currency"":""USD""}}",verified,getapp|software-reviews,,eip155:8453|eip155:143,,False,https://parse.bot/marketplace/getapp-com-api,https://api.monid.ai/public/v1/providers/getapp/endpoints/list_categories
getapp,/list_software_by_category,List software by category,GET,"{""type"":""PER_CALL"",""amount"":{""value"":0.01,""currency"":""USD""}}",verified,getapp|software-reviews,,eip155:8453|eip155:143,,False,https://parse.bot/marketplace/getapp-com-api,https://api.monid.ai/public/v1/providers/getapp/endpoints/list_software_by_category
google-trends.use.x402atlas.com,/interest-by-region,Interest By Region,GET,"{""type"":""PER_CALL"",""amount"":{""value"":0.033,""currency"":""USD""}}",,onchain-data|x402atlas,,eip155:8453|eip155:143,,False,https://google-trends.use.x402atlas.com/interest-by-region,https://api.monid.ai/public/v1/providers/google-trends.use.x402atlas.com/endpoints/interest-by-region
google-trends.use.x402atlas.com,/related-queries,Related Queries,GET,"{""type"":""PER_CALL"",""amount"":{""value"":0.033,""currency"":""USD""}}",,onchain-data|x402atlas,,eip155:8453|eip155:143,,False,https://google-trends.use.x402atlas.com/related-queries,https://api.monid.ai/public/v1/providers/google-trends.use.x402atlas.com/endpoints/related-queries
google-trends.use.x402atlas.com,/related-topics,Related Topics,GET,"{""type"":""PER_CALL"",""amount"":{""value"":0.033,""currency"":""USD""}}",,onchain-data|x402atlas,,eip155:8453|eip155:143,,False,https://google-trends.use.x402atlas.com/related-topics,https://api.monid.ai/public/v1/providers/google-trends.use.x402atlas.com/endpoints/related-topics
google-trends.use.x402atlas.com,/trend,Trend,GET,"{""type"":""PER_CALL"",""amount"":{""value"":0.055,""currency"":""USD""}}",,onchain-data|x402atlas,,eip155:8453|eip155:143,,False,https://google-trends.use.x402atlas.com/trend,https://api.monid.ai/public/v1/providers/google-trends.use.x402atlas.com/endpoints/trend
homes.com,/get_agent_profile,Get agent profile,GET,"{""type"":""PER_CALL"",""amount"":{""value"":0.01,""currency"":""USD""}}",verified,homes-com|real-estate,,eip155:8453|eip155:143,,False,https://parse.bot/marketplace/homes-com-api,https://api.monid.ai/public/v1/providers/homes.com/endpoints/get_agent_profile
homes.com,/get_property_details,Get property details,GET,"{""type"":""PER_CALL"",""amount"":{""value"":0.03,""currency"":""USD""}}",verified,homes-com|real-estate,,eip155:8453|eip155:143,,False,https://parse.bot/marketplace/homes-com-api,https://api.monid.ai/public/v1/providers/homes.com/endpoints/get_property_details
homes.com,/search_agents,Search agents,GET,"{""type"":""PER_CALL"",""amount"":{""value"":0.02,""currency"":""USD""}}",verified,homes-com|real-estate,,eip155:8453|eip155:143,,False,https://parse.bot/marketplace/homes-com-api,https://api.monid.ai/public/v1/providers/homes.com/endpoints/search_agents
homes.com,/search_properties_for_rent,Search properties for rent,GET,"{""type"":""PER_CALL"",""amount"":{""value"":0.02,""currency"":""USD""}}",verified,homes-com|real-estate,,eip155:8453|eip155:143,,False,https://parse.bot/marketplace/homes-com-api,https://api.monid.ai/public/v1/providers/homes.com/endpoints/search_properties_for_rent
homes.com,/search_properties_for_sale,Search properties for sale,GET,"{""type"":""PER_CALL"",""amount"":{""value"":0.01,""currency"":""USD""}}",verified,homes-com|real-estate,,eip155:8453|eip155:143,,False,https://parse.bot/marketplace/homes-com-api,https://api.monid.ai/public/v1/providers/homes.com/endpoints/search_properties_for_sale
hunterio,/combined/find,Enrich Person and Company,GET,"{""type"":""PER_CALL"",""amount"":{""value"":0.0049,""currency"":""USD""}}",verified,hunterio|people-enrichment,,eip155:8453|eip155:143,,False,https://hunter.io/api-documentation/v2#combined-enrichment,https://api.monid.ai/public/v1/providers/hunterio/endpoints/combined/find
hunterio,/companies/find,Enrich Company,GET,"{""type"":""PER_CALL"",""amount"":{""value"":0.0049,""currency"":""USD""}}",verified,company-enrichment|hunterio,,eip155:8453|eip155:143,,False,https://hunter.io/api-documentation/v2#company-enrichment,https://api.monid.ai/public/v1/providers/hunterio/endpoints/companies/find
hunterio,/discover,Search Companies,POST,"{""type"":""PER_CALL"",""amount"":{""value"":0,""currency"":""USD""}}",verified,company-enrichment|hunterio,,eip155:8453|eip155:143,,False,https://hunter.io/api-documentation/v2#discover,https://api.monid.ai/public/v1/providers/hunterio/endpoints/discover
hunterio,/discover-ai,Search Companies by Prompt,POST,"{""type"":""PER_CALL"",""amount"":{""value"":0.1,""currency"":""USD""}}",verified,company-enrichment|hunterio,,eip155:8453|eip155:143,,False,https://hunter.io/api-documentation/v2#discover,https://api.monid.ai/public/v1/providers/hunterio/endpoints/discover-ai
hunterio,/discover/people,Count Reachable People,POST,"{""type"":""PER_CALL"",""amount"":{""value"":0,""currency"":""USD""}}",verified,company-enrichment|hunterio,,eip155:8453|eip155:143,,False,https://hunter.io/api-documentation/v2#discover-people,https://api.monid.ai/public/v1/providers/hunterio/endpoints/discover/people
hunterio,/domain-finder,Find Company Domain,GET,"{""type"":""PER_CALL"",""amount"":{""value"":0,""currency"":""USD""}}",verified,company-enrichment|hunterio,,eip155:8453|eip155:143,,False,https://hunter.io/api-documentation/v2#domain-finder,https://api.monid.ai/public/v1/providers/hunterio/endpoints/domain-finder
hunterio,/domain-search,Find Domain Emails,POST,"{""type"":""PER_RESULT"",""amount"":{""value"":0.0245,""currency"":""USD""}}",verified,hunterio|people-enrichment,,eip155:8453|eip155:143,,False,https://hunter.io/api-documentation/v2#domain-search,https://api.monid.ai/public/v1/providers/hunterio/endpoints/domain-search
hunterio,/email-count,Count Domain Emails,GET,"{""type"":""PER_CALL"",""amount"":{""value"":0,""currency"":""USD""}}",verified,hunterio|people-enrichment,,eip155:8453|eip155:143,,False,https://hunter.io/api-documentation/v2#email-count,https://api.monid.ai/public/v1/providers/hunterio/endpoints/email-count
hunterio,/email-finder,Find Person's Email,GET,"{""type"":""PER_RESULT"",""amount"":{""value"":0.0245,""currency"":""USD""}}",verified,hunterio|people-enrichment,,eip155:8453|eip155:143,,False,https://hunter.io/api-documentation/v2#email-finder,https://api.monid.ai/public/v1/providers/hunterio/endpoints/email-finder
hunterio,/email-verifier,Verify Email,GET,"{""type"":""PER_RESULT"",""amount"":{""value"":0.01225,""currency"":""USD""}}",verified,hunterio|people-enrichment,,eip155:8453|eip155:143,,False,https://hunter.io/api-documentation/v2#email-verifier,https://api.monid.ai/public/v1/providers/hunterio/endpoints/email-verifier
hunterio,/multi-domain-search,Search People Across Companies,POST,"{""type"":""PER_CALL"",""amount"":{""value"":0,""currency"":""USD""}}",verified,hunterio|people-enrichment,,eip155:8453|eip155:143,,False,https://hunter.io/api-documentation/v2#multi-domain-search,https://api.monid.ai/public/v1/providers/hunterio/endpoints/multi-domain-search
hunterio,/multi-domain-search/reveal,Reveal Email Addresses,POST,"{""type"":""PER_RESULT"",""amount"":{""value"":0.0245,""currency"":""USD""}}",verified,hunterio|people-enrichment,,eip155:8453|eip155:143,,False,https://hunter.io/api-documentation/v2#multi-domain-search-reveal,https://api.monid.ai/public/v1/providers/hunterio/endpoints/multi-domain-search/reveal
hunterio,/people/find,Enrich Person,GET,"{""type"":""PER_CALL"",""amount"":{""value"":0.0049,""currency"":""USD""}}",verified,hunterio|people-enrichment,,eip155:8453|eip155:143,,False,https://hunter.io/api-documentation/v2#email-enrichment,https://api.monid.ai/public/v1/providers/hunterio/endpoints/people/find
idealist,/get_internship_detail,Get internship detail,GET,"{""type"":""PER_CALL"",""amount"":{""value"":0.01,""currency"":""USD""}}",verified,idealist|jobs,,eip155:8453|eip155:143,,False,https://parse.bot/marketplace/idealist-org-api,https://api.monid.ai/public/v1/providers/idealist/endpoints/get_internship_detail
idealist,/get_job_detail,Get job detail,GET,"{""type"":""PER_CALL"",""amount"":{""value"":0.01,""currency"":""USD""}}",verified,idealist|jobs,,eip155:8453|eip155:143,,False,https://parse.bot/marketplace/idealist-org-api,https://api.monid.ai/public/v1/providers/idealist/endpoints/get_job_detail
idealist,/get_organization_detail,Get organization detail,GET,"{""type"":""PER_CALL"",""amount"":{""value"":0.01,""currency"":""USD""}}",verified,idealist|jobs,,eip155:8453|eip155:143,,False,https://parse.bot/marketplace/idealist-org-api,https://api.monid.ai/public/v1/providers/idealist/endpoints/get_organization_detail
idealist,/get_organization_listings,List organization postings,GET,"{""type"":""PER_CALL"",""amount"":{""value"":0.01,""currency"":""USD""}}",verified,idealist|jobs,,eip155:8453|eip155:143,,False,https://parse.bot/marketplace/idealist-org-api,https://api.monid.ai/public/v1/providers/idealist/endpoints/get_organization_listings
idealist,/get_volunteer_opportunity_detail,Get volunteer opportunity,GET,"{""type"":""PER_CALL"",""amount"":{""value"":0.01,""currency"":""USD""}}",verified,idealist|jobs,,eip155:8453|eip155:143,,False,https://parse.bot/marketplace/idealist-org-api,https://api.monid.ai/public/v1/providers/idealist/endpoints/get_volunteer_opportunity_detail
idealist,/search_internships,Search internships,GET,"{""type"":""PER_CALL"",""amount"":{""value"":0.01,""currency"":""USD""}}",verified,idealist|jobs,,eip155:8453|eip155:143,,False,https://parse.bot/marketplace/idealist-org-api,https://api.monid.ai/public/v1/providers/idealist/endpoints/search_internships
idealist,/search_jobs,Search jobs,GET,"{""type"":""PER_CALL"",""amount"":{""value"":0.01,""currency"":""USD""}}",verified,idealist|jobs,,eip155:8453|eip155:143,,False,https://parse.bot/marketplace/idealist-org-api,https://api.monid.ai/public/v1/providers/idealist/endpoints/search_jobs
idealist,/search_organizations,Search organizations,GET,"{""type"":""PER_CALL"",""amount"":{""value"":0.01,""currency"":""USD""}}",verified,idealist|jobs,,eip155:8453|eip155:143,,False,https://parse.bot/marketplace/idealist-org-api,https://api.monid.ai/public/v1/providers/idealist/endpoints/search_organizations
idealist,/search_volunteer_opportunities,Search volunteer opportunities,GET,"{""type"":""PER_CALL"",""amount"":{""value"":0.01,""currency"":""USD""}}",verified,idealist|jobs,,eip155:8453|eip155:143,,False,https://parse.bot/marketplace/idealist-org-api,https://api.monid.ai/public/v1/providers/idealist/endpoints/search_volunteer_opportunities
indeed,/get_company_profile,Get company profile,GET,"{""type"":""PER_CALL"",""amount"":{""value"":0.01,""currency"":""USD""}}",verified,indeed|jobs,,eip155:8453|eip155:143,,False,https://parse.bot/marketplace/indeed-com-api,https://api.monid.ai/public/v1/providers/indeed/endpoints/get_company_profile
indeed,/get_job_details,Get job detail,GET,"{""type"":""PER_CALL"",""amount"":{""value"":0.02,""currency"":""USD""}}",verified,indeed|jobs,,eip155:8453|eip155:143,,False,https://parse.bot/marketplace/indeed-com-api,https://api.monid.ai/public/v1/providers/indeed/endpoints/get_job_details
indeed,/get_salary_info,Get salary insights,GET,"{""type"":""PER_CALL"",""amount"":{""value"":0.02,""currency"":""USD""}}",verified,indeed|jobs,,eip155:8453|eip155:143,,False,https://parse.bot/marketplace/indeed-com-api,https://api.monid.ai/public/v1/providers/indeed/endpoints/get_salary_info
indeed,/search_companies,Search companies,GET,"{""type"":""PER_CALL"",""amount"":{""value"":0.01,""currency"":""USD""}}",verified,indeed|jobs,,eip155:8453|eip155:143,,False,https://parse.bot/marketplace/indeed-com-api,https://api.monid.ai/public/v1/providers/indeed/endpoints/search_companies
indeed,/search_jobs,Search jobs,GET,"{""type"":""PER_CALL"",""amount"":{""value"":0.1,""currency"":""USD""}}",verified,indeed|jobs,,eip155:8453|eip155:143,,False,https://parse.bot/marketplace/indeed-com-api,https://api.monid.ai/public/v1/providers/indeed/endpoints/search_jobs
iqair,/get_city_air_quality,Get city air quality,GET,"{""type"":""PER_CALL"",""amount"":{""value"":0.01,""currency"":""USD""}}",verified,iqair|weather,,eip155:8453|eip155:143,,False,https://parse.bot/marketplace/iqair-com-api,https://api.monid.ai/public/v1/providers/iqair/endpoints/get_city_air_quality
iqair,/get_live_city_ranking,Get live city rankings,GET,"{""type"":""PER_CALL"",""amount"":{""value"":0.01,""currency"":""USD""}}",verified,iqair|weather,,eip155:8453|eip155:143,,False,https://parse.bot/marketplace/iqair-com-api,https://api.monid.ai/public/v1/providers/iqair/endpoints/get_live_city_ranking
iqair,/get_map_data,Get air quality map data,GET,"{""type"":""PER_CALL"",""amount"":{""value"":0.01,""currency"":""USD""}}",verified,iqair|weather,,eip155:8453|eip155:143,,False,https://parse.bot/marketplace/iqair-com-api,https://api.monid.ai/public/v1/providers/iqair/endpoints/get_map_data
iqair,/get_world_air_quality,Get world air quality,GET,"{""type"":""PER_CALL"",""amount"":{""value"":0.01,""currency"":""USD""}}",verified,iqair|weather,,eip155:8453|eip155:143,,False,https://parse.bot/marketplace/iqair-com-api,https://api.monid.ai/public/v1/providers/iqair/endpoints/get_world_air_quality
kbb,/get_car_ratings,Get car ratings,GET,"{""type"":""PER_CALL"",""amount"":{""value"":0.01,""currency"":""USD""}}",verified,automotive|kbb,,eip155:8453|eip155:143,,False,https://parse.bot/marketplace/kbb-com-api,https://api.monid.ai/public/v1/providers/kbb/endpoints/get_car_ratings
kbb,/get_lease_deals,Get lease deals,GET,"{""type"":""PER_CALL"",""amount"":{""value"":0.01,""currency"":""USD""}}",verified,automotive|kbb,,eip155:8453|eip155:143,,False,https://parse.bot/marketplace/kbb-com-api,https://api.monid.ai/public/v1/providers/kbb/endpoints/get_lease_deals
kbb,/get_makes,List makes,GET,"{""type"":""PER_CALL"",""amount"":{""value"":0.01,""currency"":""USD""}}",verified,automotive|kbb,,eip155:8453|eip155:143,,False,https://parse.bot/marketplace/kbb-com-api,https://api.monid.ai/public/v1/providers/kbb/endpoints/get_makes
kbb,/get_models,List models,GET,"{""type"":""PER_CALL"",""amount"":{""value"":0.01,""currency"":""USD""}}",verified,automotive|kbb,,eip155:8453|eip155:143,,False,https://parse.bot/marketplace/kbb-com-api,https://api.monid.ai/public/v1/providers/kbb/endpoints/get_models
kbb,/get_obd_codes,Look up OBD-II code,GET,"{""type"":""PER_CALL"",""amount"":{""value"":0.01,""currency"":""USD""}}",verified,automotive|kbb,,eip155:8453|eip155:143,,False,https://parse.bot/marketplace/kbb-com-api,https://api.monid.ai/public/v1/providers/kbb/endpoints/get_obd_codes
kbb,/get_years,List model years,GET,"{""type"":""PER_CALL"",""amount"":{""value"":0.01,""currency"":""USD""}}",verified,automotive|kbb,,eip155:8453|eip155:143,,False,https://parse.bot/marketplace/kbb-com-api,https://api.monid.ai/public/v1/providers/kbb/endpoints/get_years
keenable,/v1/fetch,Fetch Page Markdown,GET,"{""type"":""PER_CALL"",""amount"":{""value"":0.004,""currency"":""USD""}}",verified,keenable|web-extraction,,eip155:8453|eip155:143,,False,https://docs.keenable.ai/api-reference/fetch,https://api.monid.ai/public/v1/providers/keenable/endpoints/v1/fetch
keenable,/v1/search,Search Web Pages,POST,"{""type"":""PER_CALL"",""amount"":{""value"":0.004,""currency"":""USD""}}",verified,keenable|web-search,,eip155:8453|eip155:143,,False,https://docs.keenable.ai/api-reference/search,https://api.monid.ai/public/v1/providers/keenable/endpoints/v1/search
kling,/v1/video/kling-2.5-turbo-i2v,Budget Image to Video,POST,"{""type"":""PER_UNIT_MATRIX"",""amount"":{""value"":0.042,""currency"":""USD""},""selectors"":[{""label"":""Resolution"",""key"":""resolution"",""in"":""body""}],""variants"":[{""when"":{""resolution"":""720p""},""price"":{""type"":""PER_UNIT"",""amount"":{""value"":0.042,""currency"":""USD""},""per"":1,""unit"":""second""}},{""when"":{""resolution"":""1080p""},""price"":{""type"":""PER_UNIT"",""amount"":{""value"":0.07,""currency"":""USD""},""per"":1,""unit"":""second""}}]}",verified,kling|video-generation,,eip155:8453|eip155:143,,False,https://kling.ai/document-api/api/video/2-5-turbo/image-to-video,https://api.monid.ai/public/v1/providers/kling/endpoints/v1/video/kling-2.5-turbo-i2v
kling,/v1/video/kling-2.5-turbo-t2v,Budget Text to Video,POST,"{""type"":""PER_UNIT_MATRIX"",""amount"":{""value"":0.042,""currency"":""USD""},""selectors"":[{""label"":""Resolution"",""key"":""resolution"",""in"":""body""}],""variants"":[{""when"":{""resolution"":""720p""},""price"":{""type"":""PER_UNIT"",""amount"":{""value"":0.042,""currency"":""USD""},""per"":1,""unit"":""second""}},{""when"":{""resolution"":""1080p""},""price"":{""type"":""PER_UNIT"",""amount"":{""value"":0.07,""currency"":""USD""},""per"":1,""unit"":""second""}}]}",verified,kling|video-generation,,eip155:8453|eip155:143,,False,https://kling.ai/document-api/api/video/2-5-turbo/text-to-video,https://api.monid.ai/public/v1/providers/kling/endpoints/v1/video/kling-2.5-turbo-t2v
kling,/v1/video/kling-2.6-i2v,Standard Image to Video,POST,"{""type"":""PER_UNIT_MATRIX"",""amount"":{""value"":0.042,""currency"":""USD""},""selectors"":[{""label"":""Resolution"",""key"":""resolution"",""in"":""body""},{""label"":""Audio"",""key"":""audio"",""in"":""body""}],""variants"":[{""when"":{""resolution"":""720p"",""audio"":""off""},""price"":{""type"":""PER_UNIT"",""amount"":{""value"":0.042,""currency"":""USD""},""per"":1,""unit"":""second""}},{""when"":{""resolution"":""1080p"",""audio"":""off""},""price"":{""type"":""PER_UNIT"",""amount"":{""value"":0.07,""currency"":""USD""},""per"":1,""unit"":""second""}},{""when"":{""resolution"":""1080p"",""audio"":""native""},""price"":{""type"":""PER_UNIT"",""amount"":{""value"":0.14,""currency"":""USD""},""per"":1,""unit"":""second""}}]}",verified,kling|video-generation,,eip155:8453|eip155:143,,False,https://kling.ai/document-api/api/video/2-6/image-to-video,https://api.monid.ai/public/v1/providers/kling/endpoints/v1/video/kling-2.6-i2v
kling,/v1/video/kling-2.6-motion-control,Transfer Motion (Standard),POST,"{""type"":""PER_UNIT_MATRIX"",""amount"":{""value"":0.07,""currency"":""USD""},""selectors"":[{""label"":""Resolution"",""key"":""resolution"",""in"":""body""}],""variants"":[{""when"":{""resolution"":""720p""},""price"":{""type"":""PER_UNIT"",""amount"":{""value"":0.07,""currency"":""USD""},""per"":1,""unit"":""second""}},{""when"":{""resolution"":""1080p""},""price"":{""type"":""PER_UNIT"",""amount"":{""value"":0.112,""currency"":""USD""},""per"":1,""unit"":""second""}}]}",verified,kling|video-generation,,eip155:8453|eip155:143,,False,https://kling.ai/document-api/api/video/2-6/motion-control,https://api.monid.ai/public/v1/providers/kling/endpoints/v1/video/kling-2.6-motion-control
kling,/v1/video/kling-2.6-t2v,Standard Text to Video,POST,"{""type"":""PER_UNIT_MATRIX"",""amount"":{""value"":0.042,""currency"":""USD""},""selectors"":[{""label"":""Resolution"",""key"":""resolution"",""in"":""body""},{""label"":""Audio"",""key"":""audio"",""in"":""body""}],""variants"":[{""when"":{""resolution"":""720p"",""audio"":""off""},""price"":{""type"":""PER_UNIT"",""amount"":{""value"":0.042,""currency"":""USD""},""per"":1,""unit"":""second""}},{""when"":{""resolution"":""1080p"",""audio"":""off""},""price"":{""type"":""PER_UNIT"",""amount"":{""value"":0.07,""currency"":""USD""},""per"":1,""unit"":""second""}},{""when"":{""resolution"":""1080p"",""audio"":""native""},""price"":{""type"":""PER_UNIT"",""amount"":{""value"":0.14,""currency"":""USD""},""per"":1,""unit"":""second""}}]}",verified,kling|video-generation,,eip155:8453|eip155:143,,False,https://kling.ai/document-api/api/video/2-6/text-to-video,https://api.monid.ai/public/v1/providers/kling/endpoints/v1/video/kling-2.6-t2v
kling,/v1/video/kling-3.0-i2v,Image to Video,POST,"{""type"":""PER_UNIT_MATRIX"",""amount"":{""value"":0.084,""currency"":""USD""},""selectors"":[{""label"":""Resolution"",""key"":""resolution"",""in"":""body""},{""label"":""Audio"",""key"":""audio"",""in"":""body""}],""variants"":[{""when"":{""resolution"":""720p"",""audio"":""off""},""price"":{""type"":""PER_UNIT"",""amount"":{""value"":0.084,""currency"":""USD""},""per"":1,""unit"":""second""}},{""when"":{""resolution"":""720p"",""audio"":""native""},""price"":{""type"":""PER_UNIT"",""amount"":{""value"":0.126,""currency"":""USD""},""per"":1,""unit"":""second""}},{""when"":{""resolution"":""1080p"",""audio"":""off""},""price"":{""type"":""PER_UNIT"",""amount"":{""value"":0.112,""currency"":""USD""},""per"":1,""unit"":""second""}},{""when"":{""resolution"":""1080p"",""audio"":""native""},""price"":{""type"":""PER_UNIT"",""amount"":{""value"":0.168,""currency"":""USD""},""per"":1,""unit"":""second""}},{""when"":{""resolution"":""4k"",""audio"":""off""},""price"":{""type"":""PER_UNIT"",""amount"":{""value"":0.42,""currency"":""USD""},""per"":1,""unit"":""second""}},{""when"":{""resolution"":""4k"",""audio"":""native""},""price"":{""type"":""PER_UNIT"",""amount"":{""value"":0.42,""currency"":""USD""},""per"":1,""unit"":""second""}}]}",verified,kling|video-generation,,eip155:8453|eip155:143,,False,https://kling.ai/document-api/api/video/3-0-omni/image-to-video,https://api.monid.ai/public/v1/providers/kling/endpoints/v1/video/kling-3.0-i2v
kling,/v1/video/kling-3.0-motion-control,Transfer Motion to Character,POST,"{""type"":""PER_UNIT_MATRIX"",""amount"":{""value"":0.126,""currency"":""USD""},""selectors"":[{""label"":""Resolution"",""key"":""resolution"",""in"":""body""}],""variants"":[{""when"":{""resolution"":""720p""},""price"":{""type"":""PER_UNIT"",""amount"":{""value"":0.126,""currency"":""USD""},""per"":1,""unit"":""second""}},{""when"":{""resolution"":""1080p""},""price"":{""type"":""PER_UNIT"",""amount"":{""value"":0.168,""currency"":""USD""},""per"":1,""unit"":""second""}}]}",verified,kling|video-generation,,eip155:8453|eip155:143,,False,https://kling.ai/document-api/api/video/3-0-omni/motion-control,https://api.monid.ai/public/v1/providers/kling/endpoints/v1/video/kling-3.0-motion-control
kling,/v1/video/kling-3.0-omni,Generate or Edit Video,POST,"{""type"":""TIERED"",""amount"":{""value"":0,""currency"":""USD""},""tiers"":[{""label"":""720p, no video input, no native audio"",""selector"":{""label"":""720p, no video input, no native audio"",""key"":""billed_seconds.720p-novideo-silent"",""in"":""output""},""price"":{""type"":""PER_UNIT"",""amount"":{""value"":0.084,""currency"":""USD""},""per"":1,""unit"":""second""}},{""label"":""720p, no video input, native audio"",""selector"":{""label"":""720p, no video input, native audio"",""key"":""billed_seconds.720p-novideo-native"",""in"":""output""},""price"":{""type"":""PER_UNIT"",""amount"":{""value"":0.112,""currency"":""USD""},""per"":1,""unit"":""second""}},{""label"":""720p, with video input"",""selector"":{""label"":""720p, with video input"",""key"":""billed_seconds.720p-video"",""in"":""output""},""price"":{""type"":""PER_UNIT"",""amount"":{""value"":0.126,""currency"":""USD""},""per"":1,""unit"":""second""}},{""label"":""1080p, no video input, no native audio"",""selector"":{""label"":""1080p, no video input, no native audio"",""key"":""billed_seconds.1080p-novideo-silent"",""in"":""output""},""price"":{""type"":""PER_UNIT"",""amount"":{""value"":0.112,""currency"":""USD""},""per"":1,""unit"":""second""}},{""label"":""1080p, no video input, native audio"",""selector"":{""label"":""1080p, no video input, native audio"",""key"":""billed_seconds.1080p-novideo-native"",""in"":""output""},""price"":{""type"":""PER_UNIT"",""amount"":{""value"":0.14,""currency"":""USD""},""per"":1,""unit"":""second""}},{""label"":""1080p, with video input"",""selector"":{""label"":""1080p, with video input"",""key"":""billed_seconds.1080p-video"",""in"":""output""},""price"":{""type"":""PER_UNIT"",""amount"":{""value"":0.168,""currency"":""USD""},""per"":1,""unit"":""second""}},{""label"":""4k, no video input"",""selector"":{""label"":""4k, no video input"",""key"":""billed_seconds.4k-novideo"",""in"":""output""},""price"":{""type"":""PER_UNIT"",""amount"":{""value"":0.42,""currency"":""USD""},""per"":1,""unit"":""second""}},{""label"":""4k, with video input"",""selector"":{""label"":""4k, with video input"",""key"":""billed_seconds.4k-video"",""in"":""output""},""price"":{""type"":""PER_UNIT"",""amount"":{""value"":0.42,""currency"":""USD""},""per"":1,""unit"":""second""}}]}",verified,kling|video-generation,,eip155:8453|eip155:143,,False,https://kling.ai/document-api/api/video/3-0-omni/video-omni,https://api.monid.ai/public/v1/providers/kling/endpoints/v1/video/kling-3.0-omni
kling,/v1/video/kling-3.0-t2v,Text to Video,POST,"{""type"":""PER_UNIT_MATRIX"",""amount"":{""value"":0.084,""currency"":""USD""},""selectors"":[{""label"":""Resolution"",""key"":""resolution"",""in"":""body""},{""label"":""Audio"",""key"":""audio"",""in"":""body""}],""variants"":[{""when"":{""resolution"":""720p"",""audio"":""off""},""price"":{""type"":""PER_UNIT"",""amount"":{""value"":0.084,""currency"":""USD""},""per"":1,""unit"":""second""}},{""when"":{""resolution"":""720p"",""audio"":""native""},""price"":{""type"":""PER_UNIT"",""amount"":{""value"":0.126,""currency"":""USD""},""per"":1,""unit"":""second""}},{""when"":{""resolution"":""1080p"",""audio"":""off""},""price"":{""type"":""PER_UNIT"",""amount"":{""value"":0.112,""currency"":""USD""},""per"":1,""unit"":""second""}},{""when"":{""resolution"":""1080p"",""audio"":""native""},""price"":{""type"":""PER_UNIT"",""amount"":{""value"":0.168,""currency"":""USD""},""per"":1,""unit"":""second""}},{""when"":{""resolution"":""4k"",""audio"":""off""},""price"":{""type"":""PER_UNIT"",""amount"":{""value"":0.42,""currency"":""USD""},""per"":1,""unit"":""second""}},{""when"":{""resolution"":""4k"",""audio"":""native""},""price"":{""type"":""PER_UNIT"",""amount"":{""value"":0.42,""currency"":""USD""},""per"":1,""unit"":""second""}}]}",verified,kling|video-generation,,eip155:8453|eip155:143,,False,https://kling.ai/document-api/api/video/3-0-omni/text-to-video,https://api.monid.ai/public/v1/providers/kling/endpoints/v1/video/kling-3.0-t2v
kling,/v1/video/kling-3.0-turbo-i2v,Fast Image to Video,POST,"{""type"":""PER_UNIT_MATRIX"",""amount"":{""value"":0.112,""currency"":""USD""},""selectors"":[{""label"":""Resolution"",""key"":""resolution"",""in"":""body""}],""variants"":[{""when"":{""resolution"":""720p""},""price"":{""type"":""PER_UNIT"",""amount"":{""value"":0.112,""currency"":""USD""},""per"":1,""unit"":""second""}},{""when"":{""resolution"":""1080p""},""price"":{""type"":""PER_UNIT"",""amount"":{""value"":0.14,""currency"":""USD""},""per"":1,""unit"":""second""}}]}",verified,kling|video-generation,,eip155:8453|eip155:143,,False,https://kling.ai/document-api/api/video/3-0-turbo/image-to-video,https://api.monid.ai/public/v1/providers/kling/endpoints/v1/video/kling-3.0-turbo-i2v
kling,/v1/video/kling-3.0-turbo-t2v,Fast Text to Video,POST,"{""type"":""PER_UNIT_MATRIX"",""amount"":{""value"":0.112,""currency"":""USD""},""selectors"":[{""label"":""Resolution"",""key"":""resolution"",""in"":""body""}],""variants"":[{""when"":{""resolution"":""720p""},""price"":{""type"":""PER_UNIT"",""amount"":{""value"":0.112,""currency"":""USD""},""per"":1,""unit"":""second""}},{""when"":{""resolution"":""1080p""},""price"":{""type"":""PER_UNIT"",""amount"":{""value"":0.14,""currency"":""USD""},""per"":1,""unit"":""second""}}]}",verified,kling|video-generation,,eip155:8453|eip155:143,,False,https://kling.ai/document-api/api/video/3-0-turbo/text-to-video,https://api.monid.ai/public/v1/providers/kling/endpoints/v1/video/kling-3.0-turbo-t2v
kling,/v1/video/kling-o1,Edit Video with References,POST,"{""type"":""TIERED"",""amount"":{""value"":0,""currency"":""USD""},""tiers"":[{""label"":""720p, no video input"",""selector"":{""label"":""720p, no video input"",""key"":""billed_seconds.720p-novideo"",""in"":""output""},""price"":{""type"":""PER_UNIT"",""amount"":{""value"":0.084,""currency"":""USD""},""per"":1,""unit"":""second""}},{""label"":""720p, with video input"",""selector"":{""label"":""720p, with video input"",""key"":""billed_seconds.720p-video"",""in"":""output""},""price"":{""type"":""PER_UNIT"",""amount"":{""value"":0.126,""currency"":""USD""},""per"":1,""unit"":""second""}},{""label"":""1080p, no video input"",""selector"":{""label"":""1080p, no video input"",""key"":""billed_seconds.1080p-novideo"",""in"":""output""},""price"":{""type"":""PER_UNIT"",""amount"":{""value"":0.112,""currency"":""USD""},""per"":1,""unit"":""second""}},{""label"":""1080p, with video input"",""selector"":{""label"":""1080p, with video input"",""key"":""billed_seconds.1080p-video"",""in"":""output""},""price"":{""type"":""PER_UNIT"",""amount"":{""value"":0.168,""currency"":""USD""},""per"":1,""unit"":""second""}}]}",verified,kling|video-generation,,eip155:8453|eip155:143,,False,https://kling.ai/document-api/api/video/o1/video-omni,https://api.monid.ai/public/v1/providers/kling/endpoints/v1/video/kling-o1
levels.fyi,/get_company_benefits,Get company benefits,GET,"{""type"":""PER_CALL"",""amount"":{""value"":0.01,""currency"":""USD""}}",verified,compensation|levels-fyi,,eip155:8453|eip155:143,,False,https://parse.bot/marketplace/levels-fyi-api,https://api.monid.ai/public/v1/providers/levels.fyi/endpoints/get_company_benefits
levels.fyi,/get_company_overview,Get company overview,GET,"{""type"":""PER_CALL"",""amount"":{""value"":0.01,""currency"":""USD""}}",verified,compensation|levels-fyi,,eip155:8453|eip155:143,,False,https://parse.bot/marketplace/levels-fyi-api,https://api.monid.ai/public/v1/providers/levels.fyi/endpoints/get_company_overview
levels.fyi,/get_h1b_salaries,Get H-1B salaries,GET,"{""type"":""PER_CALL"",""amount"":{""value"":0.01,""currency"":""USD""}}",verified,compensation|levels-fyi,,eip155:8453|eip155:143,,False,https://parse.bot/marketplace/levels-fyi-api,https://api.monid.ai/public/v1/providers/levels.fyi/endpoints/get_h1b_salaries
levels.fyi,/get_internship_salaries,Get internship salaries,GET,"{""type"":""PER_CALL"",""amount"":{""value"":0.01,""currency"":""USD""}}",verified,compensation|levels-fyi,,eip155:8453|eip155:143,,False,https://parse.bot/marketplace/levels-fyi-api,https://api.monid.ai/public/v1/providers/levels.fyi/endpoints/get_internship_salaries
levels.fyi,/get_job_families,List job families,GET,"{""type"":""PER_CALL"",""amount"":{""value"":0.01,""currency"":""USD""}}",verified,compensation|levels-fyi,,eip155:8453|eip155:143,,False,https://parse.bot/marketplace/levels-fyi-api,https://api.monid.ai/public/v1/providers/levels.fyi/endpoints/get_job_families
levels.fyi,/get_popular_companies,List popular companies,GET,"{""type"":""PER_CALL"",""amount"":{""value"":0.01,""currency"":""USD""}}",verified,compensation|levels-fyi,,eip155:8453|eip155:143,,False,https://parse.bot/marketplace/levels-fyi-api,https://api.monid.ai/public/v1/providers/levels.fyi/endpoints/get_popular_companies
levels.fyi,/get_salary_data,Get salary data,GET,"{""type"":""PER_CALL"",""amount"":{""value"":0.01,""currency"":""USD""}}",verified,compensation|levels-fyi,,eip155:8453|eip155:143,,False,https://parse.bot/marketplace/levels-fyi-api,https://api.monid.ai/public/v1/providers/levels.fyi/endpoints/get_salary_data
levels.fyi,/get_salary_summary_md,Get salary summary,GET,"{""type"":""PER_CALL"",""amount"":{""value"":0.01,""currency"":""USD""}}",verified,compensation|levels-fyi,,eip155:8453|eip155:143,,False,https://parse.bot/marketplace/levels-fyi-api,https://api.monid.ai/public/v1/providers/levels.fyi/endpoints/get_salary_summary_md
litescrape,/app-store/product,Get App Store Product,GET,"{""type"":""PER_CALL"",""amount"":{""value"":0.00015,""currency"":""USD""}}",verified,app-stores|litescrape,,eip155:8453|eip155:143,,False,https://litescrape.com/docs,https://api.monid.ai/public/v1/providers/litescrape/endpoints/app-store/product
litescrape,/app-store/reviews,Get App Store Reviews,GET,"{""type"":""PER_CALL"",""amount"":{""value"":0.00015,""currency"":""USD""}}",verified,app-stores|litescrape,,eip155:8453|eip155:143,,False,https://litescrape.com/docs,https://api.monid.ai/public/v1/providers/litescrape/endpoints/app-store/reviews
litescrape,/app-store/search,Search App Store,GET,"{""type"":""PER_CALL"",""amount"":{""value"":0.00015,""currency"":""USD""}}",verified,app-stores|litescrape,,eip155:8453|eip155:143,,False,https://litescrape.com/docs,https://api.monid.ai/public/v1/providers/litescrape/endpoints/app-store/search
litescrape,/apple-maps/places,Get Apple Maps Places,GET,"{""type"":""PER_CALL"",""amount"":{""value"":0.00015,""currency"":""USD""}}",verified,litescrape|maps,,eip155:8453|eip155:143,,False,https://litescrape.com/docs,https://api.monid.ai/public/v1/providers/litescrape/endpoints/apple-maps/places
litescrape,/apple-maps/reviews,Get Apple Maps Reviews,GET,"{""type"":""PER_CALL"",""amount"":{""value"":0.00015,""currency"":""USD""}}",verified,litescrape|maps,,eip155:8453|eip155:143,,False,https://litescrape.com/docs,https://api.monid.ai/public/v1/providers/litescrape/endpoints/apple-maps/reviews
litescrape,/bing/maps,Search Bing Maps,GET,"{""type"":""PER_CALL"",""amount"":{""value"":0.00015,""currency"":""USD""}}",verified,litescrape|maps,,eip155:8453|eip155:143,,False,https://litescrape.com/docs,https://api.monid.ai/public/v1/providers/litescrape/endpoints/bing/maps
litescrape,/bing/search,Search Bing,GET,"{""type"":""PER_CALL"",""amount"":{""value"":0.00015,""currency"":""USD""}}",verified,litescrape|web-search,,eip155:8453|eip155:143,,False,https://litescrape.com/docs,https://api.monid.ai/public/v1/providers/litescrape/endpoints/bing/search
litescrape,/duckduckgo/maps,Search DuckDuckGo Maps,GET,"{""type"":""PER_CALL"",""amount"":{""value"":0.00015,""currency"":""USD""}}",verified,litescrape|maps,,eip155:8453|eip155:143,,False,https://litescrape.com/docs,https://api.monid.ai/public/v1/providers/litescrape/endpoints/duckduckgo/maps
litescrape,/duckduckgo/search,Search DuckDuckGo,GET,"{""type"":""PER_CALL"",""amount"":{""value"":0.00015,""currency"":""USD""}}",verified,litescrape|web-search,,eip155:8453|eip155:143,,False,https://litescrape.com/docs,https://api.monid.ai/public/v1/providers/litescrape/endpoints/duckduckgo/search
litescrape,/google-play/apps,Search Play Apps,GET,"{""type"":""PER_CALL"",""amount"":{""value"":0.00015,""currency"":""USD""}}",verified,app-stores|litescrape,,eip155:8453|eip155:143,,False,https://litescrape.com/docs,https://api.monid.ai/public/v1/providers/litescrape/endpoints/google-play/apps
litescrape,/google-play/books,Search Play Books,GET,"{""type"":""PER_CALL"",""amount"":{""value"":0.00015,""currency"":""USD""}}",verified,litescrape,,eip155:8453|eip155:143,,False,https://litescrape.com/docs,https://api.monid.ai/public/v1/providers/litescrape/endpoints/google-play/books
litescrape,/google-play/games,Browse Play Games,GET,"{""type"":""PER_CALL"",""amount"":{""value"":0.00015,""currency"":""USD""}}",verified,app-stores|litescrape,,eip155:8453|eip155:143,,False,https://litescrape.com/docs,https://api.monid.ai/public/v1/providers/litescrape/endpoints/google-play/games
litescrape,/google-play/movies,Search Play Movies,GET,"{""type"":""PER_CALL"",""amount"":{""value"":0.00015,""currency"":""USD""}}",verified,litescrape,,eip155:8453|eip155:143,,False,https://litescrape.com/docs,https://api.monid.ai/public/v1/providers/litescrape/endpoints/google-play/movies
litescrape,/google-play/product,Get Play Product,GET,"{""type"":""PER_CALL"",""amount"":{""value"":0.00015,""currency"":""USD""}}",verified,app-stores|litescrape,,eip155:8453|eip155:143,,False,https://litescrape.com/docs,https://api.monid.ai/public/v1/providers/litescrape/endpoints/google-play/product
litescrape,/google-play/reviews,Get Play Reviews,GET,"{""type"":""PER_CALL"",""amount"":{""value"":0.00015,""currency"":""USD""}}",verified,app-stores|litescrape,,eip155:8453|eip155:143,,False,https://litescrape.com/docs,https://api.monid.ai/public/v1/providers/litescrape/endpoints/google-play/reviews
litescrape,/google/ads,Find Google Ads,GET,"{""type"":""PER_CALL"",""amount"":{""value"":0.00015,""currency"":""USD""}}",verified,litescrape|seo,,eip155:8453|eip155:143,,False,https://litescrape.com/docs,https://api.monid.ai/public/v1/providers/litescrape/endpoints/google/ads
litescrape,/google/ai-mode,Ask Google AI Mode,GET,"{""type"":""PER_CALL"",""amount"":{""value"":0.00015,""currency"":""USD""}}",verified,ai-search|litescrape,,eip155:8453|eip155:143,,False,https://litescrape.com/docs,https://api.monid.ai/public/v1/providers/litescrape/endpoints/google/ai-mode
litescrape,/google/ai-overview,Get AI Overview,GET,"{""type"":""PER_CALL"",""amount"":{""value"":0.00015,""currency"":""USD""}}",verified,ai-search|litescrape,,eip155:8453|eip155:143,,False,https://litescrape.com/docs,https://api.monid.ai/public/v1/providers/litescrape/endpoints/google/ai-overview
litescrape,/google/contributor-reviews,Get Contributor Reviews,GET,"{""type"":""PER_CALL"",""amount"":{""value"":0.00015,""currency"":""USD""}}",verified,litescrape|maps,,eip155:8453|eip155:143,,False,https://litescrape.com/docs,https://api.monid.ai/public/v1/providers/litescrape/endpoints/google/contributor-reviews
litescrape,/google/local,Search Google Local,GET,"{""type"":""PER_CALL"",""amount"":{""value"":0.00015,""currency"":""USD""}}",verified,litescrape|maps,,eip155:8453|eip155:143,,False,https://litescrape.com/docs,https://api.monid.ai/public/v1/providers/litescrape/endpoints/google/local
litescrape,/google/maps,Search Google Maps,GET,"{""type"":""PER_CALL"",""amount"":{""value"":0.00015,""currency"":""USD""}}",verified,litescrape|maps,,eip155:8453|eip155:143,,False,https://litescrape.com/docs,https://api.monid.ai/public/v1/providers/litescrape/endpoints/google/maps
litescrape,/google/maps-photo,Get Photo Metadata,GET,"{""type"":""PER_CALL"",""amount"":{""value"":0.00015,""currency"":""USD""}}",verified,litescrape|maps,,eip155:8453|eip155:143,,False,https://litescrape.com/docs,https://api.monid.ai/public/v1/providers/litescrape/endpoints/google/maps-photo
litescrape,/google/maps-popular-times,Get Live Foot Traffic,GET,"{""type"":""PER_CALL"",""amount"":{""value"":0.00015,""currency"":""USD""}}",verified,litescrape|maps,,eip155:8453|eip155:143,,False,https://litescrape.com/docs,https://api.monid.ai/public/v1/providers/litescrape/endpoints/google/maps-popular-times
litescrape,/google/maps-posts,Get Maps Posts,GET,"{""type"":""PER_CALL"",""amount"":{""value"":0.00015,""currency"":""USD""}}",verified,litescrape|maps,,eip155:8453|eip155:143,,False,https://litescrape.com/docs,https://api.monid.ai/public/v1/providers/litescrape/endpoints/google/maps-posts
litescrape,/google/maps-web,Get Maps Web Results,GET,"{""type"":""PER_CALL"",""amount"":{""value"":0.00015,""currency"":""USD""}}",verified,litescrape|maps,,eip155:8453|eip155:143,,False,https://litescrape.com/docs,https://api.monid.ai/public/v1/providers/litescrape/endpoints/google/maps-web
litescrape,/google/reviews,Get Google Reviews,GET,"{""type"":""PER_CALL"",""amount"":{""value"":0.00015,""currency"":""USD""}}",verified,litescrape|maps,,eip155:8453|eip155:143,,False,https://litescrape.com/docs,https://api.monid.ai/public/v1/providers/litescrape/endpoints/google/reviews
litescrape,/google/search,Search Google,GET,"{""type"":""PER_CALL"",""amount"":{""value"":0.00015,""currency"":""USD""}}",verified,litescrape|web-search,,eip155:8453|eip155:143,,False,https://litescrape.com/docs,https://api.monid.ai/public/v1/providers/litescrape/endpoints/google/search
litescrape,/google/shopping,Search Google Shopping,GET,"{""type"":""PER_CALL"",""amount"":{""value"":0.00015,""currency"":""USD""}}",verified,google-shopping|litescrape,,eip155:8453|eip155:143,,False,https://litescrape.com/docs,https://api.monid.ai/public/v1/providers/litescrape/endpoints/google/shopping
litescrape,/google/shopping-product,Get Shopping Product,GET,"{""type"":""PER_CALL"",""amount"":{""value"":0.00015,""currency"":""USD""}}",verified,google-shopping|litescrape,,eip155:8453|eip155:143,,False,https://litescrape.com/docs,https://api.monid.ai/public/v1/providers/litescrape/endpoints/google/shopping-product
litescrape,/tripadvisor/place,Get Tripadvisor Place,GET,"{""type"":""PER_CALL"",""amount"":{""value"":0.00015,""currency"":""USD""}}",verified,hotels|litescrape|maps,,eip155:8453|eip155:143,,False,https://litescrape.com/docs,https://api.monid.ai/public/v1/providers/litescrape/endpoints/tripadvisor/place
litescrape,/tripadvisor/reviews,Get Tripadvisor Reviews,GET,"{""type"":""PER_CALL"",""amount"":{""value"":0.00015,""currency"":""USD""}}",verified,hotels|litescrape|maps,,eip155:8453|eip155:143,,False,https://litescrape.com/docs,https://api.monid.ai/public/v1/providers/litescrape/endpoints/tripadvisor/reviews
litescrape,/tripadvisor/search,Search Tripadvisor,GET,"{""type"":""PER_CALL"",""amount"":{""value"":0.00015,""currency"":""USD""}}",verified,hotels|litescrape|maps,,eip155:8453|eip155:143,,False,https://litescrape.com/docs,https://api.monid.ai/public/v1/providers/litescrape/endpoints/tripadvisor/search
litescrape,/yelp/reviews,Get Yelp Reviews,GET,"{""type"":""PER_CALL"",""amount"":{""value"":0.00015,""currency"":""USD""}}",verified,litescrape|maps,,eip155:8453|eip155:143,,False,https://litescrape.com/docs,https://api.monid.ai/public/v1/providers/litescrape/endpoints/yelp/reviews
litescrape,/yelp/search,Search Yelp,GET,"{""type"":""PER_CALL"",""amount"":{""value"":0.00015,""currency"":""USD""}}",verified,litescrape|maps,,eip155:8453|eip155:143,,False,https://litescrape.com/docs,https://api.monid.ai/public/v1/providers/litescrape/endpoints/yelp/search
lmarena,/get_best_coding_models,Get best coding models,GET,"{""type"":""PER_CALL"",""amount"":{""value"":0.01,""currency"":""USD""}}",verified,lmarena|model-benchmarks,,eip155:8453|eip155:143,,False,https://parse.bot/marketplace/lmarena-ai-api,https://api.monid.ai/public/v1/providers/lmarena/endpoints/get_best_coding_models
lmarena,/get_code_leaderboard,Get code leaderboard,GET,"{""type"":""PER_CALL"",""amount"":{""value"":0.01,""currency"":""USD""}}",verified,lmarena|model-benchmarks,,eip155:8453|eip155:143,,False,https://parse.bot/marketplace/lmarena-ai-api,https://api.monid.ai/public/v1/providers/lmarena/endpoints/get_code_leaderboard
lmarena,/get_image_edit_leaderboard,Get image-editing leaderboard,GET,"{""type"":""PER_CALL"",""amount"":{""value"":0.01,""currency"":""USD""}}",verified,lmarena|model-benchmarks,,eip155:8453|eip155:143,,False,https://parse.bot/marketplace/lmarena-ai-api,https://api.monid.ai/public/v1/providers/lmarena/endpoints/get_image_edit_leaderboard
lmarena,/get_image_to_video_leaderboard,Get image-to-video leaderboard,GET,"{""type"":""PER_CALL"",""amount"":{""value"":0.01,""currency"":""USD""}}",verified,lmarena|model-benchmarks,,eip155:8453|eip155:143,,False,https://parse.bot/marketplace/lmarena-ai-api,https://api.monid.ai/public/v1/providers/lmarena/endpoints/get_image_to_video_leaderboard
lmarena,/get_leaderboard_overview,Get leaderboard overview,GET,"{""type"":""PER_CALL"",""amount"":{""value"":0.1,""currency"":""USD""}}",verified,lmarena|model-benchmarks,,eip155:8453|eip155:143,,False,https://parse.bot/marketplace/lmarena-ai-api,https://api.monid.ai/public/v1/providers/lmarena/endpoints/get_leaderboard_overview
lmarena,/get_search_leaderboard,Get search leaderboard,GET,"{""type"":""PER_CALL"",""amount"":{""value"":0.01,""currency"":""USD""}}",verified,lmarena|model-benchmarks,,eip155:8453|eip155:143,,False,https://parse.bot/marketplace/lmarena-ai-api,https://api.monid.ai/public/v1/providers/lmarena/endpoints/get_search_leaderboard
lmarena,/get_text_leaderboard,Get text leaderboard,GET,"{""type"":""PER_CALL"",""amount"":{""value"":0.1,""currency"":""USD""}}",verified,lmarena|model-benchmarks,,eip155:8453|eip155:143,,False,https://parse.bot/marketplace/lmarena-ai-api,https://api.monid.ai/public/v1/providers/lmarena/endpoints/get_text_leaderboard
lmarena,/get_text_to_image_leaderboard,Get text-to-image leaderboard,GET,"{""type"":""PER_CALL"",""amount"":{""value"":0.01,""currency"":""USD""}}",verified,lmarena|model-benchmarks,,eip155:8453|eip155:143,,False,https://parse.bot/marketplace/lmarena-ai-api,https://api.monid.ai/public/v1/providers/lmarena/endpoints/get_text_to_image_leaderboard
lmarena,/get_text_to_video_leaderboard,Get text-to-video leaderboard,GET,"{""type"":""PER_CALL"",""amount"":{""value"":0.01,""currency"":""USD""}}",verified,lmarena|model-benchmarks,,eip155:8453|eip155:143,,False,https://parse.bot/marketplace/lmarena-ai-api,https://api.monid.ai/public/v1/providers/lmarena/endpoints/get_text_to_video_leaderboard
lmarena,/get_top_models_by_category,Get top models by category,GET,"{""type"":""PER_CALL"",""amount"":{""value"":0.01,""currency"":""USD""}}",verified,lmarena|model-benchmarks,,eip155:8453|eip155:143,,False,https://parse.bot/marketplace/lmarena-ai-api,https://api.monid.ai/public/v1/providers/lmarena/endpoints/get_top_models_by_category
lmarena,/get_vision_leaderboard,Get vision leaderboard,GET,"{""type"":""PER_CALL"",""amount"":{""value"":0.01,""currency"":""USD""}}",verified,lmarena|model-benchmarks,,eip155:8453|eip155:143,,False,https://parse.bot/marketplace/lmarena-ai-api,https://api.monid.ai/public/v1/providers/lmarena/endpoints/get_vision_leaderboard
lmarena,/list_available_models,List available models,GET,"{""type"":""PER_CALL"",""amount"":{""value"":0.01,""currency"":""USD""}}",verified,lmarena|model-benchmarks,,eip155:8453|eip155:143,,False,https://parse.bot/marketplace/lmarena-ai-api,https://api.monid.ai/public/v1/providers/lmarena/endpoints/list_available_models
lmarena,/search_leaderboard_models,Search leaderboard models,GET,"{""type"":""PER_CALL"",""amount"":{""value"":0.01,""currency"":""USD""}}",verified,lmarena|model-benchmarks,,eip155:8453|eip155:143,,False,https://parse.bot/marketplace/lmarena-ai-api,https://api.monid.ai/public/v1/providers/lmarena/endpoints/search_leaderboard_models
loopnet,/get_broker_profile,Get broker profile,GET,"{""type"":""PER_CALL"",""amount"":{""value"":0.03,""currency"":""USD""}}",verified,loopnet|real-estate,,eip155:8453|eip155:143,,False,https://parse.bot/marketplace/loopnet-com-api,https://api.monid.ai/public/v1/providers/loopnet/endpoints/get_broker_profile
loopnet,/get_listing_detail,Get commercial listing detail,GET,"{""type"":""PER_CALL"",""amount"":{""value"":0.05,""currency"":""USD""}}",verified,loopnet|real-estate,,eip155:8453|eip155:143,,False,https://parse.bot/marketplace/loopnet-com-api,https://api.monid.ai/public/v1/providers/loopnet/endpoints/get_listing_detail
loopnet,/search_brokers,Search brokers,GET,"{""type"":""PER_CALL"",""amount"":{""value"":0.01,""currency"":""USD""}}",verified,loopnet|real-estate,,eip155:8453|eip155:143,,False,https://parse.bot/marketplace/loopnet-com-api,https://api.monid.ai/public/v1/providers/loopnet/endpoints/search_brokers
loopnet,/search_listings,Search commercial listings,GET,"{""type"":""PER_CALL"",""amount"":{""value"":0.05,""currency"":""USD""}}",verified,loopnet|real-estate,,eip155:8453|eip155:143,,False,https://parse.bot/marketplace/loopnet-com-api,https://api.monid.ai/public/v1/providers/loopnet/endpoints/search_listings
magichour,/v1/image/magic-hour-ai-gif,Prompt to Animation,POST,"{""type"":""PER_CALL"",""amount"":{""value"":0.125,""currency"":""USD""}}",verified,image-generation|magichour|video-generation,,eip155:8453|eip155:143,,False,https://docs.magichour.ai/api-reference/image-projects/ai-gif-generator,https://api.monid.ai/public/v1/providers/magichour/endpoints/v1/image/magic-hour-ai-gif
marketbeat,/get_analyst_ratings,Get analyst ratings,GET,"{""type"":""PER_CALL"",""amount"":{""value"":0.02,""currency"":""USD""}}",verified,equities|marketbeat,,eip155:8453|eip155:143,,False,https://parse.bot/marketplace/marketbeat-com-api,https://api.monid.ai/public/v1/providers/marketbeat/endpoints/get_analyst_ratings
marketbeat,/get_competitors,Get competitors,GET,"{""type"":""PER_CALL"",""amount"":{""value"":0.01,""currency"":""USD""}}",verified,equities|marketbeat,,eip155:8453|eip155:143,,False,https://parse.bot/marketplace/marketbeat-com-api,https://api.monid.ai/public/v1/providers/marketbeat/endpoints/get_competitors
marketbeat,/get_earnings,Get earnings,GET,"{""type"":""PER_CALL"",""amount"":{""value"":0.01,""currency"":""USD""}}",verified,equities|marketbeat,,eip155:8453|eip155:143,,False,https://parse.bot/marketplace/marketbeat-com-api,https://api.monid.ai/public/v1/providers/marketbeat/endpoints/get_earnings
marketbeat,/get_financial_statements,Get financial statements,GET,"{""type"":""PER_CALL"",""amount"":{""value"":0.02,""currency"":""USD""}}",verified,equities|marketbeat,,eip155:8453|eip155:143,,False,https://parse.bot/marketplace/marketbeat-com-api,https://api.monid.ai/public/v1/providers/marketbeat/endpoints/get_financial_statements
marketbeat,/get_insider_trades,Get insider trades,GET,"{""type"":""PER_CALL"",""amount"":{""value"":0.01,""currency"":""USD""}}",verified,equities|marketbeat,,eip155:8453|eip155:143,,False,https://parse.bot/marketplace/marketbeat-com-api,https://api.monid.ai/public/v1/providers/marketbeat/endpoints/get_insider_trades
marketbeat,/get_institutional_ownership,Get institutional ownership,GET,"{""type"":""PER_CALL"",""amount"":{""value"":0.01,""currency"":""USD""}}",verified,equities|marketbeat,,eip155:8453|eip155:143,,False,https://parse.bot/marketplace/marketbeat-com-api,https://api.monid.ai/public/v1/providers/marketbeat/endpoints/get_institutional_ownership
marketbeat,/get_marketrank,Get MarketRank score,GET,"{""type"":""PER_CALL"",""amount"":{""value"":0.01,""currency"":""USD""}}",verified,equities|marketbeat,,eip155:8453|eip155:143,,False,https://parse.bot/marketplace/marketbeat-com-api,https://api.monid.ai/public/v1/providers/marketbeat/endpoints/get_marketrank
marketbeat,/get_options_chain,Get options chain,GET,"{""type"":""PER_CALL"",""amount"":{""value"":0.01,""currency"":""USD""}}",verified,equities|marketbeat,,eip155:8453|eip155:143,,False,https://parse.bot/marketplace/marketbeat-com-api,https://api.monid.ai/public/v1/providers/marketbeat/endpoints/get_options_chain
marketbeat,/get_profitability_metrics,Get profitability metrics,GET,"{""type"":""PER_CALL"",""amount"":{""value"":0.01,""currency"":""USD""}}",verified,equities|marketbeat,,eip155:8453|eip155:143,,False,https://parse.bot/marketplace/marketbeat-com-api,https://api.monid.ai/public/v1/providers/marketbeat/endpoints/get_profitability_metrics
marketbeat,/get_short_interest,Get short interest,GET,"{""type"":""PER_CALL"",""amount"":{""value"":0.01,""currency"":""USD""}}",verified,equities|marketbeat,,eip155:8453|eip155:143,,False,https://parse.bot/marketplace/marketbeat-com-api,https://api.monid.ai/public/v1/providers/marketbeat/endpoints/get_short_interest
marketbeat,/get_stock_forecast,Get price forecast,GET,"{""type"":""PER_CALL"",""amount"":{""value"":0.01,""currency"":""USD""}}",verified,equities|marketbeat,,eip155:8453|eip155:143,,False,https://parse.bot/marketplace/marketbeat-com-api,https://api.monid.ai/public/v1/providers/marketbeat/endpoints/get_stock_forecast
marketbeat,/get_stock_headlines,Get stock headlines,GET,"{""type"":""PER_CALL"",""amount"":{""value"":0.01,""currency"":""USD""}}",verified,equities|marketbeat,,eip155:8453|eip155:143,,False,https://parse.bot/marketplace/marketbeat-com-api,https://api.monid.ai/public/v1/providers/marketbeat/endpoints/get_stock_headlines
marketbeat,/get_stock_overview,Get stock overview,GET,"{""type"":""PER_CALL"",""amount"":{""value"":0.01,""currency"":""USD""}}",verified,equities|marketbeat,,eip155:8453|eip155:143,,False,https://parse.bot/marketplace/marketbeat-com-api,https://api.monid.ai/public/v1/providers/marketbeat/endpoints/get_stock_overview
marketbeat,/search_stocks,Search stocks,GET,"{""type"":""PER_CALL"",""amount"":{""value"":0.01,""currency"":""USD""}}",verified,equities|marketbeat,,eip155:8453|eip155:143,,False,https://parse.bot/marketplace/marketbeat-com-api,https://api.monid.ai/public/v1/providers/marketbeat/endpoints/search_stocks
minimax,/v1/image_generation,MiniMax Image (image-01 / image-01-live),POST,"{""type"":""PER_RESULT"",""amount"":{""value"":0.0035,""currency"":""USD""}}",verified,image-generation|minimax,,eip155:8453|eip155:143,,False,https://platform.minimax.io/docs/api-reference/image-generation-i2i,https://api.monid.ai/public/v1/providers/minimax/endpoints/v1/image_generation
minimax,/v1/music_generation,MiniMax Music,POST,"{""type"":""PER_UNIT_MATRIX"",""amount"":{""value"":0.15,""currency"":""USD""},""selectors"":[{""label"":""Model"",""key"":""model"",""in"":""body""}],""variants"":[{""when"":{""model"":""music-3.0""},""price"":{""type"":""PER_CALL"",""amount"":{""value"":0.15,""currency"":""USD""}},""label"":""music-3.0 \u2014 $0.15 / song""},{""when"":{""model"":""music-2.6""},""price"":{""type"":""PER_CALL"",""amount"":{""value"":0.15,""currency"":""USD""}},""label"":""music-2.6 \u2014 $0.15 / song""}]}",verified,minimax|music-generation,,eip155:8453|eip155:143,,False,https://platform.minimax.io/docs/guides/music-generation,https://api.monid.ai/public/v1/providers/minimax/endpoints/v1/music_generation
minimax,/v1/t2a_v2,MiniMax Text to Speech,POST,"{""type"":""PER_UNIT_MATRIX"",""amount"":{""value"":60,""currency"":""USD""},""selectors"":[{""label"":""Model"",""key"":""model"",""in"":""body""}],""variants"":[{""when"":{""model"":""speech-2.8-hd""},""price"":{""type"":""PER_UNIT"",""amount"":{""value"":100,""currency"":""USD""},""per"":1000000,""unit"":""character""},""label"":""speech-2.8-hd \u2014 $100 / M characters""},{""when"":{""model"":""speech-2.6-hd""},""price"":{""type"":""PER_UNIT"",""amount"":{""value"":100,""currency"":""USD""},""per"":1000000,""unit"":""character""},""label"":""speech-2.6-hd \u2014 $100 / M characters""},{""when"":{""model"":""speech-02-hd""},""price"":{""type"":""PER_UNIT"",""amount"":{""value"":100,""currency"":""USD""},""per"":1000000,""unit"":""character""},""label"":""speech-02-hd \u2014 $100 / M characters""},{""when"":{""model"":""speech-2.8-turbo""},""price"":{""type"":""PER_UNIT"",""amount"":{""value"":60,""currency"":""USD""},""per"":1000000,""unit"":""character""},""label"":""speech-2.8-turbo \u2014 $60 / M characters""},{""when"":{""model"":""speech-2.6-turbo""},""price"":{""type"":""PER_UNIT"",""amount"":{""value"":60,""currency"":""USD""},""per"":1000000,""unit"":""character""},""label"":""speech-2.6-turbo \u2014 $60 / M characters""},{""when"":{""model"":""speech-02-turbo""},""price"":{""type"":""PER_UNIT"",""amount"":{""value"":60,""currency"":""USD""},""per"":1000000,""unit"":""character""},""label"":""speech-02-turbo \u2014 $60 / M characters""}]}",verified,minimax|speech,,eip155:8453|eip155:143,,False,https://platform.minimax.io/docs/api-reference/speech-t2a-http,https://api.monid.ai/public/v1/providers/minimax/endpoints/v1/t2a_v2
minimax,/v1/video/minimax-h3,MiniMax Video (H3),POST,"{""type"":""TIERED"",""amount"":{""value"":0,""currency"":""USD""},""tiers"":[{""label"":""480P"",""when"":{""resolution"":""480P""},""selector"":{""label"":""480P"",""key"":""task.usage.total_seconds"",""in"":""output""},""price"":{""type"":""PER_UNIT"",""amount"":{""value"":0.038,""currency"":""USD""},""per"":1,""unit"":""second""}},{""label"":""768P"",""when"":{""resolution"":""768P""},""selector"":{""label"":""768P"",""key"":""task.usage.total_seconds"",""in"":""output""},""price"":{""type"":""PER_UNIT"",""amount"":{""value"":0.08,""currency"":""USD""},""per"":1,""unit"":""second""}},{""label"":""2K"",""when"":{""resolution"":""2K""},""selector"":{""label"":""2K"",""key"":""task.usage.total_seconds"",""in"":""output""},""price"":{""type"":""PER_UNIT"",""amount"":{""value"":0.13,""currency"":""USD""},""per"":1,""unit"":""second""}},{""label"":""Input images"",""selector"":{""label"":""Input images"",""key"":""task.usage.billable_input_images"",""in"":""output""},""price"":{""type"":""PER_UNIT"",""amount"":{""value"":0.04,""currency"":""USD""},""per"":1,""unit"":""image""}}]}",verified,minimax|video-generation,,eip155:8453|eip155:143,,False,https://platform.minimax.io/docs/api-reference/video-generation-v2-create,https://api.monid.ai/public/v1/providers/minimax/endpoints/v1/video/minimax-h3
minimax,/v1/video/minimax-h3-fast,MiniMax Video (H3 Fast),POST,"{""type"":""TIERED"",""amount"":{""value"":0,""currency"":""USD""},""tiers"":[{""label"":""480P"",""when"":{""resolution"":""480P""},""selector"":{""label"":""480P"",""key"":""task.usage.total_seconds"",""in"":""output""},""price"":{""type"":""PER_UNIT"",""amount"":{""value"":0.046,""currency"":""USD""},""per"":1,""unit"":""second""}},{""label"":""Input images"",""selector"":{""label"":""Input images"",""key"":""task.usage.billable_input_images"",""in"":""output""},""price"":{""type"":""PER_UNIT"",""amount"":{""value"":0.04,""currency"":""USD""},""per"":1,""unit"":""image""}}]}",verified,minimax|video-generation,,eip155:8453|eip155:143,,False,https://platform.minimax.io/docs/api-reference/video-generation-v2-create,https://api.monid.ai/public/v1/providers/minimax/endpoints/v1/video/minimax-h3-fast
minimax,/v1/video/minimax-h3-max,MiniMax Video (H3 Max),POST,"{""type"":""TIERED"",""amount"":{""value"":0,""currency"":""USD""},""tiers"":[{""label"":""480P"",""when"":{""resolution"":""480P""},""selector"":{""label"":""480P"",""key"":""task.usage.output_seconds"",""in"":""output""},""price"":{""type"":""PER_UNIT"",""amount"":{""value"":0.05,""currency"":""USD""},""per"":1,""unit"":""second""}},{""label"":""480P input video"",""when"":{""resolution"":""480P""},""selector"":{""label"":""480P input video"",""key"":""task.usage.input_seconds"",""in"":""output""},""price"":{""type"":""PER_UNIT"",""amount"":{""value"":0.0553,""currency"":""USD""},""per"":1,""unit"":""second""}},{""label"":""768P"",""when"":{""resolution"":""768P""},""selector"":{""label"":""768P"",""key"":""task.usage.output_seconds"",""in"":""output""},""price"":{""type"":""PER_UNIT"",""amount"":{""value"":0.08,""currency"":""USD""},""per"":1,""unit"":""second""}},{""label"":""768P input video"",""when"":{""resolution"":""768P""},""selector"":{""label"":""768P input video"",""key"":""task.usage.input_seconds"",""in"":""output""},""price"":{""type"":""PER_UNIT"",""amount"":{""value"":0.143,""currency"":""USD""},""per"":1,""unit"":""second""}}]}",verified,minimax|video-generation,,eip155:8453|eip155:143,,False,https://platform.minimax.io/docs/api-reference/video-generation-v2-create,https://api.monid.ai/public/v1/providers/minimax/endpoints/v1/video/minimax-h3-max
minimax,/v1/video/minimax-h3-max-turbo,MiniMax Video (H3 Max Turbo),POST,"{""type"":""TIERED"",""amount"":{""value"":0,""currency"":""USD""},""tiers"":[{""label"":""480P"",""when"":{""resolution"":""480P""},""selector"":{""label"":""480P"",""key"":""task.usage.total_seconds"",""in"":""output""},""price"":{""type"":""PER_UNIT"",""amount"":{""value"":0.025,""currency"":""USD""},""per"":1,""unit"":""second""}},{""label"":""768P"",""when"":{""resolution"":""768P""},""selector"":{""label"":""768P"",""key"":""task.usage.total_seconds"",""in"":""output""},""price"":{""type"":""PER_UNIT"",""amount"":{""value"":0.04,""currency"":""USD""},""per"":1,""unit"":""second""}}]}",verified,minimax|video-generation,,eip155:8453|eip155:143,,False,https://platform.minimax.io/docs/api-reference/video-generation-v2-create,https://api.monid.ai/public/v1/providers/minimax/endpoints/v1/video/minimax-h3-max-turbo
minimax,/v1/video/minimax-hailuo-2.3,MiniMax Video (Hailuo-2.3),POST,"{""type"":""PER_UNIT_MATRIX"",""amount"":{""value"":0.28,""currency"":""USD""},""selectors"":[{""label"":""Model"",""key"":""model"",""in"":""body""},{""label"":""Resolution"",""key"":""resolution"",""in"":""body""},{""label"":""Duration (s)"",""key"":""duration"",""in"":""body""}],""variants"":[{""when"":{""model"":""MiniMax-Hailuo-2.3"",""resolution"":""768P"",""duration"":6},""price"":{""type"":""PER_CALL"",""amount"":{""value"":0.28,""currency"":""USD""}}},{""when"":{""model"":""MiniMax-Hailuo-2.3"",""resolution"":""768P"",""duration"":10},""price"":{""type"":""PER_CALL"",""amount"":{""value"":0.56,""currency"":""USD""}}},{""when"":{""model"":""MiniMax-Hailuo-2.3"",""resolution"":""1080P"",""duration"":6},""price"":{""type"":""PER_CALL"",""amount"":{""value"":0.49,""currency"":""USD""}}}]}",verified,minimax|video-generation,,eip155:8453|eip155:143,,False,https://platform.minimax.io/docs/api-reference/video-generation-t2v,https://api.monid.ai/public/v1/providers/minimax/endpoints/v1/video/minimax-hailuo-2.3
mrscraper,/1688/category,1688 Category Listings,POST,"{""type"":""PER_CALL"",""amount"":{""value"":0.029,""currency"":""USD""}}",verified,1688|mrscraper,,eip155:8453|eip155:143,,False,https://docs.mrscraper.com/docs/api/ecommerce/1688/cbc-scraper,https://api.monid.ai/public/v1/providers/mrscraper/endpoints/1688/category
mrscraper,/agoda/hotel,Agoda Hotel Details by ID,POST,"{""type"":""PER_CALL"",""amount"":{""value"":0.01,""currency"":""USD""}}",verified,hotels|mrscraper,,eip155:8453|eip155:143,,False,https://docs.mrscraper.com/docs/api/travel/agoda/hotel-scraper,https://api.monid.ai/public/v1/providers/mrscraper/endpoints/agoda/hotel
mrscraper,/agoda/rates,Agoda Hotel Rates,POST,"{""type"":""PER_CALL"",""amount"":{""value"":0.046,""currency"":""USD""}}",verified,hotels|mrscraper,,eip155:8453|eip155:143,,False,https://docs.mrscraper.com/docs/features/marketplace,https://api.monid.ai/public/v1/providers/mrscraper/endpoints/agoda/rates
mrscraper,/agoda/reviews,Agoda Hotel Reviews,POST,"{""type"":""PER_CALL"",""amount"":{""value"":0.041,""currency"":""USD""}}",verified,hotels|mrscraper,,eip155:8453|eip155:143,,False,https://docs.mrscraper.com/docs/api/travel/agoda/review-scraper,https://api.monid.ai/public/v1/providers/mrscraper/endpoints/agoda/reviews
mrscraper,/amazon/product,Amazon Product Details,POST,"{""type"":""PER_CALL"",""amount"":{""value"":0.05,""currency"":""USD""}}",verified,amazon|mrscraper,,eip155:8453|eip155:143,,False,https://docs.mrscraper.com/docs/getting-started/quickstart,https://api.monid.ai/public/v1/providers/mrscraper/endpoints/amazon/product
mrscraper,/autozone/category,AutoZone Category Listings,POST,"{""type"":""PER_CALL"",""amount"":{""value"":0.012,""currency"":""USD""}}",verified,autozone|mrscraper,,eip155:8453|eip155:143,,False,https://docs.mrscraper.com/docs/features/marketplace,https://api.monid.ai/public/v1/providers/mrscraper/endpoints/autozone/category
mrscraper,/booking/rates,Booking Hotel Rates,POST,"{""type"":""PER_CALL"",""amount"":{""value"":0.041,""currency"":""USD""}}",verified,hotels|mrscraper,,eip155:8453|eip155:143,,False,https://docs.mrscraper.com/docs/api/travel/booking/details-scraper,https://api.monid.ai/public/v1/providers/mrscraper/endpoints/booking/rates
mrscraper,/booking/reviews,Booking Hotel Reviews,POST,"{""type"":""PER_CALL"",""amount"":{""value"":0.036,""currency"":""USD""}}",verified,hotels|mrscraper,,eip155:8453|eip155:143,,False,https://docs.mrscraper.com/docs/api/travel/booking/review-scraper,https://api.monid.ai/public/v1/providers/mrscraper/endpoints/booking/reviews
mrscraper,/china-southern/flights,China Southern Fare Search,POST,"{""type"":""PER_CALL"",""amount"":{""value"":0.002,""currency"":""USD""}}",verified,flights|mrscraper,,eip155:8453|eip155:143,,False,https://docs.mrscraper.com/docs/features/marketplace,https://api.monid.ai/public/v1/providers/mrscraper/endpoints/china-southern/flights
mrscraper,/cvs/product,CVS Product Page HTML,POST,"{""type"":""PER_CALL"",""amount"":{""value"":0.01,""currency"":""USD""}}",verified,cvs|mrscraper,,eip155:8453|eip155:143,,False,https://docs.mrscraper.com/docs/features/marketplace,https://api.monid.ai/public/v1/providers/mrscraper/endpoints/cvs/product
mrscraper,/expedia/rates,Expedia Hotel Rates,POST,"{""type"":""PER_CALL"",""amount"":{""value"":0.031,""currency"":""USD""}}",verified,hotels|mrscraper,,eip155:8453|eip155:143,,False,https://docs.mrscraper.com/docs/features/marketplace,https://api.monid.ai/public/v1/providers/mrscraper/endpoints/expedia/rates
mrscraper,/expedia/search,Expedia Hotel Search,POST,"{""type"":""PER_CALL"",""amount"":{""value"":0.026,""currency"":""USD""}}",verified,hotels|mrscraper,,eip155:8453|eip155:143,,False,https://docs.mrscraper.com/docs/api/travel/expedia/search-scraper,https://api.monid.ai/public/v1/providers/mrscraper/endpoints/expedia/search
mrscraper,/gemini/ask,Ask Gemini,POST,"{""type"":""PER_CALL"",""amount"":{""value"":0.01,""currency"":""USD""}}",verified,ai-search|mrscraper,,eip155:8453|eip155:143,,False,https://docs.mrscraper.com/docs/features/marketplace,https://api.monid.ai/public/v1/providers/mrscraper/endpoints/gemini/ask
mrscraper,/google/ai-mode,Google AI Mode Answer,POST,"{""type"":""PER_CALL"",""amount"":{""value"":0.01,""currency"":""USD""}}",verified,ai-search|mrscraper,,eip155:8453|eip155:143,,False,https://docs.mrscraper.com/docs/features/marketplace,https://api.monid.ai/public/v1/providers/mrscraper/endpoints/google/ai-mode
mrscraper,/google/flights,Search Google Flights,POST,"{""type"":""PER_CALL"",""amount"":{""value"":0.01,""currency"":""USD""}}",verified,flights|mrscraper,,eip155:8453|eip155:143,,False,https://docs.mrscraper.com/docs/features/marketplace,https://api.monid.ai/public/v1/providers/mrscraper/endpoints/google/flights
mrscraper,/google/hotel,Google Hotels Booking Prices,POST,"{""type"":""PER_CALL"",""amount"":{""value"":0.01,""currency"":""USD""}}",verified,hotels|mrscraper,,eip155:8453|eip155:143,,False,https://docs.mrscraper.com/docs/features/marketplace,https://api.monid.ai/public/v1/providers/mrscraper/endpoints/google/hotel
mrscraper,/gpt/web-search,GPT Web Search,POST,"{""type"":""PER_CALL"",""amount"":{""value"":0.025,""currency"":""USD""}}",verified,ai-search|mrscraper,,eip155:8453|eip155:143,,False,https://docs.mrscraper.com/docs/features/marketplace,https://api.monid.ai/public/v1/providers/mrscraper/endpoints/gpt/web-search
mrscraper,/homedepot/product,Home Depot Product Page HTML,POST,"{""type"":""PER_CALL"",""amount"":{""value"":0.01,""currency"":""USD""}}",verified,homedepot|mrscraper,,eip155:8453|eip155:143,,False,https://docs.mrscraper.com/docs/features/marketplace,https://api.monid.ai/public/v1/providers/mrscraper/endpoints/homedepot/product
mrscraper,/hotels-com/reviews,Hotels.com Guest Reviews,POST,"{""type"":""PER_CALL"",""amount"":{""value"":0.024,""currency"":""USD""}}",verified,hotels|mrscraper,,eip155:8453|eip155:143,,False,https://docs.mrscraper.com/docs/api/travel/hotels/review-scraper,https://api.monid.ai/public/v1/providers/mrscraper/endpoints/hotels-com/reviews
mrscraper,/kroger/product,Kroger Product Page HTML,POST,"{""type"":""PER_CALL"",""amount"":{""value"":0.01,""currency"":""USD""}}",verified,kroger|mrscraper,,eip155:8453|eip155:143,,False,https://docs.mrscraper.com/docs/features/marketplace,https://api.monid.ai/public/v1/providers/mrscraper/endpoints/kroger/product
mrscraper,/lazada/category,Lazada Category Listings,POST,"{""type"":""PER_CALL"",""amount"":{""value"":0.01,""currency"":""USD""}}",verified,lazada|mrscraper,,eip155:8453|eip155:143,,False,https://docs.mrscraper.com/docs/api/ecommerce/lazada/cbc-scraper,https://api.monid.ai/public/v1/providers/mrscraper/endpoints/lazada/category
mrscraper,/lazada/product,Lazada Product Details,POST,"{""type"":""PER_CALL"",""amount"":{""value"":0.01,""currency"":""USD""}}",verified,lazada|mrscraper,,eip155:8453|eip155:143,,False,https://docs.mrscraper.com/docs/api/ecommerce/lazada/pdp-scraper,https://api.monid.ai/public/v1/providers/mrscraper/endpoints/lazada/product
mrscraper,/meijer/product,Meijer Product Page HTML,POST,"{""type"":""PER_CALL"",""amount"":{""value"":0.01,""currency"":""USD""}}",verified,meijer|mrscraper,,eip155:8453|eip155:143,,False,https://docs.mrscraper.com/docs/features/marketplace,https://api.monid.ai/public/v1/providers/mrscraper/endpoints/meijer/product
mrscraper,/nordstrom/product,Nordstrom Product Details,POST,"{""type"":""PER_CALL"",""amount"":{""value"":0.093,""currency"":""USD""}}",verified,mrscraper|nordstrom,,eip155:8453|eip155:143,,False,https://docs.mrscraper.com/docs/features/marketplace,https://api.monid.ai/public/v1/providers/mrscraper/endpoints/nordstrom/product
mrscraper,/scrape/detail,Extract Detail Page,POST,"{""type"":""PER_RESULT"",""amount"":{""value"":0.001,""currency"":""USD""}}",verified,mrscraper|web-extraction,,eip155:8453|eip155:143,,False,https://docs.mrscraper.com/docs/features/ai-scraper/pdp,https://api.monid.ai/public/v1/providers/mrscraper/endpoints/scrape/detail
mrscraper,/scrape/extract,Extract Structured Data,POST,"{""type"":""PER_RESULT"",""amount"":{""value"":0.001,""currency"":""USD""}}",verified,mrscraper|web-extraction,,eip155:8453|eip155:143,,False,https://docs.mrscraper.com/docs/getting-started/playground/scrape-json,https://api.monid.ai/public/v1/providers/mrscraper/endpoints/scrape/extract
mrscraper,/scrape/html,Scrape Raw HTML,POST,"{""type"":""PER_RESULT"",""amount"":{""value"":0.001,""currency"":""USD""}}",verified,mrscraper|web-extraction,,eip155:8453|eip155:143,,False,https://docs.mrscraper.com/docs/getting-started/playground/scrape-html,https://api.monid.ai/public/v1/providers/mrscraper/endpoints/scrape/html
mrscraper,/scrape/listing,Extract Listing Pages,POST,"{""type"":""PER_RESULT"",""amount"":{""value"":0.001,""currency"":""USD""}}",verified,mrscraper|web-extraction,,eip155:8453|eip155:143,,False,https://docs.mrscraper.com/docs/getting-started/playground/listing-page,https://api.monid.ai/public/v1/providers/mrscraper/endpoints/scrape/listing
mrscraper,/scrape/map,Map Site URLs,POST,"{""type"":""PER_RESULT"",""amount"":{""value"":0.001,""currency"":""USD""}}",verified,mrscraper|web-extraction,,eip155:8453|eip155:143,,False,https://docs.mrscraper.com/docs/getting-started/playground/scrape-sitemap,https://api.monid.ai/public/v1/providers/mrscraper/endpoints/scrape/map
mrscraper,/scrape/markdown,Scrape Markdown,POST,"{""type"":""PER_RESULT"",""amount"":{""value"":0.001,""currency"":""USD""}}",verified,mrscraper|web-extraction,,eip155:8453|eip155:143,,False,https://docs.mrscraper.com/docs/getting-started/playground/scrape-markdown,https://api.monid.ai/public/v1/providers/mrscraper/endpoints/scrape/markdown
mrscraper,/scrape/screenshot,Capture Page Screenshot,POST,"{""type"":""PER_RESULT"",""amount"":{""value"":0.001,""currency"":""USD""}}",verified,mrscraper|web-extraction,,,,False,https://docs.mrscraper.com/docs/getting-started/playground/get-screenshot,https://api.monid.ai/public/v1/providers/mrscraper/endpoints/scrape/screenshot
mrscraper,/segari/product,Segari Product Details,POST,"{""type"":""PER_CALL"",""amount"":{""value"":0.024,""currency"":""USD""}}",verified,mrscraper|segari,,eip155:8453|eip155:143,,False,https://docs.mrscraper.com/docs/features/marketplace,https://api.monid.ai/public/v1/providers/mrscraper/endpoints/segari/product
mrscraper,/serp/google,Search Google Results,POST,"{""type"":""PER_CALL"",""amount"":{""value"":0.001,""currency"":""USD""}}",verified,mrscraper|web-search,,eip155:8453|eip155:143,,False,https://docs.mrscraper.com/docs/api/seo/google/sync,https://api.monid.ai/public/v1/providers/mrscraper/endpoints/serp/google
mrscraper,/shein/product,Shein Product Details,POST,"{""type"":""PER_CALL"",""amount"":{""value"":0.03,""currency"":""USD""}}",verified,mrscraper|shein,,eip155:8453|eip155:143,,False,https://docs.mrscraper.com/docs/api/ecommerce/shein/scraper,https://api.monid.ai/public/v1/providers/mrscraper/endpoints/shein/product
mrscraper,/tiket/hotel,Tiket Hotel Details,POST,"{""type"":""PER_CALL"",""amount"":{""value"":0.01,""currency"":""USD""}}",verified,hotels|mrscraper,,eip155:8453|eip155:143,,False,https://docs.mrscraper.com/docs/api/travel/tiket/hotel-scraper,https://api.monid.ai/public/v1/providers/mrscraper/endpoints/tiket/hotel
mrscraper,/tiktok/catalog,TikTok Shop Category Page,POST,"{""type"":""PER_CALL"",""amount"":{""value"":0.036,""currency"":""USD""}}",verified,mrscraper|tiktok-shop,,eip155:8453|eip155:143,,False,https://docs.mrscraper.com/docs/features/marketplace,https://api.monid.ai/public/v1/providers/mrscraper/endpoints/tiktok/catalog
mrscraper,/tiktok/hashtag,TikTok Hashtag Stats,POST,"{""type"":""PER_CALL"",""amount"":{""value"":0.01,""currency"":""USD""}}",verified,mrscraper|tiktok,,eip155:8453|eip155:143,,False,https://docs.mrscraper.com/docs/features/marketplace,https://api.monid.ai/public/v1/providers/mrscraper/endpoints/tiktok/hashtag
mrscraper,/tiktok/product,TikTok Shop Product,POST,"{""type"":""PER_CALL"",""amount"":{""value"":0.012,""currency"":""USD""}}",verified,mrscraper|tiktok-shop,,eip155:8453|eip155:143,,False,https://docs.mrscraper.com/docs/api/ecommerce/tiktok/pdp-scraper,https://api.monid.ai/public/v1/providers/mrscraper/endpoints/tiktok/product
mrscraper,/tiktok/search,Search TikTok Shop,POST,"{""type"":""PER_CALL"",""amount"":{""value"":0.01,""currency"":""USD""}}",verified,mrscraper|tiktok-shop,,eip155:8453|eip155:143,,False,https://docs.mrscraper.com/docs/features/marketplace,https://api.monid.ai/public/v1/providers/mrscraper/endpoints/tiktok/search
mrscraper,/tiktok/video,TikTok Video Details,POST,"{""type"":""PER_CALL"",""amount"":{""value"":0.01,""currency"":""USD""}}",verified,mrscraper|tiktok,,eip155:8453|eip155:143,,False,https://docs.mrscraper.com/docs/features/marketplace,https://api.monid.ai/public/v1/providers/mrscraper/endpoints/tiktok/video
mrscraper,/tiktok/video-download,TikTok Video Download Link,POST,"{""type"":""PER_CALL"",""amount"":{""value"":0.01,""currency"":""USD""}}",verified,mrscraper|tiktok,,eip155:8453|eip155:143,,False,https://docs.mrscraper.com/docs/features/marketplace,https://api.monid.ai/public/v1/providers/mrscraper/endpoints/tiktok/video-download
mrscraper,/trip/hotel,Trip.com Hotel Details,POST,"{""type"":""PER_CALL"",""amount"":{""value"":0.02,""currency"":""USD""}}",verified,hotels|mrscraper,,eip155:8453|eip155:143,,False,https://docs.mrscraper.com/docs/api/travel/trip/hotel-scraper,https://api.monid.ai/public/v1/providers/mrscraper/endpoints/trip/hotel
mrscraper,/trip/rates,Trip.com Hotel Rates,POST,"{""type"":""PER_CALL"",""amount"":{""value"":0.03,""currency"":""USD""}}",verified,hotels|mrscraper,,eip155:8453|eip155:143,,False,https://docs.mrscraper.com/docs/api/travel/trip/details-scraper,https://api.monid.ai/public/v1/providers/mrscraper/endpoints/trip/rates
mrscraper,/trip/reviews,Trip.com Hotel Reviews,POST,"{""type"":""PER_CALL"",""amount"":{""value"":0.031,""currency"":""USD""}}",verified,hotels|mrscraper,,eip155:8453|eip155:143,,False,https://docs.mrscraper.com/docs/api/travel/trip/review-scraper,https://api.monid.ai/public/v1/providers/mrscraper/endpoints/trip/reviews
mrscraper,/tripadvisor/reviews,TripAdvisor Reviews,POST,"{""type"":""PER_CALL"",""amount"":{""value"":0.02,""currency"":""USD""}}",verified,hotels|mrscraper,,eip155:8453|eip155:143,,False,https://docs.mrscraper.com/docs/api/travel/tripadv/review-scraper,https://api.monid.ai/public/v1/providers/mrscraper/endpoints/tripadvisor/reviews
mrscraper,/walmart/product,Walmart Product Details,POST,"{""type"":""PER_CALL"",""amount"":{""value"":0.01,""currency"":""USD""}}",verified,mrscraper|walmart,,eip155:8453|eip155:143,,False,https://docs.mrscraper.com/docs/api/ecommerce/walmart/pdp-scraper,https://api.monid.ai/public/v1/providers/mrscraper/endpoints/walmart/product
mrscraper,/watsons/category,Watsons Category Listings,POST,"{""type"":""PER_CALL"",""amount"":{""value"":0.021,""currency"":""USD""}}",verified,mrscraper|watsons,,eip155:8453|eip155:143,,False,https://docs.mrscraper.com/docs/features/marketplace,https://api.monid.ai/public/v1/providers/mrscraper/endpoints/watsons/category
mrscraper,/youtube/comments,YouTube Video Comments,POST,"{""type"":""PER_CALL"",""amount"":{""value"":0.01,""currency"":""USD""}}",verified,mrscraper|youtube,,eip155:8453|eip155:143,,False,https://docs.mrscraper.com/docs/features/marketplace,https://api.monid.ai/public/v1/providers/mrscraper/endpoints/youtube/comments
mrscraper,/youtube/video,YouTube Video Media Info,POST,"{""type"":""PER_CALL"",""amount"":{""value"":0.01,""currency"":""USD""}}",verified,mrscraper|youtube,,eip155:8453|eip155:143,,False,https://docs.mrscraper.com/docs/features/marketplace,https://api.monid.ai/public/v1/providers/mrscraper/endpoints/youtube/video
mrscraper,/zepto/product,Zepto Product Details,POST,"{""type"":""PER_CALL"",""amount"":{""value"":0.009,""currency"":""USD""}}",verified,mrscraper|zepto,,eip155:8453|eip155:143,,False,https://docs.mrscraper.com/docs/features/marketplace,https://api.monid.ai/public/v1/providers/mrscraper/endpoints/zepto/product
nasdaq,/get_cryptocurrency_quote,Get cryptocurrency quote,GET,"{""type"":""PER_CALL"",""amount"":{""value"":0.01,""currency"":""USD""}}",verified,equities|nasdaq,,eip155:8453|eip155:143,,False,https://parse.bot/marketplace/nasdaq-com-api,https://api.monid.ai/public/v1/providers/nasdaq/endpoints/get_cryptocurrency_quote
nasdaq,/get_earnings_calendar,Get earnings calendar,GET,"{""type"":""PER_CALL"",""amount"":{""value"":0.01,""currency"":""USD""}}",verified,equities|nasdaq,,eip155:8453|eip155:143,,False,https://parse.bot/marketplace/nasdaq-com-api,https://api.monid.ai/public/v1/providers/nasdaq/endpoints/get_earnings_calendar
nasdaq,/get_etf_quote,Get ETF quote,GET,"{""type"":""PER_CALL"",""amount"":{""value"":0.01,""currency"":""USD""}}",verified,equities|nasdaq,,eip155:8453|eip155:143,,False,https://parse.bot/marketplace/nasdaq-com-api,https://api.monid.ai/public/v1/providers/nasdaq/endpoints/get_etf_quote
nasdaq,/get_index_detail,Get index detail,GET,"{""type"":""PER_CALL"",""amount"":{""value"":0.01,""currency"":""USD""}}",verified,equities|nasdaq,,eip155:8453|eip155:143,,False,https://parse.bot/marketplace/nasdaq-com-api,https://api.monid.ai/public/v1/providers/nasdaq/endpoints/get_index_detail
nasdaq,/get_market_indices,Get market indices,GET,"{""type"":""PER_CALL"",""amount"":{""value"":0.01,""currency"":""USD""}}",verified,equities|nasdaq,,eip155:8453|eip155:143,,False,https://parse.bot/marketplace/nasdaq-com-api,https://api.monid.ai/public/v1/providers/nasdaq/endpoints/get_market_indices
nasdaq,/get_market_movers,Get market movers,GET,"{""type"":""PER_CALL"",""amount"":{""value"":0.01,""currency"":""USD""}}",verified,equities|nasdaq,,eip155:8453|eip155:143,,False,https://parse.bot/marketplace/nasdaq-com-api,https://api.monid.ai/public/v1/providers/nasdaq/endpoints/get_market_movers
nasdaq,/get_mutual_fund_quote,Get mutual fund quote,GET,"{""type"":""PER_CALL"",""amount"":{""value"":0.01,""currency"":""USD""}}",verified,equities|nasdaq,,eip155:8453|eip155:143,,False,https://parse.bot/marketplace/nasdaq-com-api,https://api.monid.ai/public/v1/providers/nasdaq/endpoints/get_mutual_fund_quote
nasdaq,/get_retail_trading_activity,Get retail trading activity,GET,"{""type"":""PER_CALL"",""amount"":{""value"":0.01,""currency"":""USD""}}",verified,equities|nasdaq,,eip155:8453|eip155:143,,False,https://parse.bot/marketplace/nasdaq-com-api,https://api.monid.ai/public/v1/providers/nasdaq/endpoints/get_retail_trading_activity
nasdaq,/get_stock_dividend_history,Get dividend history,GET,"{""type"":""PER_CALL"",""amount"":{""value"":0.01,""currency"":""USD""}}",verified,equities|nasdaq,,eip155:8453|eip155:143,,False,https://parse.bot/marketplace/nasdaq-com-api,https://api.monid.ai/public/v1/providers/nasdaq/endpoints/get_stock_dividend_history
nasdaq,/get_stock_earnings,Get earnings results,GET,"{""type"":""PER_CALL"",""amount"":{""value"":0.01,""currency"":""USD""}}",verified,equities|nasdaq,,eip155:8453|eip155:143,,False,https://parse.bot/marketplace/nasdaq-com-api,https://api.monid.ai/public/v1/providers/nasdaq/endpoints/get_stock_earnings
nasdaq,/get_stock_financials,Get company financials,GET,"{""type"":""PER_CALL"",""amount"":{""value"":0.01,""currency"":""USD""}}",verified,equities|nasdaq,,eip155:8453|eip155:143,,False,https://parse.bot/marketplace/nasdaq-com-api,https://api.monid.ai/public/v1/providers/nasdaq/endpoints/get_stock_financials
nasdaq,/get_stock_historical_quotes,Get historical quotes,GET,"{""type"":""PER_CALL"",""amount"":{""value"":0.01,""currency"":""USD""}}",verified,equities|nasdaq,,eip155:8453|eip155:143,,False,https://parse.bot/marketplace/nasdaq-com-api,https://api.monid.ai/public/v1/providers/nasdaq/endpoints/get_stock_historical_quotes
nasdaq,/get_stock_institutional_holdings,Get institutional holdings,GET,"{""type"":""PER_CALL"",""amount"":{""value"":0.01,""currency"":""USD""}}",verified,equities|nasdaq,,eip155:8453|eip155:143,,False,https://parse.bot/marketplace/nasdaq-com-api,https://api.monid.ai/public/v1/providers/nasdaq/endpoints/get_stock_institutional_holdings
nasdaq,/get_stock_news,Get stock news,GET,"{""type"":""PER_CALL"",""amount"":{""value"":0.01,""currency"":""USD""}}",verified,equities|nasdaq,,eip155:8453|eip155:143,,False,https://parse.bot/marketplace/nasdaq-com-api,https://api.monid.ai/public/v1/providers/nasdaq/endpoints/get_stock_news
nasdaq,/get_stock_option_chain,Get option chain,GET,"{""type"":""PER_CALL"",""amount"":{""value"":0.01,""currency"":""USD""}}",verified,equities|nasdaq,,eip155:8453|eip155:143,,False,https://parse.bot/marketplace/nasdaq-com-api,https://api.monid.ai/public/v1/providers/nasdaq/endpoints/get_stock_option_chain
nasdaq,/get_stock_quote,Get stock quote,GET,"{""type"":""PER_CALL"",""amount"":{""value"":0.01,""currency"":""USD""}}",verified,equities|nasdaq,,eip155:8453|eip155:143,,False,https://parse.bot/marketplace/nasdaq-com-api,https://api.monid.ai/public/v1/providers/nasdaq/endpoints/get_stock_quote
nasdaq,/get_stock_screener,Run stock screener,GET,"{""type"":""PER_CALL"",""amount"":{""value"":0.01,""currency"":""USD""}}",verified,equities|nasdaq,,eip155:8453|eip155:143,,False,https://parse.bot/marketplace/nasdaq-com-api,https://api.monid.ai/public/v1/providers/nasdaq/endpoints/get_stock_screener
nasdaq,/get_stock_sec_filings,Get SEC filings,GET,"{""type"":""PER_CALL"",""amount"":{""value"":0.01,""currency"":""USD""}}",verified,equities|nasdaq,,eip155:8453|eip155:143,,False,https://parse.bot/marketplace/nasdaq-com-api,https://api.monid.ai/public/v1/providers/nasdaq/endpoints/get_stock_sec_filings
nasdaq,/get_stock_short_interest,Get short interest,GET,"{""type"":""PER_CALL"",""amount"":{""value"":0.01,""currency"":""USD""}}",verified,equities|nasdaq,,eip155:8453|eip155:143,,False,https://parse.bot/marketplace/nasdaq-com-api,https://api.monid.ai/public/v1/providers/nasdaq/endpoints/get_stock_short_interest
nasdaq,/search_symbols,Search ticker symbols,GET,"{""type"":""PER_CALL"",""amount"":{""value"":0.01,""currency"":""USD""}}",verified,equities|nasdaq,,eip155:8453|eip155:143,,False,https://parse.bot/marketplace/nasdaq-com-api,https://api.monid.ai/public/v1/providers/nasdaq/endpoints/search_symbols
octen,/broad-search,Octen Broad Search,POST,"{""type"":""TIERED"",""amount"":{""value"":0.001,""currency"":""USD""},""default"":{""type"":""PER_RESULT"",""amount"":{""value"":0.001,""currency"":""USD""}},""tiers"":[{""label"":""Full content"",""when"":{""search_options.full_content.enable"":true},""selector"":{""label"":""Full content"",""key"":""meta.usage.full_content_tokens"",""in"":""output""},""price"":{""type"":""PER_UNIT"",""amount"":{""value"":0.001,""currency"":""USD""},""per"":1000,""unit"":""token""}}]}",verified,octen|web-search,,eip155:8453|eip155:143,,False,https://docs.octen.ai/api-reference/broad-search,https://api.monid.ai/public/v1/providers/octen/endpoints/broad-search
octen,/embedding,Octen Embedding,POST,"{""type"":""PER_UNIT_MATRIX"",""amount"":{""value"":0.01,""currency"":""USD""},""selectors"":[{""label"":""Model"",""key"":""model"",""in"":""body""}],""variants"":[{""when"":{""model"":""octen-embedding-0.6b""},""price"":{""type"":""PER_UNIT"",""amount"":{""value"":0.01,""currency"":""USD""},""per"":1000000,""unit"":""token""},""label"":""octen-embedding-0.6b \u2014 high-volume / low-cost""},{""when"":{""model"":""octen-embedding-4b""},""price"":{""type"":""PER_UNIT"",""amount"":{""value"":0.04,""currency"":""USD""},""per"":1000000,""unit"":""token""},""label"":""octen-embedding-4b \u2014 balanced""},{""when"":{""model"":""octen-embedding-8b""},""price"":{""type"":""PER_UNIT"",""amount"":{""value"":0.07,""currency"":""USD""},""per"":1000000,""unit"":""token""},""label"":""octen-embedding-8b \u2014 best accuracy""}]}",verified,embeddings|octen,,eip155:8453|eip155:143,,False,https://docs.octen.ai/api-reference/embedding,https://api.monid.ai/public/v1/providers/octen/endpoints/embedding
octen,/extract,Octen Extract,POST,"{""type"":""PER_RESULT"",""amount"":{""value"":0.001,""currency"":""USD""}}",verified,octen|web-extraction,,eip155:8453|eip155:143,,False,https://docs.octen.ai/api-reference/extract,https://api.monid.ai/public/v1/providers/octen/endpoints/extract
octen,/search,Octen Web Search,POST,"{""type"":""TIERED"",""amount"":{""value"":0.001,""currency"":""USD""},""default"":{""type"":""PER_CALL"",""amount"":{""value"":0.001,""currency"":""USD""}},""tiers"":[{""label"":""Full content"",""when"":{""full_content.enable"":true},""selector"":{""label"":""Full content"",""key"":""meta.usage.full_content_tokens"",""in"":""output""},""price"":{""type"":""PER_UNIT"",""amount"":{""value"":0.001,""currency"":""USD""},""per"":1000,""unit"":""token""}}]}",verified,octen|web-search,,eip155:8453|eip155:143,,False,https://docs.octen.ai/api-reference/search,https://api.monid.ai/public/v1/providers/octen/endpoints/search
openai,/v1/image/gpt-image-2,Generate Image,POST,"{""type"":""TIERED"",""amount"":{""value"":0.03,""currency"":""USD""},""default"":{""type"":""PER_UNIT"",""amount"":{""value"":0.03,""currency"":""USD""},""per"":1000,""unit"":""token""},""tiers"":[{""label"":""Input image tokens"",""selector"":{""label"":""Input image tokens"",""key"":""usage.input_tokens_details.image_tokens"",""in"":""output""},""price"":{""type"":""PER_UNIT"",""amount"":{""value"":0.008,""currency"":""USD""},""per"":1000,""unit"":""token""}},{""label"":""Input text tokens"",""selector"":{""label"":""Input text tokens"",""key"":""usage.input_tokens_details.text_tokens"",""in"":""output""},""price"":{""type"":""PER_UNIT"",""amount"":{""value"":0.005,""currency"":""USD""},""per"":1000,""unit"":""token""}}]}",verified,image-generation|openai,,,,False,https://developers.openai.com/api/docs/guides/image-generation,https://api.monid.ai/public/v1/providers/openai/endpoints/v1/image/gpt-image-2
openai,/v1/image/gpt-image-2-edit,Edit Image,POST,"{""type"":""TIERED"",""amount"":{""value"":0.03,""currency"":""USD""},""default"":{""type"":""PER_UNIT"",""amount"":{""value"":0.03,""currency"":""USD""},""per"":1000,""unit"":""token""},""tiers"":[{""label"":""Input image tokens"",""selector"":{""label"":""Input image tokens"",""key"":""usage.input_tokens_details.image_tokens"",""in"":""output""},""price"":{""type"":""PER_UNIT"",""amount"":{""value"":0.008,""currency"":""USD""},""per"":1000,""unit"":""token""}},{""label"":""Input text tokens"",""selector"":{""label"":""Input text tokens"",""key"":""usage.input_tokens_details.text_tokens"",""in"":""output""},""price"":{""type"":""PER_UNIT"",""amount"":{""value"":0.005,""currency"":""USD""},""per"":1000,""unit"":""token""}}]}",verified,image-generation|openai,,,,False,https://developers.openai.com/api/docs/guides/image-generation,https://api.monid.ai/public/v1/providers/openai/endpoints/v1/image/gpt-image-2-edit
openai,/v1/image/gpt-image-2.5-flare,Generate Image (Fast),POST,"{""type"":""TIERED"",""amount"":{""value"":0.03,""currency"":""USD""},""default"":{""type"":""PER_UNIT"",""amount"":{""value"":0.03,""currency"":""USD""},""per"":1000,""unit"":""token""},""tiers"":[{""label"":""Input image tokens"",""selector"":{""label"":""Input image tokens"",""key"":""usage.input_tokens_details.image_tokens"",""in"":""output""},""price"":{""type"":""PER_UNIT"",""amount"":{""value"":0.008,""currency"":""USD""},""per"":1000,""unit"":""token""}},{""label"":""Input text tokens"",""selector"":{""label"":""Input text tokens"",""key"":""usage.input_tokens_details.text_tokens"",""in"":""output""},""price"":{""type"":""PER_UNIT"",""amount"":{""value"":0.005,""currency"":""USD""},""per"":1000,""unit"":""token""}}]}",verified,image-generation|openai,,,,False,https://developers.openai.com/api/docs/guides/image-generation,https://api.monid.ai/public/v1/providers/openai/endpoints/v1/image/gpt-image-2.5-flare
openai,/v1/image/gpt-image-2.5-flare-edit,Edit Image (Fast),POST,"{""type"":""TIERED"",""amount"":{""value"":0.03,""currency"":""USD""},""default"":{""type"":""PER_UNIT"",""amount"":{""value"":0.03,""currency"":""USD""},""per"":1000,""unit"":""token""},""tiers"":[{""label"":""Input image tokens"",""selector"":{""label"":""Input image tokens"",""key"":""usage.input_tokens_details.image_tokens"",""in"":""output""},""price"":{""type"":""PER_UNIT"",""amount"":{""value"":0.008,""currency"":""USD""},""per"":1000,""unit"":""token""}},{""label"":""Input text tokens"",""selector"":{""label"":""Input text tokens"",""key"":""usage.input_tokens_details.text_tokens"",""in"":""output""},""price"":{""type"":""PER_UNIT"",""amount"":{""value"":0.005,""currency"":""USD""},""per"":1000,""unit"":""token""}}]}",verified,image-generation|openai,,,,False,https://developers.openai.com/api/docs/guides/image-generation,https://api.monid.ai/public/v1/providers/openai/endpoints/v1/image/gpt-image-2.5-flare-edit
openai,/v1/image/gpt-image-2.5-sunburst,Generate Image (Precise),POST,"{""type"":""TIERED"",""amount"":{""value"":0.03,""currency"":""USD""},""default"":{""type"":""PER_UNIT"",""amount"":{""value"":0.03,""currency"":""USD""},""per"":1000,""unit"":""token""},""tiers"":[{""label"":""Input image tokens"",""selector"":{""label"":""Input image tokens"",""key"":""usage.input_tokens_details.image_tokens"",""in"":""output""},""price"":{""type"":""PER_UNIT"",""amount"":{""value"":0.008,""currency"":""USD""},""per"":1000,""unit"":""token""}},{""label"":""Input text tokens"",""selector"":{""label"":""Input text tokens"",""key"":""usage.input_tokens_details.text_tokens"",""in"":""output""},""price"":{""type"":""PER_UNIT"",""amount"":{""value"":0.005,""currency"":""USD""},""per"":1000,""unit"":""token""}}]}",verified,image-generation|openai,,,,False,https://developers.openai.com/api/docs/guides/image-generation,https://api.monid.ai/public/v1/providers/openai/endpoints/v1/image/gpt-image-2.5-sunburst
openai,/v1/image/gpt-image-2.5-sunburst-edit,Edit Image (Precise),POST,"{""type"":""TIERED"",""amount"":{""value"":0.03,""currency"":""USD""},""default"":{""type"":""PER_UNIT"",""amount"":{""value"":0.03,""currency"":""USD""},""per"":1000,""unit"":""token""},""tiers"":[{""label"":""Input image tokens"",""selector"":{""label"":""Input image tokens"",""key"":""usage.input_tokens_details.image_tokens"",""in"":""output""},""price"":{""type"":""PER_UNIT"",""amount"":{""value"":0.008,""currency"":""USD""},""per"":1000,""unit"":""token""}},{""label"":""Input text tokens"",""selector"":{""label"":""Input text tokens"",""key"":""usage.input_tokens_details.text_tokens"",""in"":""output""},""price"":{""type"":""PER_UNIT"",""amount"":{""value"":0.005,""currency"":""USD""},""per"":1000,""unit"":""token""}}]}",verified,image-generation|openai,,,,False,https://developers.openai.com/api/docs/guides/image-generation,https://api.monid.ai/public/v1/providers/openai/endpoints/v1/image/gpt-image-2.5-sunburst-edit
opoint,/search,Search News,POST,"{""type"":""PER_CALL"",""amount"":{""value"":0.06,""currency"":""USD""}}",verified,news-search|opoint,,eip155:8453|eip155:143,,False,https://api-docs.opoint.com/references/search-request,https://api.monid.ai/public/v1/providers/opoint/endpoints/search
opoint,/search-advanced,Search News with Filters,POST,"{""type"":""PER_CALL"",""amount"":{""value"":0.06,""currency"":""USD""}}",verified,news-search|opoint,,eip155:8453|eip155:143,,False,https://api-docs.opoint.com/references/search-request,https://api.monid.ai/public/v1/providers/opoint/endpoints/search-advanced
opoint,/search-by-ids,Fetch Articles by Id,POST,"{""type"":""PER_CALL"",""amount"":{""value"":0.06,""currency"":""USD""}}",verified,news-search|opoint,,eip155:8453|eip155:143,,False,https://api-docs.opoint.com/references/search-request,https://api.monid.ai/public/v1/providers/opoint/endpoints/search-by-ids
opoint,/search-headlines,Search News Headlines,POST,"{""type"":""PER_CALL"",""amount"":{""value"":0.06,""currency"":""USD""}}",verified,news-search|opoint,,eip155:8453|eip155:143,,False,https://api-docs.opoint.com/references/search-request,https://api.monid.ai/public/v1/providers/opoint/endpoints/search-headlines
opoint,/suggest,Resolve Filter Ids,GET,"{""type"":""PER_CALL"",""amount"":{""value"":0,""currency"":""USD""}}",verified,news-search|opoint,,eip155:8453|eip155:143,,False,https://api-docs.opoint.com/references/suggestion-server,https://api.monid.ai/public/v1/providers/opoint/endpoints/suggest
orbit,/v3/enrich,Batch Enrich Profiles,POST,"{""type"":""PER_RESULT"",""amount"":{""value"":0.01,""currency"":""USD""}}",verified,orbit|people-enrichment,,,,False,https://docs.orbitsearch.com/api/enrich/batch-enrich,https://api.monid.ai/public/v1/providers/orbit/endpoints/v3/enrich
orbit,/v3/enrich/{profile_id},Enrich Person Profile,POST,"{""type"":""PER_RESULT"",""amount"":{""value"":0.01,""currency"":""USD""}}",verified,orbit|people-enrichment,,,,False,https://docs.orbitsearch.com/api/enrich/enrich-profile,https://api.monid.ai/public/v1/providers/orbit/endpoints/v3/enrich/%7Bprofile_id%7D
orbit,/v3/profile/{profile_id},Read Person Profile,GET,"{""type"":""PER_CALL"",""amount"":{""value"":0.01,""currency"":""USD""}}",verified,orbit|people-enrichment,,eip155:8453|eip155:143,,False,https://docs.orbitsearch.com/api/enrich/read-profile,https://api.monid.ai/public/v1/providers/orbit/endpoints/v3/profile/%7Bprofile_id%7D
orbit,/v3/search,Find People,POST,"{""type"":""PER_RESULT"",""amount"":{""value"":0.01,""currency"":""USD""}}",verified,orbit|people-enrichment,,,,False,https://docs.orbitsearch.com/api/search/search,https://api.monid.ai/public/v1/providers/orbit/endpoints/v3/search
pdl,/v5/company/enrich,Enrich Company,POST,"{""type"":""PER_CALL"",""amount"":{""value"":0.1,""currency"":""USD""}}",verified,company-enrichment|pdl,,eip155:8453|eip155:143,,False,https://docs.peopledatalabs.com/docs/reference-company-enrichment-api,https://api.monid.ai/public/v1/providers/pdl/endpoints/v5/company/enrich
pdl,/v5/company/search,Find Companies,POST,"{""type"":""PER_RESULT"",""amount"":{""value"":0.1,""currency"":""USD""}}",verified,company-enrichment|pdl,,eip155:8453|eip155:143,,False,https://docs.peopledatalabs.com/docs/reference-company-search-api,https://api.monid.ai/public/v1/providers/pdl/endpoints/v5/company/search
pdl,/v5/person/enrich,Enrich Person,POST,"{""type"":""PER_CALL"",""amount"":{""value"":0.28,""currency"":""USD""}}",verified,pdl|people-enrichment,,eip155:8453|eip155:143,,False,https://docs.peopledatalabs.com/docs/reference-person-enrichment-api,https://api.monid.ai/public/v1/providers/pdl/endpoints/v5/person/enrich
pdl,/v5/person/search,Find People,POST,"{""type"":""PER_RESULT"",""amount"":{""value"":0.28,""currency"":""USD""}}",verified,pdl|people-enrichment,,eip155:8453|eip155:143,,False,https://docs.peopledatalabs.com/docs/reference-person-search-api,https://api.monid.ai/public/v1/providers/pdl/endpoints/v5/person/search
ploid,/agent,Run Research Agent,POST,"{""type"":""PER_RESULT"",""amount"":{""value"":0.1,""currency"":""USD""}}",verified,agents|ploid,,eip155:8453|eip155:143,,False,https://ploid.com/documentation/api/agent,https://api.monid.ai/public/v1/providers/ploid/endpoints/agent
ploid,/enrich,Enrich Person Contacts,POST,"{""type"":""TIERED"",""amount"":{""value"":0,""currency"":""USD""},""tiers"":[{""label"":""Profile"",""selector"":{""label"":""Profile"",""key"":""profile_units"",""in"":""output""},""price"":{""type"":""PER_CALL"",""amount"":{""value"":0.1,""currency"":""USD""}}},{""label"":""Email"",""selector"":{""label"":""Email"",""key"":""email_units"",""in"":""output""},""price"":{""type"":""PER_CALL"",""amount"":{""value"":0.1,""currency"":""USD""}}},{""label"":""Phone"",""selector"":{""label"":""Phone"",""key"":""phone_units"",""in"":""output""},""price"":{""type"":""PER_CALL"",""amount"":{""value"":1,""currency"":""USD""}}}]}",verified,people-enrichment|ploid,,eip155:8453|eip155:143,,False,https://ploid.com/documentation/api/enrichment,https://api.monid.ai/public/v1/providers/ploid/endpoints/enrich
ploid,/linkedin/comments,List Profile Comments,GET,"{""type"":""PER_CALL"",""amount"":{""value"":0.01,""currency"":""USD""}}",verified,linkedin|ploid,,eip155:8453|eip155:143,,False,https://ploid.com/documentation/api/social,https://api.monid.ai/public/v1/providers/ploid/endpoints/linkedin/comments
ploid,/linkedin/company,Get Company Profile,GET,"{""type"":""PER_CALL"",""amount"":{""value"":0.01,""currency"":""USD""}}",verified,company-enrichment|linkedin|ploid,,eip155:8453|eip155:143,,False,https://ploid.com/documentation/api/social,https://api.monid.ai/public/v1/providers/ploid/endpoints/linkedin/company
ploid,/linkedin/company-posts,List Company Posts,GET,"{""type"":""PER_CALL"",""amount"":{""value"":0.01,""currency"":""USD""}}",verified,company-enrichment|linkedin|ploid,,eip155:8453|eip155:143,,False,https://ploid.com/documentation/api/social,https://api.monid.ai/public/v1/providers/ploid/endpoints/linkedin/company-posts
ploid,/linkedin/posts,List Profile Posts,GET,"{""type"":""PER_CALL"",""amount"":{""value"":0.01,""currency"":""USD""}}",verified,linkedin|ploid,,eip155:8453|eip155:143,,False,https://ploid.com/documentation/api/social,https://api.monid.ai/public/v1/providers/ploid/endpoints/linkedin/posts
ploid,/linkedin/profile,Fetch Public Profile,GET,"{""type"":""PER_CALL"",""amount"":{""value"":0.01,""currency"":""USD""}}",verified,linkedin|ploid,,eip155:8453|eip155:143,,False,https://ploid.com/documentation/api/social,https://api.monid.ai/public/v1/providers/ploid/endpoints/linkedin/profile
ploid,/linkedin/search,Search Professionals,POST,"{""type"":""PER_RESULT"",""amount"":{""value"":0.01,""currency"":""USD""}}",verified,linkedin|ploid,,eip155:8453|eip155:143,,False,https://ploid.com/documentation/api/social,https://api.monid.ai/public/v1/providers/ploid/endpoints/linkedin/search
ploid,/search,Search People,POST,"{""type"":""PER_RESULT"",""amount"":{""value"":0.01,""currency"":""USD""}}",verified,people-enrichment|ploid,,eip155:8453|eip155:143,,False,https://ploid.com/documentation/api/search,https://api.monid.ai/public/v1/providers/ploid/endpoints/search
ploid,/socials,Enrich Social Profile,POST,"{""type"":""PER_RESULT"",""amount"":{""value"":0.1,""currency"":""USD""}}",verified,people-enrichment|ploid,,eip155:8453|eip155:143,,False,https://ploid.com/documentation/api/social,https://api.monid.ai/public/v1/providers/ploid/endpoints/socials
recall,/meetings/record,Record Meeting,POST,"{""type"":""PER_UNIT_MATRIX"",""amount"":{""value"":0.5,""currency"":""USD""},""selectors"":[{""label"":""Transcript model"",""key"":""transcript_model"",""in"":""body""}],""variants"":[{""when"":{""transcript_model"":""recallai""},""price"":{""type"":""PER_UNIT"",""amount"":{""value"":0.65,""currency"":""USD""},""per"":3600,""unit"":""second""},""label"":""Recall.ai transcription \u2014 per second of bot time""},{""when"":{""transcript_model"":""captions""},""price"":{""type"":""PER_UNIT"",""amount"":{""value"":0.5,""currency"":""USD""},""per"":3600,""unit"":""second""},""label"":""Meeting captions \u2014 per second of bot time""}]}",verified,meetings|recall,,,,False,https://docs.recall.ai/reference/bot_create,https://api.monid.ai/public/v1/providers/recall/endpoints/meetings/record
saperly,/calls/{id},Get Call,GET,"{""type"":""PER_CALL"",""amount"":{""value"":0,""currency"":""USD""}}",verified,agentic-phone|saperly,SaperlyPhoneNumber,,,False,https://saperly.com/docs/guides/voice,https://api.monid.ai/public/v1/providers/saperly/endpoints/calls/%7Bid%7D
saperly,/calls/{id}/recording,Get Call Recording URL,GET,"{""type"":""PER_CALL"",""amount"":{""value"":0,""currency"":""USD""}}",verified,agentic-phone|saperly,SaperlyPhoneNumber,,,False,https://saperly.com/docs/guides/voice,https://api.monid.ai/public/v1/providers/saperly/endpoints/calls/%7Bid%7D/recording
saperly,/calls/{id}/transcript,Get Call Transcript,GET,"{""type"":""PER_CALL"",""amount"":{""value"":0,""currency"":""USD""}}",verified,agentic-phone|saperly,SaperlyPhoneNumber,,,False,https://saperly.com/docs/guides/voice,https://api.monid.ai/public/v1/providers/saperly/endpoints/calls/%7Bid%7D/transcript
saperly,/get-numbers/{id},Get Phone Number,GET,"{""type"":""PER_CALL"",""amount"":{""value"":0,""currency"":""USD""}}",verified,agentic-phone|saperly,SaperlyPhoneNumber,,,False,https://saperly.com/docs/guides/connections,https://api.monid.ai/public/v1/providers/saperly/endpoints/get-numbers/%7Bid%7D
saperly,/list-calls,List Calls,GET,"{""type"":""PER_CALL"",""amount"":{""value"":0,""currency"":""USD""}}",verified,agentic-phone|saperly,SaperlyPhoneNumber,,,False,https://saperly.com/docs/guides/voice,https://api.monid.ai/public/v1/providers/saperly/endpoints/list-calls
saperly,/list-languages,List Languages,GET,"{""type"":""PER_CALL"",""amount"":{""value"":0,""currency"":""USD""}}",verified,agentic-phone|saperly,,eip155:8453|eip155:143,,False,https://saperly.com/docs/api-reference,https://api.monid.ai/public/v1/providers/saperly/endpoints/list-languages
saperly,/list-messages,List SMS Messages,GET,"{""type"":""PER_CALL"",""amount"":{""value"":0,""currency"":""USD""}}",verified,saperly|sms,SaperlyPhoneNumber,,,False,https://saperly.com/docs/guides/messaging,https://api.monid.ai/public/v1/providers/saperly/endpoints/list-messages
saperly,/list-numbers,List Your Phone Numbers,GET,"{""type"":""PER_CALL"",""amount"":{""value"":0,""currency"":""USD""}}",verified,agentic-phone|saperly,SaperlyPhoneNumber,,,False,https://saperly.com/docs/guides/numbers,https://api.monid.ai/public/v1/providers/saperly/endpoints/list-numbers
saperly,/list-voices,List Voices,GET,"{""type"":""PER_CALL"",""amount"":{""value"":0,""currency"":""USD""}}",verified,agentic-phone|saperly,,eip155:8453|eip155:143,,False,https://saperly.com/docs/api-reference,https://api.monid.ai/public/v1/providers/saperly/endpoints/list-voices
saperly,/place-calls,Place Outbound Call,POST,"{""type"":""PER_UNIT"",""amount"":{""value"":0.005,""currency"":""USD""},""per"":1,""unit"":""second""}",verified,agentic-phone|saperly,SaperlyPhoneNumber,,,False,https://saperly.com/docs/guides/voice,https://api.monid.ai/public/v1/providers/saperly/endpoints/place-calls
saperly,/provision-numbers,Provision Phone Number,POST,"{""type"":""PER_CALL"",""amount"":{""value"":2,""currency"":""USD""}}",verified,agentic-phone|saperly,SaperlyPhoneNumber,,,False,https://saperly.com/docs/guides/numbers,https://api.monid.ai/public/v1/providers/saperly/endpoints/provision-numbers
saperly,/release-numbers/{id},Release Phone Number,POST,"{""type"":""PER_CALL"",""amount"":{""value"":0,""currency"":""USD""}}",verified,agentic-phone|saperly,SaperlyPhoneNumber,,,False,https://saperly.com/docs/guides/numbers,https://api.monid.ai/public/v1/providers/saperly/endpoints/release-numbers/%7Bid%7D
saperly,/send-messages,Send SMS Message,POST,"{""type"":""PER_CALL"",""amount"":{""value"":0.025,""currency"":""USD""}}",verified,saperly|sms,SaperlyPhoneNumber,,,False,https://saperly.com/docs/guides/messaging,https://api.monid.ai/public/v1/providers/saperly/endpoints/send-messages
saperly,/update-numbers/{id},Update Phone Number,PATCH,"{""type"":""PER_CALL"",""amount"":{""value"":0,""currency"":""USD""}}",verified,agentic-phone|saperly,SaperlyPhoneNumber,,,False,https://saperly.com/docs/guides/connections,https://api.monid.ai/public/v1/providers/saperly/endpoints/update-numbers/%7Bid%7D
search1api,/crawl,Read Page as Markdown,POST,"{""type"":""PER_CALL"",""amount"":{""value"":0.001,""currency"":""USD""}}",verified,search1api|web-extraction,,eip155:8453|eip155:143,,False,https://s1.dev/docs/basic/crawl,https://api.monid.ai/public/v1/providers/search1api/endpoints/crawl
search1api,/news,Search News,POST,"{""type"":""TIERED"",""amount"":{""value"":0.001,""currency"":""USD""},""default"":{""type"":""PER_CALL"",""amount"":{""value"":0.001,""currency"":""USD""}},""tiers"":[{""label"":""Crawled page"",""selector"":{""label"":""Crawled page"",""key"":""crawledPages"",""in"":""output""},""price"":{""type"":""PER_CALL"",""amount"":{""value"":0.001,""currency"":""USD""}}}]}",verified,news-search|search1api,,eip155:8453|eip155:143,,False,https://s1.dev/docs/basic/news,https://api.monid.ai/public/v1/providers/search1api/endpoints/news
search1api,/search,Search the Web,POST,"{""type"":""TIERED"",""amount"":{""value"":0.001,""currency"":""USD""},""default"":{""type"":""PER_CALL"",""amount"":{""value"":0.001,""currency"":""USD""}},""tiers"":[{""label"":""Crawled page"",""selector"":{""label"":""Crawled page"",""key"":""crawledPages"",""in"":""output""},""price"":{""type"":""PER_CALL"",""amount"":{""value"":0.001,""currency"":""USD""}}}]}",verified,search1api|web-search,,eip155:8453|eip155:143,,False,https://s1.dev/docs/basic/search,https://api.monid.ai/public/v1/providers/search1api/endpoints/search
search1api,/sitemap,List Site URLs,POST,"{""type"":""PER_CALL"",""amount"":{""value"":0.001,""currency"":""USD""}}",verified,search1api|web-extraction,,eip155:8453|eip155:143,,False,https://s1.dev/docs/advanced/sitemap,https://api.monid.ai/public/v1/providers/search1api/endpoints/sitemap
search1api,/trending,Get Trending Topics,POST,"{""type"":""PER_CALL"",""amount"":{""value"":0.001,""currency"":""USD""}}",verified,search1api|web-search,,eip155:8453|eip155:143,,False,https://s1.dev/docs/advanced/trending,https://api.monid.ai/public/v1/providers/search1api/endpoints/trending
secform4,/get_13d_filings,Get 13D filings,GET,"{""type"":""PER_CALL"",""amount"":{""value"":0.01,""currency"":""USD""}}",verified,insider-trading|secform4,,eip155:8453|eip155:143,,False,https://parse.bot/marketplace/secform4-com-api,https://api.monid.ai/public/v1/providers/secform4/endpoints/get_13d_filings
secform4,/get_13g_filings,Get 13G filings,GET,"{""type"":""PER_CALL"",""amount"":{""value"":0.01,""currency"":""USD""}}",verified,insider-trading|secform4,,eip155:8453|eip155:143,,False,https://parse.bot/marketplace/secform4-com-api,https://api.monid.ai/public/v1/providers/secform4/endpoints/get_13g_filings
secform4,/get_company_insider_trading,Get company insider trading,GET,"{""type"":""PER_CALL"",""amount"":{""value"":0.01,""currency"":""USD""}}",verified,insider-trading|secform4,,eip155:8453|eip155:143,,False,https://parse.bot/marketplace/secform4-com-api,https://api.monid.ai/public/v1/providers/secform4/endpoints/get_company_insider_trading
secform4,/get_hedge_fund_portfolio,Get hedge fund portfolio,GET,"{""type"":""PER_CALL"",""amount"":{""value"":0.01,""currency"":""USD""}}",verified,insider-trading|secform4,,eip155:8453|eip155:143,,False,https://parse.bot/marketplace/secform4-com-api,https://api.monid.ai/public/v1/providers/secform4/endpoints/get_hedge_fund_portfolio
secform4,/get_insider_buy_sell_ratios,Get insider buy/sell ratios,GET,"{""type"":""PER_CALL"",""amount"":{""value"":0.01,""currency"":""USD""}}",verified,insider-trading|secform4,,eip155:8453|eip155:143,,False,https://parse.bot/marketplace/secform4-com-api,https://api.monid.ai/public/v1/providers/secform4/endpoints/get_insider_buy_sell_ratios
secform4,/get_insider_buys,Get insider buys,GET,"{""type"":""PER_CALL"",""amount"":{""value"":0.01,""currency"":""USD""}}",verified,insider-trading|secform4,,eip155:8453|eip155:143,,False,https://parse.bot/marketplace/secform4-com-api,https://api.monid.ai/public/v1/providers/secform4/endpoints/get_insider_buys
secform4,/get_insider_sales,Get insider sales,GET,"{""type"":""PER_CALL"",""amount"":{""value"":0.01,""currency"":""USD""}}",verified,insider-trading|secform4,,eip155:8453|eip155:143,,False,https://parse.bot/marketplace/secform4-com-api,https://api.monid.ai/public/v1/providers/secform4/endpoints/get_insider_sales
secform4,/get_institution_holders,Get institutional holders,GET,"{""type"":""PER_CALL"",""amount"":{""value"":0.01,""currency"":""USD""}}",verified,insider-trading|secform4,,eip155:8453|eip155:143,,False,https://parse.bot/marketplace/secform4-com-api,https://api.monid.ai/public/v1/providers/secform4/endpoints/get_institution_holders
secform4,/get_significant_insider_buys,Get significant insider buys,GET,"{""type"":""PER_CALL"",""amount"":{""value"":0.01,""currency"":""USD""}}",verified,insider-trading|secform4,,eip155:8453|eip155:143,,False,https://parse.bot/marketplace/secform4-com-api,https://api.monid.ai/public/v1/providers/secform4/endpoints/get_significant_insider_buys
secform4,/get_stock_options,Get insider stock options,GET,"{""type"":""PER_CALL"",""amount"":{""value"":0.01,""currency"":""USD""}}",verified,insider-trading|secform4,,eip155:8453|eip155:143,,False,https://parse.bot/marketplace/secform4-com-api,https://api.monid.ai/public/v1/providers/secform4/endpoints/get_stock_options
secform4,/search,Search filings,GET,"{""type"":""PER_CALL"",""amount"":{""value"":0.01,""currency"":""USD""}}",verified,insider-trading|secform4,,eip155:8453|eip155:143,,False,https://parse.bot/marketplace/secform4-com-api,https://api.monid.ai/public/v1/providers/secform4/endpoints/search
sfs,/cat,Get File URL,POST,"{""type"":""PER_CALL"",""amount"":{""value"":0,""currency"":""USD""}}",verified,sfs,SfsFileSystem,,,False,,https://api.monid.ai/public/v1/providers/sfs/endpoints/cat
sfs,/ls,List Files,POST,"{""type"":""PER_CALL"",""amount"":{""value"":0,""currency"":""USD""}}",verified,sfs,SfsFileSystem,,,False,,https://api.monid.ai/public/v1/providers/sfs/endpoints/ls
sfs,/mkdir,Make Directory,POST,"{""type"":""PER_CALL"",""amount"":{""value"":0,""currency"":""USD""}}",verified,sfs,SfsFileSystem,,,False,,https://api.monid.ai/public/v1/providers/sfs/endpoints/mkdir
sfs,/mv,Move File,POST,"{""type"":""PER_CALL"",""amount"":{""value"":0,""currency"":""USD""}}",verified,sfs,SfsFileSystem,,,False,,https://api.monid.ai/public/v1/providers/sfs/endpoints/mv
sfs,/put,Upload File,POST,"{""type"":""PER_CALL"",""amount"":{""value"":0,""currency"":""USD""}}",verified,sfs,SfsFileSystem,,,False,,https://api.monid.ai/public/v1/providers/sfs/endpoints/put
sfs,/rm,Remove File,POST,"{""type"":""PER_CALL"",""amount"":{""value"":0,""currency"":""USD""}}",verified,sfs,SfsFileSystem,,,False,,https://api.monid.ai/public/v1/providers/sfs/endpoints/rm
smolmachine,/list-machines,List Your Machines,GET,"{""type"":""PER_CALL"",""amount"":{""value"":0,""currency"":""USD""}}",verified,smolmachine|virtual-machines,SmolmachineMachine,,,False,https://smolmachines.com/docs/cloud,https://api.monid.ai/public/v1/providers/smolmachine/endpoints/list-machines
smolmachine,/machines,Create Machine,POST,"{""type"":""PER_CALL"",""amount"":{""value"":0,""currency"":""USD""}}",verified,smolmachine|virtual-machines,SmolmachineMachine,,,False,https://smolmachines.com/docs/cloud,https://api.monid.ai/public/v1/providers/smolmachine/endpoints/machines
smolmachine,/machines/{id}/code,Run Code,POST,"{""type"":""PER_CALL"",""amount"":{""value"":0,""currency"":""USD""}}",verified,smolmachine|virtual-machines,SmolmachineMachine,,,False,https://smolmachines.com/docs/cloud,https://api.monid.ai/public/v1/providers/smolmachine/endpoints/machines/%7Bid%7D/code
smolmachine,/machines/{id}/delete,Delete Machine,DELETE,"{""type"":""PER_CALL"",""amount"":{""value"":0,""currency"":""USD""}}",verified,smolmachine|virtual-machines,SmolmachineMachine,,,False,https://smolmachines.com/docs/cloud,https://api.monid.ai/public/v1/providers/smolmachine/endpoints/machines/%7Bid%7D/delete
smolmachine,/machines/{id}/events,Machine Events,GET,"{""type"":""PER_CALL"",""amount"":{""value"":0,""currency"":""USD""}}",verified,smolmachine|virtual-machines,SmolmachineMachine,,,False,https://smolmachines.com/docs/cloud,https://api.monid.ai/public/v1/providers/smolmachine/endpoints/machines/%7Bid%7D/events
smolmachine,/machines/{id}/exec,Run Command,POST,"{""type"":""PER_CALL"",""amount"":{""value"":0,""currency"":""USD""}}",verified,smolmachine|virtual-machines,SmolmachineMachine,,,False,https://smolmachines.com/docs/cloud,https://api.monid.ai/public/v1/providers/smolmachine/endpoints/machines/%7Bid%7D/exec
smolmachine,/machines/{id}/exec/async,Run Command (long-running),POST,"{""type"":""PER_CALL"",""amount"":{""value"":0,""currency"":""USD""}}",verified,smolmachine|virtual-machines,SmolmachineMachine,,,False,https://smolmachines.com/docs/cloud,https://api.monid.ai/public/v1/providers/smolmachine/endpoints/machines/%7Bid%7D/exec/async
smolmachine,/machines/{id}/files/download,Download File,GET,"{""type"":""PER_CALL"",""amount"":{""value"":0,""currency"":""USD""}}",verified,smolmachine|virtual-machines,SmolmachineMachine,,,False,https://smolmachines.com/docs/cloud,https://api.monid.ai/public/v1/providers/smolmachine/endpoints/machines/%7Bid%7D/files/download
smolmachine,/machines/{id}/files/upload,Upload File,PUT,"{""type"":""PER_CALL"",""amount"":{""value"":0,""currency"":""USD""}}",verified,smolmachine|virtual-machines,SmolmachineMachine,,,False,https://smolmachines.com/docs/cloud,https://api.monid.ai/public/v1/providers/smolmachine/endpoints/machines/%7Bid%7D/files/upload
smolmachine,/machines/{id}/start,Start Machine,POST,"{""type"":""PER_CALL"",""amount"":{""value"":0,""currency"":""USD""}}",verified,smolmachine|virtual-machines,SmolmachineMachine,,,False,https://smolmachines.com/docs/cloud,https://api.monid.ai/public/v1/providers/smolmachine/endpoints/machines/%7Bid%7D/start
smolmachine,/machines/{id}/stop,Stop Machine,POST,"{""type"":""PER_CALL"",""amount"":{""value"":0,""currency"":""USD""}}",verified,smolmachine|virtual-machines,SmolmachineMachine,,,False,https://smolmachines.com/docs/cloud,https://api.monid.ai/public/v1/providers/smolmachine/endpoints/machines/%7Bid%7D/stop
smolmachine,/machines/{id}/usage,Machine Usage & Cost,GET,"{""type"":""PER_CALL"",""amount"":{""value"":0,""currency"":""USD""}}",verified,smolmachine|virtual-machines,SmolmachineMachine,,,False,https://smolmachines.com/docs/cloud,https://api.monid.ai/public/v1/providers/smolmachine/endpoints/machines/%7Bid%7D/usage
stockanalysis,/get_ipo_calendar,Get IPO calendar,GET,"{""type"":""PER_CALL"",""amount"":{""value"":0.01,""currency"":""USD""}}",verified,equities|stockanalysis,,eip155:8453|eip155:143,,False,https://parse.bot/marketplace/stockanalysis-com-api,https://api.monid.ai/public/v1/providers/stockanalysis/endpoints/get_ipo_calendar
stockanalysis,/get_market_movers_premarket,Get pre-market movers,GET,"{""type"":""PER_CALL"",""amount"":{""value"":0.01,""currency"":""USD""}}",verified,equities|stockanalysis,,eip155:8453|eip155:143,,False,https://parse.bot/marketplace/stockanalysis-com-api,https://api.monid.ai/public/v1/providers/stockanalysis/endpoints/get_market_movers_premarket
stockanalysis,/get_stock_financials_income,Get income statement,GET,"{""type"":""PER_CALL"",""amount"":{""value"":0.01,""currency"":""USD""}}",verified,equities|stockanalysis,,eip155:8453|eip155:143,,False,https://parse.bot/marketplace/stockanalysis-com-api,https://api.monid.ai/public/v1/providers/stockanalysis/endpoints/get_stock_financials_income
stockanalysis,/get_stock_list,List stocks,GET,"{""type"":""PER_CALL"",""amount"":{""value"":0.01,""currency"":""USD""}}",verified,equities|stockanalysis,,eip155:8453|eip155:143,,False,https://parse.bot/marketplace/stockanalysis-com-api,https://api.monid.ai/public/v1/providers/stockanalysis/endpoints/get_stock_list
stockanalysis,/get_stock_overview,Get stock overview,GET,"{""type"":""PER_CALL"",""amount"":{""value"":0.01,""currency"":""USD""}}",verified,equities|stockanalysis,,eip155:8453|eip155:143,,False,https://parse.bot/marketplace/stockanalysis-com-api,https://api.monid.ai/public/v1/providers/stockanalysis/endpoints/get_stock_overview
stockanalysis,/get_stock_statistics,Get stock statistics,GET,"{""type"":""PER_CALL"",""amount"":{""value"":0.01,""currency"":""USD""}}",verified,equities|stockanalysis,,eip155:8453|eip155:143,,False,https://parse.bot/marketplace/stockanalysis-com-api,https://api.monid.ai/public/v1/providers/stockanalysis/endpoints/get_stock_statistics
stockanalysis,/search_stocks,Search stocks,GET,"{""type"":""PER_CALL"",""amount"":{""value"":0.01,""currency"":""USD""}}",verified,equities|stockanalysis,,eip155:8453|eip155:143,,False,https://parse.bot/marketplace/stockanalysis-com-api,https://api.monid.ai/public/v1/providers/stockanalysis/endpoints/search_stocks
surf,/dex/token/price,DEX Token OHLCV Price,GET,"{""type"":""PER_CALL"",""amount"":{""value"":0.006,""currency"":""USD""}}",verified,surf|token-prices,,eip155:8453|eip155:143,,False,https://docs.asksurf.ai/data-api/dex/token-price,https://api.monid.ai/public/v1/providers/surf/endpoints/dex/token/price
surf,/exchange/candles,Exchange Historical Candles,GET,"{""type"":""PER_CALL"",""amount"":{""value"":0.006,""currency"":""USD""}}",verified,surf|token-prices,,eip155:8453|eip155:143,,False,https://docs.asksurf.ai/data-api/exchange/candles,https://api.monid.ai/public/v1/providers/surf/endpoints/exchange/candles
surf,/exchange/coverage,Exchange Market Coverage,GET,"{""type"":""PER_CALL"",""amount"":{""value"":0.006,""currency"":""USD""}}",verified,surf|token-prices,,eip155:8453|eip155:143,,False,https://docs.asksurf.ai/data-api/exchange/coverage,https://api.monid.ai/public/v1/providers/surf/endpoints/exchange/coverage
surf,/exchange/depth,Exchange Order Book Depth,GET,"{""type"":""PER_CALL"",""amount"":{""value"":0.006,""currency"":""USD""}}",verified,surf|token-prices,,eip155:8453|eip155:143,,False,https://docs.asksurf.ai/data-api/exchange/depth,https://api.monid.ai/public/v1/providers/surf/endpoints/exchange/depth
surf,/exchange/funding-history,Exchange Funding Rate History,GET,"{""type"":""PER_CALL"",""amount"":{""value"":0.006,""currency"":""USD""}}",verified,derivatives|surf,,eip155:8453|eip155:143,,False,https://docs.asksurf.ai/data-api/exchange/funding-history,https://api.monid.ai/public/v1/providers/surf/endpoints/exchange/funding-history
surf,/exchange/klines,Exchange OHLCV Candlesticks,GET,"{""type"":""PER_CALL"",""amount"":{""value"":0.006,""currency"":""USD""}}",verified,surf|token-prices,,eip155:8453|eip155:143,,False,https://docs.asksurf.ai/data-api/exchange/klines,https://api.monid.ai/public/v1/providers/surf/endpoints/exchange/klines
surf,/exchange/long-short-ratio,Exchange Long/Short Ratio History,GET,"{""type"":""PER_CALL"",""amount"":{""value"":0.006,""currency"":""USD""}}",verified,derivatives|surf,,eip155:8453|eip155:143,,False,https://docs.asksurf.ai/data-api/exchange/long-short-ratio,https://api.monid.ai/public/v1/providers/surf/endpoints/exchange/long-short-ratio
surf,/exchange/markets,Exchange Trading Pairs,GET,"{""type"":""PER_CALL"",""amount"":{""value"":0.006,""currency"":""USD""}}",verified,surf|token-prices,,eip155:8453|eip155:143,,False,https://docs.asksurf.ai/data-api/exchange/markets,https://api.monid.ai/public/v1/providers/surf/endpoints/exchange/markets
surf,/exchange/perp,Exchange Perpetual Contract Snapshot,GET,"{""type"":""PER_CALL"",""amount"":{""value"":0.006,""currency"":""USD""}}",verified,derivatives|surf,,eip155:8453|eip155:143,,False,https://docs.asksurf.ai/data-api/exchange/perp,https://api.monid.ai/public/v1/providers/surf/endpoints/exchange/perp
surf,/exchange/price,Exchange Ticker Price,GET,"{""type"":""PER_CALL"",""amount"":{""value"":0.006,""currency"":""USD""}}",verified,surf|token-prices,,eip155:8453|eip155:143,,False,https://docs.asksurf.ai/data-api/exchange/price,https://api.monid.ai/public/v1/providers/surf/endpoints/exchange/price
surf,/fund/detail,Fund Profile Detail,GET,"{""type"":""PER_CALL"",""amount"":{""value"":0.006,""currency"":""USD""}}",verified,company-enrichment|funding-data|surf,,eip155:8453|eip155:143,,False,https://docs.asksurf.ai/data-api/fund/detail,https://api.monid.ai/public/v1/providers/surf/endpoints/fund/detail
surf,/fund/portfolio,Fund Portfolio,GET,"{""type"":""PER_CALL"",""amount"":{""value"":0.006,""currency"":""USD""}}",verified,company-enrichment|funding-data|surf,,eip155:8453|eip155:143,,False,https://docs.asksurf.ai/data-api/fund/portfolio,https://api.monid.ai/public/v1/providers/surf/endpoints/fund/portfolio
surf,/fund/ranking,Fund Ranking,GET,"{""type"":""PER_CALL"",""amount"":{""value"":0.006,""currency"":""USD""}}",verified,company-enrichment|funding-data|surf,,eip155:8453|eip155:143,,False,https://docs.asksurf.ai/data-api/fund/ranking,https://api.monid.ai/public/v1/providers/surf/endpoints/fund/ranking
surf,/heatscore/detail,Signal Detail,GET,"{""type"":""PER_CALL"",""amount"":{""value"":0.024,""currency"":""USD""}}",verified,crypto-signals|surf,,eip155:8453|eip155:143,,False,https://docs.asksurf.ai/data-api/signal/detail,https://api.monid.ai/public/v1/providers/surf/endpoints/heatscore/detail
surf,/heatscore/projects,Signal Projects,GET,"{""type"":""PER_CALL"",""amount"":{""value"":0.024,""currency"":""USD""}}",verified,crypto-signals|surf,,eip155:8453|eip155:143,,False,https://docs.asksurf.ai/data-api/signal/projects,https://api.monid.ai/public/v1/providers/surf/endpoints/heatscore/projects
surf,/heatscore/token-of-the-day,Signal Token Of The Day,GET,"{""type"":""PER_CALL"",""amount"":{""value"":0.024,""currency"":""USD""}}",verified,crypto-signals|surf,,eip155:8453|eip155:143,,False,https://docs.asksurf.ai/data-api/signal/token-of-the-day,https://api.monid.ai/public/v1/providers/surf/endpoints/heatscore/token-of-the-day
surf,/heatscore/token-of-week,Signal Token Of The Week,GET,"{""type"":""PER_CALL"",""amount"":{""value"":0.024,""currency"":""USD""}}",verified,crypto-signals|surf,,eip155:8453|eip155:143,,False,https://docs.asksurf.ai/data-api/signal/token-of-week,https://api.monid.ai/public/v1/providers/surf/endpoints/heatscore/token-of-week
surf,/hyperliquid/account,Account Portfolio,GET,"{""type"":""PER_CALL"",""amount"":{""value"":0.024,""currency"":""USD""}}",verified,derivatives|surf,,eip155:8453|eip155:143,,False,https://docs.asksurf.ai/data-api/hyperliquid/account,https://api.monid.ai/public/v1/providers/surf/endpoints/hyperliquid/account
surf,/hyperliquid/candles,Market Candles,GET,"{""type"":""PER_CALL"",""amount"":{""value"":0.024,""currency"":""USD""}}",verified,derivatives|surf,,eip155:8453|eip155:143,,False,,https://api.monid.ai/public/v1/providers/surf/endpoints/hyperliquid/candles
surf,/hyperliquid/fills,Fills,GET,"{""type"":""PER_CALL"",""amount"":{""value"":0.024,""currency"":""USD""}}",verified,derivatives|surf,,eip155:8453|eip155:143,,False,https://docs.asksurf.ai/data-api/hyperliquid/fills,https://api.monid.ai/public/v1/providers/surf/endpoints/hyperliquid/fills
surf,/hyperliquid/leaderboard,Trader Leaderboard,GET,"{""type"":""PER_CALL"",""amount"":{""value"":0.024,""currency"":""USD""}}",verified,derivatives|surf,,eip155:8453|eip155:143,,False,https://docs.asksurf.ai/data-api/hyperliquid/leaderboard,https://api.monid.ai/public/v1/providers/surf/endpoints/hyperliquid/leaderboard
surf,/hyperliquid/orders,Open & Recent Orders,GET,"{""type"":""PER_CALL"",""amount"":{""value"":0.024,""currency"":""USD""}}",verified,derivatives|surf,,eip155:8453|eip155:143,,False,https://docs.asksurf.ai/data-api/hyperliquid/orders,https://api.monid.ai/public/v1/providers/surf/endpoints/hyperliquid/orders
surf,/hyperliquid/performance,Trading Performance,GET,"{""type"":""PER_CALL"",""amount"":{""value"":0.024,""currency"":""USD""}}",verified,derivatives|surf,,eip155:8453|eip155:143,,False,https://docs.asksurf.ai/data-api/hyperliquid/performance,https://api.monid.ai/public/v1/providers/surf/endpoints/hyperliquid/performance
surf,/hyperliquid/positions,Open Positions,GET,"{""type"":""PER_CALL"",""amount"":{""value"":0.024,""currency"":""USD""}}",verified,derivatives|surf,,eip155:8453|eip155:143,,False,https://docs.asksurf.ai/data-api/hyperliquid/positions,https://api.monid.ai/public/v1/providers/surf/endpoints/hyperliquid/positions
surf,/hyperliquid/trades,Closed Trades,GET,"{""type"":""PER_CALL"",""amount"":{""value"":0.024,""currency"":""USD""}}",verified,derivatives|surf,,eip155:8453|eip155:143,,False,https://docs.asksurf.ai/data-api/hyperliquid/trades,https://api.monid.ai/public/v1/providers/surf/endpoints/hyperliquid/trades
surf,/hyperliquid/trades/aggregate,Closed Trades Aggregate,GET,"{""type"":""PER_CALL"",""amount"":{""value"":0.024,""currency"":""USD""}}",verified,derivatives|surf,,eip155:8453|eip155:143,,False,https://docs.asksurf.ai/data-api/hyperliquid/trades-aggregate,https://api.monid.ai/public/v1/providers/surf/endpoints/hyperliquid/trades/aggregate
surf,/hyperliquid/trades/context,Closed Trade Funding and Leverage,GET,"{""type"":""PER_CALL"",""amount"":{""value"":0.024,""currency"":""USD""}}",verified,derivatives|surf,,eip155:8453|eip155:143,,False,,https://api.monid.ai/public/v1/providers/surf/endpoints/hyperliquid/trades/context
surf,/market/etf,ETF Flow History,GET,"{""type"":""PER_CALL"",""amount"":{""value"":0.012,""currency"":""USD""}}",verified,surf|token-prices,,eip155:8453|eip155:143,,False,https://docs.asksurf.ai/data-api/market/etf,https://api.monid.ai/public/v1/providers/surf/endpoints/market/etf
surf,/market/exchange-flow/exchanges,Exchange Flow Exchanges,GET,"{""type"":""PER_CALL"",""amount"":{""value"":0.012,""currency"":""USD""}}",verified,surf|token-prices,,eip155:8453|eip155:143,,False,https://docs.asksurf.ai/data-api/market/exchange-flow-exchanges,https://api.monid.ai/public/v1/providers/surf/endpoints/market/exchange-flow/exchanges
surf,/market/fear-greed,Fear & Greed Index History,GET,"{""type"":""PER_CALL"",""amount"":{""value"":0.012,""currency"":""USD""}}",verified,crypto-signals|surf,,eip155:8453|eip155:143,,False,https://docs.asksurf.ai/data-api/market/fear-greed,https://api.monid.ai/public/v1/providers/surf/endpoints/market/fear-greed
surf,/market/futures,Futures Market Overview,GET,"{""type"":""PER_CALL"",""amount"":{""value"":0.012,""currency"":""USD""}}",verified,derivatives|surf,,eip155:8453|eip155:143,,False,https://docs.asksurf.ai/data-api/market/futures,https://api.monid.ai/public/v1/providers/surf/endpoints/market/futures
surf,/market/liquidation/chart,Liquidation Chart,GET,"{""type"":""PER_CALL"",""amount"":{""value"":0.012,""currency"":""USD""}}",verified,derivatives|surf,,eip155:8453|eip155:143,,False,https://docs.asksurf.ai/data-api/market/liquidation-chart,https://api.monid.ai/public/v1/providers/surf/endpoints/market/liquidation/chart
surf,/market/liquidation/exchange-list,Liquidation by Exchange,GET,"{""type"":""PER_CALL"",""amount"":{""value"":0.012,""currency"":""USD""}}",verified,derivatives|surf,,eip155:8453|eip155:143,,False,https://docs.asksurf.ai/data-api/market/liquidation-exchange-list,https://api.monid.ai/public/v1/providers/surf/endpoints/market/liquidation/exchange-list
surf,/market/liquidation/order,Large Liquidation Orders,GET,"{""type"":""PER_CALL"",""amount"":{""value"":0.012,""currency"":""USD""}}",verified,derivatives|surf,,eip155:8453|eip155:143,,False,https://docs.asksurf.ai/data-api/market/liquidation-order,https://api.monid.ai/public/v1/providers/surf/endpoints/market/liquidation/order
surf,/market/listing,Exchange Listing Events,GET,"{""type"":""PER_CALL"",""amount"":{""value"":0.012,""currency"":""USD""}}",verified,surf|token-prices,,eip155:8453|eip155:143,,False,https://docs.asksurf.ai/data-api/market/listing,https://api.monid.ai/public/v1/providers/surf/endpoints/market/listing
surf,/market/onchain-indicator,On-Chain Indicator,GET,"{""type"":""PER_CALL"",""amount"":{""value"":0.012,""currency"":""USD""}}",verified,crypto-signals|surf,,eip155:8453|eip155:143,,False,https://docs.asksurf.ai/data-api/market/onchain-indicator,https://api.monid.ai/public/v1/providers/surf/endpoints/market/onchain-indicator
surf,/market/options,Options Market Data,GET,"{""type"":""PER_CALL"",""amount"":{""value"":0.012,""currency"":""USD""}}",verified,derivatives|surf,,eip155:8453|eip155:143,,False,https://docs.asksurf.ai/data-api/market/options,https://api.monid.ai/public/v1/providers/surf/endpoints/market/options
surf,/market/price,Token Price History,GET,"{""type"":""PER_CALL"",""amount"":{""value"":0.012,""currency"":""USD""}}",verified,surf|token-prices,,eip155:8453|eip155:143,,False,https://docs.asksurf.ai/data-api/market/price,https://api.monid.ai/public/v1/providers/surf/endpoints/market/price
surf,/market/price-indicator,Technical Indicator,GET,"{""type"":""PER_CALL"",""amount"":{""value"":0.012,""currency"":""USD""}}",verified,crypto-signals|surf,,eip155:8453|eip155:143,,False,https://docs.asksurf.ai/data-api/market/price-indicator,https://api.monid.ai/public/v1/providers/surf/endpoints/market/price-indicator
surf,/market/public-sale,Public Sale / Crowdsale,GET,"{""type"":""PER_CALL"",""amount"":{""value"":0.012,""currency"":""USD""}}",verified,surf|token-prices,,eip155:8453|eip155:143,,False,https://docs.asksurf.ai/data-api/market/public-sale,https://api.monid.ai/public/v1/providers/surf/endpoints/market/public-sale
surf,/market/ranking,Token Rankings,GET,"{""type"":""PER_CALL"",""amount"":{""value"":0.012,""currency"":""USD""}}",verified,surf|token-prices,,eip155:8453|eip155:143,,False,https://docs.asksurf.ai/data-api/market/ranking,https://api.monid.ai/public/v1/providers/surf/endpoints/market/ranking
surf,/market/tge,Token Generation Event,GET,"{""type"":""PER_CALL"",""amount"":{""value"":0.012,""currency"":""USD""}}",verified,surf|token-prices,,eip155:8453|eip155:143,,False,https://docs.asksurf.ai/data-api/market/tge,https://api.monid.ai/public/v1/providers/surf/endpoints/market/tge
surf,/news/detail,News Article Detail,GET,"{""type"":""PER_CALL"",""amount"":{""value"":0.006,""currency"":""USD""}}",verified,news-search|surf,,eip155:8453|eip155:143,,False,https://docs.asksurf.ai/data-api/news/detail,https://api.monid.ai/public/v1/providers/surf/endpoints/news/detail
surf,/news/feed,Crypto News Feed,GET,"{""type"":""PER_CALL"",""amount"":{""value"":0.006,""currency"":""USD""}}",verified,news-search|surf,,eip155:8453|eip155:143,,False,https://docs.asksurf.ai/data-api/news/feed,https://api.monid.ai/public/v1/providers/surf/endpoints/news/feed
surf,/onchain/bridge/ranking,Bridge Protocol Ranking,GET,"{""type"":""PER_CALL"",""amount"":{""value"":0.012,""currency"":""USD""}}",verified,defi|surf,,eip155:8453|eip155:143,,False,https://docs.asksurf.ai/data-api/onchain/bridge-ranking,https://api.monid.ai/public/v1/providers/surf/endpoints/onchain/bridge/ranking
surf,/onchain/dex/activity,DEX Protocol Activity,GET,"{""type"":""PER_CALL"",""amount"":{""value"":0.012,""currency"":""USD""}}",verified,defi|surf,,eip155:8453|eip155:143,,False,https://docs.asksurf.ai/data-api/onchain/dex-activity,https://api.monid.ai/public/v1/providers/surf/endpoints/onchain/dex/activity
surf,/onchain/gas-price,Current Gas Price,GET,"{""type"":""PER_CALL"",""amount"":{""value"":0.012,""currency"":""USD""}}",verified,onchain-data|surf,,eip155:8453|eip155:143,,False,https://docs.asksurf.ai/data-api/onchain/gas-price,https://api.monid.ai/public/v1/providers/surf/endpoints/onchain/gas-price
surf,/onchain/query,Blockchain Structured Query,POST,"{""type"":""PER_CALL"",""amount"":{""value"":0.024,""currency"":""USD""}}",verified,onchain-data|surf,,eip155:8453|eip155:143,,False,https://docs.asksurf.ai/data-api/onchain/query,https://api.monid.ai/public/v1/providers/surf/endpoints/onchain/query
surf,/onchain/schema,On-Chain Table Schema,GET,"{""type"":""PER_CALL"",""amount"":{""value"":0.024,""currency"":""USD""}}",verified,onchain-data|surf,,eip155:8453|eip155:143,,False,https://docs.asksurf.ai/data-api/onchain/schema,https://api.monid.ai/public/v1/providers/surf/endpoints/onchain/schema
surf,/onchain/sql,Blockchain SQL Query,POST,"{""type"":""PER_CALL"",""amount"":{""value"":0.024,""currency"":""USD""}}",verified,onchain-data|surf,,eip155:8453|eip155:143,,False,https://docs.asksurf.ai/data-api/onchain/sql,https://api.monid.ai/public/v1/providers/surf/endpoints/onchain/sql
surf,/onchain/sql/jobs,Asynchronous Blockchain SQL Job,POST,"{""type"":""PER_CALL"",""amount"":{""value"":0.024,""currency"":""USD""}}",verified,onchain-data|surf,,eip155:8453|eip155:143,,False,,https://api.monid.ai/public/v1/providers/surf/endpoints/onchain/sql/jobs
surf,/onchain/sql/preflight,Preflight Blockchain SQL Query,POST,"{""type"":""PER_CALL"",""amount"":{""value"":0.024,""currency"":""USD""}}",verified,onchain-data|surf,,eip155:8453|eip155:143,,False,,https://api.monid.ai/public/v1/providers/surf/endpoints/onchain/sql/preflight
surf,/onchain/tx,Transaction Details by Hash,GET,"{""type"":""PER_CALL"",""amount"":{""value"":0.012,""currency"":""USD""}}",verified,onchain-data|surf,,eip155:8453|eip155:143,,False,https://docs.asksurf.ai/data-api/onchain/tx,https://api.monid.ai/public/v1/providers/surf/endpoints/onchain/tx
surf,/onchain/yield/ranking,Yield Pool Ranking,GET,"{""type"":""PER_CALL"",""amount"":{""value"":0.012,""currency"":""USD""}}",verified,surf|yields,,eip155:8453|eip155:143,,False,https://docs.asksurf.ai/data-api/onchain/yield-ranking,https://api.monid.ai/public/v1/providers/surf/endpoints/onchain/yield/ranking
surf,/prediction-market/analytics,Prediction Market Analytics,GET,"{""type"":""PER_CALL"",""amount"":{""value"":0.024,""currency"":""USD""}}",verified,prediction-markets|surf,,eip155:8453|eip155:143,,False,https://docs.asksurf.ai/data-api/prediction-market/analytics,https://api.monid.ai/public/v1/providers/surf/endpoints/prediction-market/analytics
surf,/prediction-market/correlations,Market Correlations,GET,"{""type"":""PER_CALL"",""amount"":{""value"":0.024,""currency"":""USD""}}",verified,prediction-markets|surf,,eip155:8453|eip155:143,,False,https://docs.asksurf.ai/data-api/prediction-market/correlations,https://api.monid.ai/public/v1/providers/surf/endpoints/prediction-market/correlations
surf,/prediction-market/kalshi/events,Kalshi Events,GET,"{""type"":""PER_CALL"",""amount"":{""value"":0.024,""currency"":""USD""}}",verified,prediction-markets|surf,,eip155:8453|eip155:143,,False,https://docs.asksurf.ai/data-api/prediction-market/kalshi-events,https://api.monid.ai/public/v1/providers/surf/endpoints/prediction-market/kalshi/events
surf,/prediction-market/kalshi/markets,Kalshi Markets,GET,"{""type"":""PER_CALL"",""amount"":{""value"":0.024,""currency"":""USD""}}",verified,prediction-markets|surf,,eip155:8453|eip155:143,,False,https://docs.asksurf.ai/data-api/prediction-market/kalshi-markets,https://api.monid.ai/public/v1/providers/surf/endpoints/prediction-market/kalshi/markets
surf,/prediction-market/kalshi/open-interest,Kalshi Open Interest History,GET,"{""type"":""PER_CALL"",""amount"":{""value"":0.024,""currency"":""USD""}}",verified,prediction-markets|surf,,eip155:8453|eip155:143,,False,https://docs.asksurf.ai/data-api/prediction-market/kalshi-open-interest,https://api.monid.ai/public/v1/providers/surf/endpoints/prediction-market/kalshi/open-interest
surf,/prediction-market/kalshi/orderbooks,Kalshi Orderbook History,GET,"{""type"":""PER_CALL"",""amount"":{""value"":0.024,""currency"":""USD""}}",verified,prediction-markets|surf,,eip155:8453|eip155:143,,False,https://docs.asksurf.ai/data-api/prediction-market/kalshi-orderbooks,https://api.monid.ai/public/v1/providers/surf/endpoints/prediction-market/kalshi/orderbooks
surf,/prediction-market/kalshi/prices,Kalshi Price History,GET,"{""type"":""PER_CALL"",""amount"":{""value"":0.024,""currency"":""USD""}}",verified,prediction-markets|surf,,eip155:8453|eip155:143,,False,https://docs.asksurf.ai/data-api/prediction-market/kalshi-prices,https://api.monid.ai/public/v1/providers/surf/endpoints/prediction-market/kalshi/prices
surf,/prediction-market/kalshi/trades,Kalshi Trades,GET,"{""type"":""PER_CALL"",""amount"":{""value"":0.024,""currency"":""USD""}}",verified,prediction-markets|surf,,eip155:8453|eip155:143,,False,https://docs.asksurf.ai/data-api/prediction-market/kalshi-trades,https://api.monid.ai/public/v1/providers/surf/endpoints/prediction-market/kalshi/trades
surf,/prediction-market/kalshi/volumes,Kalshi Volume History,GET,"{""type"":""PER_CALL"",""amount"":{""value"":0.024,""currency"":""USD""}}",verified,prediction-markets|surf,,eip155:8453|eip155:143,,False,https://docs.asksurf.ai/data-api/prediction-market/kalshi-volumes,https://api.monid.ai/public/v1/providers/surf/endpoints/prediction-market/kalshi/volumes
surf,/prediction-market/matching/daily,Cross-Platform Daily Comparison (Polymarket <> Kalshi),GET,"{""type"":""PER_CALL"",""amount"":{""value"":0.024,""currency"":""USD""}}",verified,prediction-markets|surf,,eip155:8453|eip155:143,,False,https://docs.asksurf.ai/data-api/prediction-market/matching-daily,https://api.monid.ai/public/v1/providers/surf/endpoints/prediction-market/matching/daily
surf,/prediction-market/matching/pairs,Cross-Platform Prediction Market Matcher (Polymarket <> Kalshi),GET,"{""type"":""PER_CALL"",""amount"":{""value"":0.024,""currency"":""USD""}}",verified,prediction-markets|surf,,eip155:8453|eip155:143,,False,https://docs.asksurf.ai/data-api/prediction-market/matching-pairs,https://api.monid.ai/public/v1/providers/surf/endpoints/prediction-market/matching/pairs
surf,/prediction-market/polymarket/events,Polymarket Events,GET,"{""type"":""PER_CALL"",""amount"":{""value"":0.024,""currency"":""USD""}}",verified,prediction-markets|surf,,eip155:8453|eip155:143,,False,https://docs.asksurf.ai/data-api/prediction-market/polymarket-events,https://api.monid.ai/public/v1/providers/surf/endpoints/prediction-market/polymarket/events
surf,/prediction-market/polymarket/leaderboard,Polymarket Leaderboard,GET,"{""type"":""PER_CALL"",""amount"":{""value"":0.024,""currency"":""USD""}}",verified,prediction-markets|surf,,eip155:8453|eip155:143,,False,https://docs.asksurf.ai/data-api/prediction-market/polymarket-leaderboard,https://api.monid.ai/public/v1/providers/surf/endpoints/prediction-market/polymarket/leaderboard
surf,/prediction-market/polymarket/markets,Polymarket Markets,GET,"{""type"":""PER_CALL"",""amount"":{""value"":0.024,""currency"":""USD""}}",verified,prediction-markets|surf,,eip155:8453|eip155:143,,False,https://docs.asksurf.ai/data-api/prediction-market/polymarket-markets,https://api.monid.ai/public/v1/providers/surf/endpoints/prediction-market/polymarket/markets
surf,/prediction-market/polymarket/open-interest,Polymarket Open Interest History,GET,"{""type"":""PER_CALL"",""amount"":{""value"":0.024,""currency"":""USD""}}",verified,prediction-markets|surf,,eip155:8453|eip155:143,,False,https://docs.asksurf.ai/data-api/prediction-market/polymarket-open-interest,https://api.monid.ai/public/v1/providers/surf/endpoints/prediction-market/polymarket/open-interest
surf,/prediction-market/polymarket/orderbooks,Polymarket Orderbook History,GET,"{""type"":""PER_CALL"",""amount"":{""value"":0.024,""currency"":""USD""}}",verified,prediction-markets|surf,,eip155:8453|eip155:143,,False,https://docs.asksurf.ai/data-api/prediction-market/polymarket-orderbooks,https://api.monid.ai/public/v1/providers/surf/endpoints/prediction-market/polymarket/orderbooks
surf,/prediction-market/polymarket/positions,Polymarket Wallet Positions,GET,"{""type"":""PER_CALL"",""amount"":{""value"":0.024,""currency"":""USD""}}",verified,prediction-markets|surf,,eip155:8453|eip155:143,,False,https://docs.asksurf.ai/data-api/prediction-market/polymarket-positions,https://api.monid.ai/public/v1/providers/surf/endpoints/prediction-market/polymarket/positions
surf,/prediction-market/polymarket/price-ohlcv/{condition_id},Polymarket OHLCV Candlesticks,GET,"{""type"":""PER_CALL"",""amount"":{""value"":0.024,""currency"":""USD""}}",verified,prediction-markets|surf,,eip155:8453|eip155:143,,False,https://docs.asksurf.ai/data-api/prediction-market/polymarket-ohlcv,https://api.monid.ai/public/v1/providers/surf/endpoints/prediction-market/polymarket/price-ohlcv/%7Bcondition_id%7D
surf,/prediction-market/polymarket/prices,Polymarket Price History,GET,"{""type"":""PER_CALL"",""amount"":{""value"":0.024,""currency"":""USD""}}",verified,prediction-markets|surf,,eip155:8453|eip155:143,,False,https://docs.asksurf.ai/data-api/prediction-market/polymarket-prices,https://api.monid.ai/public/v1/providers/surf/endpoints/prediction-market/polymarket/prices
surf,/prediction-market/polymarket/smart-money,Polymarket Smart Money,GET,"{""type"":""PER_CALL"",""amount"":{""value"":0.024,""currency"":""USD""}}",verified,prediction-markets|surf,,eip155:8453|eip155:143,,False,https://docs.asksurf.ai/data-api/prediction-market/polymarket-smart-money,https://api.monid.ai/public/v1/providers/surf/endpoints/prediction-market/polymarket/smart-money
surf,/prediction-market/polymarket/trades,Polymarket Trades,GET,"{""type"":""PER_CALL"",""amount"":{""value"":0.024,""currency"":""USD""}}",verified,prediction-markets|surf,,eip155:8453|eip155:143,,False,https://docs.asksurf.ai/data-api/prediction-market/polymarket-trades,https://api.monid.ai/public/v1/providers/surf/endpoints/prediction-market/polymarket/trades
surf,/prediction-market/polymarket/volume-split/{condition_id},Polymarket Volume Split (YES/NO),GET,"{""type"":""PER_CALL"",""amount"":{""value"":0.024,""currency"":""USD""}}",verified,prediction-markets|surf,,eip155:8453|eip155:143,,False,https://docs.asksurf.ai/data-api/prediction-market/polymarket-volume-split,https://api.monid.ai/public/v1/providers/surf/endpoints/prediction-market/polymarket/volume-split/%7Bcondition_id%7D
surf,/prediction-market/polymarket/volumes,Polymarket Volume History,GET,"{""type"":""PER_CALL"",""amount"":{""value"":0.024,""currency"":""USD""}}",verified,prediction-markets|surf,,eip155:8453|eip155:143,,False,https://docs.asksurf.ai/data-api/prediction-market/polymarket-volumes,https://api.monid.ai/public/v1/providers/surf/endpoints/prediction-market/polymarket/volumes
surf,/project/ai-news,Project AI News,GET,"{""type"":""PER_CALL"",""amount"":{""value"":0.012,""currency"":""USD""}}",verified,company-news|surf,,eip155:8453|eip155:143,,False,https://docs.asksurf.ai/data-api/project/ai-news,https://api.monid.ai/public/v1/providers/surf/endpoints/project/ai-news
surf,/project/defi/metrics,Project DeFi Metrics,GET,"{""type"":""PER_CALL"",""amount"":{""value"":0.012,""currency"":""USD""}}",verified,defi|surf,,eip155:8453|eip155:143,,False,https://docs.asksurf.ai/data-api/project/defi-metrics,https://api.monid.ai/public/v1/providers/surf/endpoints/project/defi/metrics
surf,/project/defi/ranking,DeFi Protocol Ranking,GET,"{""type"":""PER_CALL"",""amount"":{""value"":0.012,""currency"":""USD""}}",verified,defi|surf,,eip155:8453|eip155:143,,False,https://docs.asksurf.ai/data-api/project/defi-ranking,https://api.monid.ai/public/v1/providers/surf/endpoints/project/defi/ranking
surf,/project/detail,Aggregated Project Detail,GET,"{""type"":""PER_CALL"",""amount"":{""value"":0.012,""currency"":""USD""}}",verified,company-enrichment|surf,,eip155:8453|eip155:143,,False,https://docs.asksurf.ai/data-api/project/detail,https://api.monid.ai/public/v1/providers/surf/endpoints/project/detail
surf,/search/airdrop,Airdrop Search,GET,"{""type"":""PER_CALL"",""amount"":{""value"":0.006,""currency"":""USD""}}",verified,onchain-data|surf,,eip155:8453|eip155:143,,False,https://docs.asksurf.ai/data-api/search/airdrop,https://api.monid.ai/public/v1/providers/surf/endpoints/search/airdrop
surf,/search/airdrop/activities,Airdrop Activities,GET,"{""type"":""PER_CALL"",""amount"":{""value"":0.006,""currency"":""USD""}}",verified,onchain-data|surf,,eip155:8453|eip155:143,,False,https://docs.asksurf.ai/data-api/search/airdrop-activities,https://api.monid.ai/public/v1/providers/surf/endpoints/search/airdrop/activities
surf,/search/events,Project Event Search,GET,"{""type"":""PER_CALL"",""amount"":{""value"":0.006,""currency"":""USD""}}",verified,company-enrichment|surf,,eip155:8453|eip155:143,,False,https://docs.asksurf.ai/data-api/search/events,https://api.monid.ai/public/v1/providers/surf/endpoints/search/events
surf,/search/fund,Fund Search,GET,"{""type"":""PER_CALL"",""amount"":{""value"":0.006,""currency"":""USD""}}",verified,company-enrichment|funding-data|surf,,eip155:8453|eip155:143,,False,https://docs.asksurf.ai/data-api/search/fund,https://api.monid.ai/public/v1/providers/surf/endpoints/search/fund
surf,/search/fundraising,Fundraising Event Search,GET,"{""type"":""PER_CALL"",""amount"":{""value"":0.006,""currency"":""USD""}}",verified,company-enrichment|funding-data|surf,,eip155:8453|eip155:143,,False,,https://api.monid.ai/public/v1/providers/surf/endpoints/search/fundraising
surf,/search/news,News Article Search,GET,"{""type"":""PER_CALL"",""amount"":{""value"":0.006,""currency"":""USD""}}",verified,news-search|surf,,eip155:8453|eip155:143,,False,https://docs.asksurf.ai/data-api/search/news,https://api.monid.ai/public/v1/providers/surf/endpoints/search/news
surf,/search/prediction-market,Search Prediction Markets,GET,"{""type"":""PER_CALL"",""amount"":{""value"":0.024,""currency"":""USD""}}",verified,prediction-markets|surf,,eip155:8453|eip155:143,,False,https://docs.asksurf.ai/data-api/search/prediction-market,https://api.monid.ai/public/v1/providers/surf/endpoints/search/prediction-market
surf,/search/project,Project Search,GET,"{""type"":""PER_CALL"",""amount"":{""value"":0.006,""currency"":""USD""}}",verified,company-enrichment|surf,,eip155:8453|eip155:143,,False,https://docs.asksurf.ai/data-api/search/project,https://api.monid.ai/public/v1/providers/surf/endpoints/search/project
surf,/search/token,Token Symbol Resolution,GET,"{""type"":""PER_CALL"",""amount"":{""value"":0.006,""currency"":""USD""}}",verified,surf|token-prices,,eip155:8453|eip155:143,,False,https://docs.asksurf.ai/data-api/search/token,https://api.monid.ai/public/v1/providers/surf/endpoints/search/token
surf,/search/wallet,Wallet Search,GET,"{""type"":""PER_CALL"",""amount"":{""value"":0.024,""currency"":""USD""}}",verified,onchain-data|surf,,eip155:8453|eip155:143,,False,https://docs.asksurf.ai/data-api/search/wallet,https://api.monid.ai/public/v1/providers/surf/endpoints/search/wallet
surf,/search/web,Web Search,GET,"{""type"":""PER_CALL"",""amount"":{""value"":0.006,""currency"":""USD""}}",verified,surf|web-search,,eip155:8453|eip155:143,,False,https://docs.asksurf.ai/data-api/search/web,https://api.monid.ai/public/v1/providers/surf/endpoints/search/web
surf,/token/dex-trades,Token DEX Trade History,GET,"{""type"":""PER_CALL"",""amount"":{""value"":0.024,""currency"":""USD""}}",verified,onchain-data|surf,,eip155:8453|eip155:143,,False,https://docs.asksurf.ai/data-api/token/dex-trades,https://api.monid.ai/public/v1/providers/surf/endpoints/token/dex-trades
surf,/token/holders,Token Holders,GET,"{""type"":""PER_CALL"",""amount"":{""value"":0.012,""currency"":""USD""}}",verified,onchain-data|surf,,eip155:8453|eip155:143,,False,https://docs.asksurf.ai/data-api/token/holders,https://api.monid.ai/public/v1/providers/surf/endpoints/token/holders
surf,/token/tokenomics,Token Unlock Schedule,GET,"{""type"":""PER_CALL"",""amount"":{""value"":0.012,""currency"":""USD""}}",verified,onchain-data|surf,,eip155:8453|eip155:143,,False,https://docs.asksurf.ai/data-api/token/tokenomics,https://api.monid.ai/public/v1/providers/surf/endpoints/token/tokenomics
surf,/token/transfer-counterparties,Top Transfer Counterparties,GET,"{""type"":""PER_CALL"",""amount"":{""value"":0.012,""currency"":""USD""}}",verified,onchain-data|surf,,eip155:8453|eip155:143,,False,https://docs.asksurf.ai/data-api/token/transfer-counterparties,https://api.monid.ai/public/v1/providers/surf/endpoints/token/transfer-counterparties
surf,/token/transfer-stats,Token Transfer Activity Summary,GET,"{""type"":""PER_CALL"",""amount"":{""value"":0.012,""currency"":""USD""}}",verified,onchain-data|surf,,eip155:8453|eip155:143,,False,https://docs.asksurf.ai/data-api/token/transfer-stats,https://api.monid.ai/public/v1/providers/surf/endpoints/token/transfer-stats
surf,/token/transfers,Token Transfer History,GET,"{""type"":""PER_CALL"",""amount"":{""value"":0.012,""currency"":""USD""}}",verified,onchain-data|surf,,eip155:8453|eip155:143,,False,https://docs.asksurf.ai/data-api/token/transfers,https://api.monid.ai/public/v1/providers/surf/endpoints/token/transfers
surf,/wallet/detail,Aggregated Wallet Detail,GET,"{""type"":""PER_CALL"",""amount"":{""value"":0.012,""currency"":""USD""}}",verified,onchain-data|surf,,eip155:8453|eip155:143,,False,https://docs.asksurf.ai/data-api/wallet/detail,https://api.monid.ai/public/v1/providers/surf/endpoints/wallet/detail
surf,/wallet/history,Wallet Transaction History,GET,"{""type"":""PER_CALL"",""amount"":{""value"":0.012,""currency"":""USD""}}",verified,onchain-data|surf,,eip155:8453|eip155:143,,False,https://docs.asksurf.ai/data-api/wallet/history,https://api.monid.ai/public/v1/providers/surf/endpoints/wallet/history
surf,/wallet/labels/batch,Wallet Labels (Batch),GET,"{""type"":""PER_CALL"",""amount"":{""value"":0.012,""currency"":""USD""}}",verified,onchain-data|surf,,eip155:8453|eip155:143,,False,https://docs.asksurf.ai/data-api/wallet/labels-batch,https://api.monid.ai/public/v1/providers/surf/endpoints/wallet/labels/batch
surf,/wallet/net-worth,Wallet Net Worth History,GET,"{""type"":""PER_CALL"",""amount"":{""value"":0.012,""currency"":""USD""}}",verified,onchain-data|surf,,eip155:8453|eip155:143,,False,https://docs.asksurf.ai/data-api/wallet/net-worth,https://api.monid.ai/public/v1/providers/surf/endpoints/wallet/net-worth
surf,/wallet/protocols,Wallet DeFi Protocol Positions,GET,"{""type"":""PER_CALL"",""amount"":{""value"":0.012,""currency"":""USD""}}",verified,onchain-data|surf,,eip155:8453|eip155:143,,False,https://docs.asksurf.ai/data-api/wallet/protocols,https://api.monid.ai/public/v1/providers/surf/endpoints/wallet/protocols
surf,/wallet/transfers,Wallet Transfer History,GET,"{""type"":""PER_CALL"",""amount"":{""value"":0.012,""currency"":""USD""}}",verified,onchain-data|surf,,eip155:8453|eip155:143,,False,https://docs.asksurf.ai/data-api/wallet/transfers,https://api.monid.ai/public/v1/providers/surf/endpoints/wallet/transfers
surf,/web/fetch,Web Page Fetch,GET,"{""type"":""PER_CALL"",""amount"":{""value"":0.006,""currency"":""USD""}}",verified,surf|web-extraction,,eip155:8453|eip155:143,,False,https://docs.asksurf.ai/data-api/web/fetch,https://api.monid.ai/public/v1/providers/surf/endpoints/web/fetch
suzanne,/v1/generations/photo-to-3d,Suzanne Photo-to-3D,POST,"{""type"":""PER_CALL"",""amount"":{""value"":0.8,""currency"":""USD""}}",verified,3d-generation|suzanne,,eip155:8453|eip155:143,,False,https://console.suzanne3d.com/documentation/photo-to-3d,https://api.monid.ai/public/v1/providers/suzanne/endpoints/v1/generations/photo-to-3d
suzanne,/v1/generations/text-to-3d,Suzanne Text-to-3D,POST,"{""type"":""PER_CALL"",""amount"":{""value"":0.8,""currency"":""USD""}}",verified,3d-generation|suzanne,,eip155:8453|eip155:143,,False,https://console.suzanne3d.com/documentation/text-to-3d,https://api.monid.ai/public/v1/providers/suzanne/endpoints/v1/generations/text-to-3d
suzanne,/v1/models/{job_id}/download,Suzanne Model Download,GET,"{""type"":""PER_CALL"",""amount"":{""value"":0,""currency"":""USD""}}",verified,3d-generation|suzanne,,eip155:8453|eip155:143,,False,https://console.suzanne3d.com/documentation/download-model,https://api.monid.ai/public/v1/providers/suzanne/endpoints/v1/models/%7Bjob_id%7D/download
suzanne,/v1/uploads,Suzanne Image Upload URL,POST,"{""type"":""PER_CALL"",""amount"":{""value"":0.015,""currency"":""USD""}}",verified,3d-generation|suzanne,,eip155:8453|eip155:143,,False,https://console.suzanne3d.com/documentation/uploads,https://api.monid.ai/public/v1/providers/suzanne/endpoints/v1/uploads
tendata,/v2/company,Enrich Company,GET,"{""type"":""PER_RESULT"",""amount"":{""value"":0.08,""currency"":""USD""}}",verified,company-enrichment|tendata,,eip155:8453|eip155:143,,False,https://open-api.tendata.cn/company.html,https://api.monid.ai/public/v1/providers/tendata/endpoints/v2/company
tendata,/v2/company/list,Find Companies,GET,"{""type"":""PER_CALL"",""amount"":{""value"":0,""currency"":""USD""}}",verified,company-enrichment|tendata,,eip155:8453|eip155:143,,False,https://open-api.tendata.cn/companyList.html,https://api.monid.ai/public/v1/providers/tendata/endpoints/v2/company/list
tendata,/v2/trade,Search Trade Records,POST,"{""type"":""TIERED"",""amount"":{""value"":0,""currency"":""USD""},""tiers"":[{""label"":""Tier A source (Malaysia)"",""when"":{},""selector"":{""label"":""Tier A source (Malaysia)"",""key"":""tierAUnits"",""in"":""output""},""price"":{""type"":""PER_RESULT"",""amount"":{""value"":0.024,""currency"":""USD""}}},{""label"":""Tier B source (India/Russia/Indonesia)"",""when"":{},""selector"":{""label"":""Tier B source (India/Russia/Indonesia)"",""key"":""tierBUnits"",""in"":""output""},""price"":{""type"":""PER_RESULT"",""amount"":{""value"":0.016,""currency"":""USD""}}},{""label"":""Standard source"",""when"":{},""selector"":{""label"":""Standard source"",""key"":""tierCUnits"",""in"":""output""},""price"":{""type"":""PER_RESULT"",""amount"":{""value"":0.008,""currency"":""USD""}}}]}",verified,tendata|trade-data,,eip155:8453|eip155:143,,False,https://open-api.tendata.cn/trade.html,https://api.monid.ai/public/v1/providers/tendata/endpoints/v2/trade
tendata,/v2/trade/country-of-destination-code,Rank Destination Countries,POST,"{""type"":""PER_RESULT"",""amount"":{""value"":0.016,""currency"":""USD""}}",verified,tendata|trade-data,,eip155:8453|eip155:143,,False,https://open-api.tendata.cn/trade-country-of-destination-code.html,https://api.monid.ai/public/v1/providers/tendata/endpoints/v2/trade/country-of-destination-code
tendata,/v2/trade/country-of-origin-code,Rank Origin Countries,POST,"{""type"":""PER_RESULT"",""amount"":{""value"":0.016,""currency"":""USD""}}",verified,tendata|trade-data,,eip155:8453|eip155:143,,False,https://open-api.tendata.cn/trade-country-of-origin-code.html,https://api.monid.ai/public/v1/providers/tendata/endpoints/v2/trade/country-of-origin-code
tendata,/v2/trade/exporters,Rank Exporters,POST,"{""type"":""PER_RESULT"",""amount"":{""value"":0.019,""currency"":""USD""}}",verified,tendata|trade-data,,eip155:8453|eip155:143,,False,https://open-api.tendata.cn/trade-exporters.html,https://api.monid.ai/public/v1/providers/tendata/endpoints/v2/trade/exporters
tendata,/v2/trade/exporters-name,List Exporters,POST,"{""type"":""PER_RESULT"",""amount"":{""value"":0.0016,""currency"":""USD""}}",verified,tendata|trade-data,,eip155:8453|eip155:143,,False,https://open-api.tendata.cn/trade-exporters-name.html,https://api.monid.ai/public/v1/providers/tendata/endpoints/v2/trade/exporters-name
tendata,/v2/trade/exporters-stat,Total Exporter Trade,POST,"{""type"":""PER_RESULT"",""amount"":{""value"":0.064,""currency"":""USD""}}",verified,tendata|trade-data,,eip155:8453|eip155:143,,False,https://open-api.tendata.cn/trade-exporters-stat.html,https://api.monid.ai/public/v1/providers/tendata/endpoints/v2/trade/exporters-stat
tendata,/v2/trade/hs-code,Rank HS Codes,POST,"{""type"":""PER_RESULT"",""amount"":{""value"":0.016,""currency"":""USD""}}",verified,tendata|trade-data,,eip155:8453|eip155:143,,False,https://open-api.tendata.cn/trade-hs-code.html,https://api.monid.ai/public/v1/providers/tendata/endpoints/v2/trade/hs-code
tendata,/v2/trade/importers,Rank Importers,POST,"{""type"":""PER_RESULT"",""amount"":{""value"":0.019,""currency"":""USD""}}",verified,tendata|trade-data,,eip155:8453|eip155:143,,False,https://open-api.tendata.cn/trade-importers.html,https://api.monid.ai/public/v1/providers/tendata/endpoints/v2/trade/importers
tendata,/v2/trade/importers-name,List Importers,POST,"{""type"":""PER_RESULT"",""amount"":{""value"":0.0016,""currency"":""USD""}}",verified,tendata|trade-data,,eip155:8453|eip155:143,,False,https://open-api.tendata.cn/trade-importers-name.html,https://api.monid.ai/public/v1/providers/tendata/endpoints/v2/trade/importers-name
tendata,/v2/trade/importers-stat,Total Importer Trade,POST,"{""type"":""PER_RESULT"",""amount"":{""value"":0.064,""currency"":""USD""}}",verified,tendata|trade-data,,eip155:8453|eip155:143,,False,https://open-api.tendata.cn/trade-importers-stat.html,https://api.monid.ai/public/v1/providers/tendata/endpoints/v2/trade/importers-stat
tendata,/v2/trade/row-count,Count Trade Records,POST,"{""type"":""PER_CALL"",""amount"":{""value"":0,""currency"":""USD""}}",verified,tendata|trade-data,,eip155:8453|eip155:143,,False,https://open-api.tendata.cn/trade-count.html,https://api.monid.ai/public/v1/providers/tendata/endpoints/v2/trade/row-count
tendata,/v2/trade/row-count/specific,Count Source Records,POST,"{""type"":""PER_CALL"",""amount"":{""value"":0,""currency"":""USD""}}",verified,tendata|trade-data,,eip155:8453|eip155:143,,False,https://open-api.tendata.cn/trade-count-specific.html,https://api.monid.ai/public/v1/providers/tendata/endpoints/v2/trade/row-count/specific
tendata,/v2/trade/specific,Search Source Records,POST,"{""type"":""TIERED"",""amount"":{""value"":0,""currency"":""USD""},""tiers"":[{""label"":""Tier A source (Malaysia)"",""when"":{},""selector"":{""label"":""Tier A source (Malaysia)"",""key"":""tierAUnits"",""in"":""output""},""price"":{""type"":""PER_RESULT"",""amount"":{""value"":0.024,""currency"":""USD""}}},{""label"":""Tier B source (India/Russia/Indonesia)"",""when"":{},""selector"":{""label"":""Tier B source (India/Russia/Indonesia)"",""key"":""tierBUnits"",""in"":""output""},""price"":{""type"":""PER_RESULT"",""amount"":{""value"":0.016,""currency"":""USD""}}},{""label"":""Standard source"",""when"":{},""selector"":{""label"":""Standard source"",""key"":""tierCUnits"",""in"":""output""},""price"":{""type"":""PER_RESULT"",""amount"":{""value"":0.008,""currency"":""USD""}}}]}",verified,tendata|trade-data,,eip155:8453|eip155:143,,False,https://open-api.tendata.cn/trade-specific.html,https://api.monid.ai/public/v1/providers/tendata/endpoints/v2/trade/specific
tendata,/v2/trade/volume-of-trade,Analyze Trade Trends,POST,"{""type"":""PER_RESULT"",""amount"":{""value"":0.019,""currency"":""USD""}}",verified,tendata|trade-data,,eip155:8453|eip155:143,,False,https://open-api.tendata.cn/trade-volume-of-trade.html,https://api.monid.ai/public/v1/providers/tendata/endpoints/v2/trade/volume-of-trade
the-companies-api,/count_companies,Count companies,GET,"{""type"":""PER_CALL"",""amount"":{""value"":0.01,""currency"":""USD""}}",verified,company-enrichment|the-companies-api,,eip155:8453|eip155:143,,False,https://parse.bot/marketplace/thecompaniesapi-com-api,https://api.monid.ai/public/v1/providers/the-companies-api/endpoints/count_companies
the-companies-api,/enrich_company_from_domain,Enrich company from domain,GET,"{""type"":""PER_CALL"",""amount"":{""value"":0.01,""currency"":""USD""}}",verified,company-enrichment|the-companies-api,,eip155:8453|eip155:143,,False,https://parse.bot/marketplace/thecompaniesapi-com-api,https://api.monid.ai/public/v1/providers/the-companies-api/endpoints/enrich_company_from_domain
the-companies-api,/fetch_company_context,Get company context,GET,"{""type"":""PER_CALL"",""amount"":{""value"":0.01,""currency"":""USD""}}",verified,company-enrichment|the-companies-api,,eip155:8453|eip155:143,,False,https://parse.bot/marketplace/thecompaniesapi-com-api,https://api.monid.ai/public/v1/providers/the-companies-api/endpoints/fetch_company_context
the-companies-api,/find_company_email_patterns,Find company email patterns,GET,"{""type"":""PER_CALL"",""amount"":{""value"":0.01,""currency"":""USD""}}",verified,company-enrichment|the-companies-api,,eip155:8453|eip155:143,,False,https://parse.bot/marketplace/thecompaniesapi-com-api,https://api.monid.ai/public/v1/providers/the-companies-api/endpoints/find_company_email_patterns
the-companies-api,/search_companies,Search companies,GET,"{""type"":""PER_CALL"",""amount"":{""value"":0.01,""currency"":""USD""}}",verified,company-enrichment|the-companies-api,,eip155:8453|eip155:143,,False,https://parse.bot/marketplace/thecompaniesapi-com-api,https://api.monid.ai/public/v1/providers/the-companies-api/endpoints/search_companies
the-companies-api,/search_industries,Search industries,GET,"{""type"":""PER_CALL"",""amount"":{""value"":0.01,""currency"":""USD""}}",verified,company-enrichment|the-companies-api,,eip155:8453|eip155:143,,False,https://parse.bot/marketplace/thecompaniesapi-com-api,https://api.monid.ai/public/v1/providers/the-companies-api/endpoints/search_industries
tikhub,/api/v1/bilibili/app/fetch_bangumi_tab,/api/v1/bilibili/app/fetch_bangumi_tab,GET,"{""type"":""PER_CALL"",""amount"":{""value"":0.001,""currency"":""USD""}}",,bilibili|tikhub,,eip155:8453|eip155:143,,False,,https://api.monid.ai/public/v1/providers/tikhub/endpoints/api/v1/bilibili/app/fetch_bangumi_tab
tikhub,/api/v1/bilibili/app/fetch_cinema_tab,/api/v1/bilibili/app/fetch_cinema_tab,GET,"{""type"":""PER_CALL"",""amount"":{""value"":0.001,""currency"":""USD""}}",,bilibili|tikhub,,eip155:8453|eip155:143,,False,,https://api.monid.ai/public/v1/providers/tikhub/endpoints/api/v1/bilibili/app/fetch_cinema_tab
tikhub,/api/v1/bilibili/app/fetch_home_feed,/api/v1/bilibili/app/fetch_home_feed,GET,"{""type"":""PER_CALL"",""amount"":{""value"":0.001,""currency"":""USD""}}",,bilibili|tikhub,,eip155:8453|eip155:143,,False,,https://api.monid.ai/public/v1/providers/tikhub/endpoints/api/v1/bilibili/app/fetch_home_feed
tikhub,/api/v1/bilibili/app/fetch_one_video,/api/v1/bilibili/app/fetch_one_video,GET,"{""type"":""PER_CALL"",""amount"":{""value"":0.001,""currency"":""USD""}}",,bilibili|tikhub,,eip155:8453|eip155:143,,False,,https://api.monid.ai/public/v1/providers/tikhub/endpoints/api/v1/bilibili/app/fetch_one_video
tikhub,/api/v1/bilibili/app/fetch_popular_feed,/api/v1/bilibili/app/fetch_popular_feed,GET,"{""type"":""PER_CALL"",""amount"":{""value"":0.001,""currency"":""USD""}}",,bilibili|tikhub,,eip155:8453|eip155:143,,False,,https://api.monid.ai/public/v1/providers/tikhub/endpoints/api/v1/bilibili/app/fetch_popular_feed
tikhub,/api/v1/bilibili/app/fetch_reply_detail,/api/v1/bilibili/app/fetch_reply_detail,GET,"{""type"":""PER_CALL"",""amount"":{""value"":0.001,""currency"":""USD""}}",,bilibili|tikhub,,eip155:8453|eip155:143,,False,,https://api.monid.ai/public/v1/providers/tikhub/endpoints/api/v1/bilibili/app/fetch_reply_detail
tikhub,/api/v1/bilibili/app/fetch_search_all,/api/v1/bilibili/app/fetch_search_all,GET,"{""type"":""PER_CALL"",""amount"":{""value"":0.001,""currency"":""USD""}}",,bilibili|tikhub,,eip155:8453|eip155:143,,False,,https://api.monid.ai/public/v1/providers/tikhub/endpoints/api/v1/bilibili/app/fetch_search_all
tikhub,/api/v1/bilibili/app/fetch_search_by_type,/api/v1/bilibili/app/fetch_search_by_type,GET,"{""type"":""PER_CALL"",""amount"":{""value"":0.001,""currency"":""USD""}}",,bilibili|tikhub,,eip155:8453|eip155:143,,False,,https://api.monid.ai/public/v1/providers/tikhub/endpoints/api/v1/bilibili/app/fetch_search_by_type
tikhub,/api/v1/bilibili/app/fetch_user_info,/api/v1/bilibili/app/fetch_user_info,GET,"{""type"":""PER_CALL"",""amount"":{""value"":0.001,""currency"":""USD""}}",,bilibili|tikhub,,eip155:8453|eip155:143,,False,,https://api.monid.ai/public/v1/providers/tikhub/endpoints/api/v1/bilibili/app/fetch_user_info
tikhub,/api/v1/bilibili/app/fetch_user_videos,/api/v1/bilibili/app/fetch_user_videos,GET,"{""type"":""PER_CALL"",""amount"":{""value"":0.001,""currency"":""USD""}}",,bilibili|tikhub,,eip155:8453|eip155:143,,False,,https://api.monid.ai/public/v1/providers/tikhub/endpoints/api/v1/bilibili/app/fetch_user_videos
tikhub,/api/v1/bilibili/app/fetch_video_comments,/api/v1/bilibili/app/fetch_video_comments,GET,"{""type"":""PER_CALL"",""amount"":{""value"":0.001,""currency"":""USD""}}",,bilibili|tikhub,,eip155:8453|eip155:143,,False,,https://api.monid.ai/public/v1/providers/tikhub/endpoints/api/v1/bilibili/app/fetch_video_comments
tikhub,/api/v1/bilibili/web/bv_to_aid,/api/v1/bilibili/web/bv_to_aid,GET,"{""type"":""PER_CALL"",""amount"":{""value"":0.001,""currency"":""USD""}}",,bilibili|tikhub,,eip155:8453|eip155:143,,False,,https://api.monid.ai/public/v1/providers/tikhub/endpoints/api/v1/bilibili/web/bv_to_aid
tikhub,/api/v1/bilibili/web/fetch_all_live_areas,/api/v1/bilibili/web/fetch_all_live_areas,GET,"{""type"":""PER_CALL"",""amount"":{""value"":0.001,""currency"":""USD""}}",,bilibili|tikhub,,eip155:8453|eip155:143,,False,,https://api.monid.ai/public/v1/providers/tikhub/endpoints/api/v1/bilibili/web/fetch_all_live_areas
tikhub,/api/v1/bilibili/web/fetch_collect_folders,/api/v1/bilibili/web/fetch_collect_folders,GET,"{""type"":""PER_CALL"",""amount"":{""value"":0.001,""currency"":""USD""}}",,bilibili|tikhub,,eip155:8453|eip155:143,,False,,https://api.monid.ai/public/v1/providers/tikhub/endpoints/api/v1/bilibili/web/fetch_collect_folders
tikhub,/api/v1/bilibili/web/fetch_com_popular,/api/v1/bilibili/web/fetch_com_popular,GET,"{""type"":""PER_CALL"",""amount"":{""value"":0.001,""currency"":""USD""}}",,bilibili|tikhub,,eip155:8453|eip155:143,,False,,https://api.monid.ai/public/v1/providers/tikhub/endpoints/api/v1/bilibili/web/fetch_com_popular
tikhub,/api/v1/bilibili/web/fetch_comment_reply,/api/v1/bilibili/web/fetch_comment_reply,GET,"{""type"":""PER_CALL"",""amount"":{""value"":0.001,""currency"":""USD""}}",,bilibili|tikhub,,eip155:8453|eip155:143,,False,,https://api.monid.ai/public/v1/providers/tikhub/endpoints/api/v1/bilibili/web/fetch_comment_reply
tikhub,/api/v1/bilibili/web/fetch_dynamic_detail,/api/v1/bilibili/web/fetch_dynamic_detail,GET,"{""type"":""PER_CALL"",""amount"":{""value"":0.001,""currency"":""USD""}}",,bilibili|tikhub,,eip155:8453|eip155:143,,False,,https://api.monid.ai/public/v1/providers/tikhub/endpoints/api/v1/bilibili/web/fetch_dynamic_detail
tikhub,/api/v1/bilibili/web/fetch_dynamic_detail_v2,/api/v1/bilibili/web/fetch_dynamic_detail_v2,GET,"{""type"":""PER_CALL"",""amount"":{""value"":0.001,""currency"":""USD""}}",,bilibili|tikhub,,eip155:8453|eip155:143,,False,,https://api.monid.ai/public/v1/providers/tikhub/endpoints/api/v1/bilibili/web/fetch_dynamic_detail_v2
tikhub,/api/v1/bilibili/web/fetch_general_search,/api/v1/bilibili/web/fetch_general_search,GET,"{""type"":""PER_CALL"",""amount"":{""value"":0.001,""currency"":""USD""}}",,bilibili|tikhub,,eip155:8453|eip155:143,,False,,https://api.monid.ai/public/v1/providers/tikhub/endpoints/api/v1/bilibili/web/fetch_general_search
tikhub,/api/v1/bilibili/web/fetch_get_user_id,/api/v1/bilibili/web/fetch_get_user_id,GET,"{""type"":""PER_CALL"",""amount"":{""value"":0.001,""currency"":""USD""}}",,bilibili|tikhub,,eip155:8453|eip155:143,,False,,https://api.monid.ai/public/v1/providers/tikhub/endpoints/api/v1/bilibili/web/fetch_get_user_id
tikhub,/api/v1/bilibili/web/fetch_hot_search,/api/v1/bilibili/web/fetch_hot_search,GET,"{""type"":""PER_CALL"",""amount"":{""value"":0.001,""currency"":""USD""}}",,bilibili|tikhub,,eip155:8453|eip155:143,,False,,https://api.monid.ai/public/v1/providers/tikhub/endpoints/api/v1/bilibili/web/fetch_hot_search
tikhub,/api/v1/bilibili/web/fetch_live_room_detail,/api/v1/bilibili/web/fetch_live_room_detail,GET,"{""type"":""PER_CALL"",""amount"":{""value"":0.001,""currency"":""USD""}}",,bilibili|tikhub,,eip155:8453|eip155:143,,False,,https://api.monid.ai/public/v1/providers/tikhub/endpoints/api/v1/bilibili/web/fetch_live_room_detail
tikhub,/api/v1/bilibili/web/fetch_live_streamers,/api/v1/bilibili/web/fetch_live_streamers,GET,"{""type"":""PER_CALL"",""amount"":{""value"":0.001,""currency"":""USD""}}",,bilibili|tikhub,,eip155:8453|eip155:143,,False,,https://api.monid.ai/public/v1/providers/tikhub/endpoints/api/v1/bilibili/web/fetch_live_streamers
tikhub,/api/v1/bilibili/web/fetch_live_videos,/api/v1/bilibili/web/fetch_live_videos,GET,"{""type"":""PER_CALL"",""amount"":{""value"":0.001,""currency"":""USD""}}",,bilibili|tikhub,,eip155:8453|eip155:143,,False,,https://api.monid.ai/public/v1/providers/tikhub/endpoints/api/v1/bilibili/web/fetch_live_videos
tikhub,/api/v1/bilibili/web/fetch_one_video,/api/v1/bilibili/web/fetch_one_video,GET,"{""type"":""PER_CALL"",""amount"":{""value"":0.001,""currency"":""USD""}}",,bilibili|tikhub,,eip155:8453|eip155:143,,False,,https://api.monid.ai/public/v1/providers/tikhub/endpoints/api/v1/bilibili/web/fetch_one_video
tikhub,/api/v1/bilibili/web/fetch_one_video_v2,/api/v1/bilibili/web/fetch_one_video_v2,GET,"{""type"":""PER_CALL"",""amount"":{""value"":0.002,""currency"":""USD""}}",,bilibili|tikhub,,eip155:8453|eip155:143,,False,,https://api.monid.ai/public/v1/providers/tikhub/endpoints/api/v1/bilibili/web/fetch_one_video_v2
tikhub,/api/v1/bilibili/web/fetch_one_video_v3,/api/v1/bilibili/web/fetch_one_video_v3,GET,"{""type"":""PER_CALL"",""amount"":{""value"":0.001,""currency"":""USD""}}",,bilibili|tikhub,,eip155:8453|eip155:143,,False,,https://api.monid.ai/public/v1/providers/tikhub/endpoints/api/v1/bilibili/web/fetch_one_video_v3
tikhub,/api/v1/bilibili/web/fetch_user_collection_videos,/api/v1/bilibili/web/fetch_user_collection_videos,GET,"{""type"":""PER_CALL"",""amount"":{""value"":0.001,""currency"":""USD""}}",,bilibili|tikhub,,eip155:8453|eip155:143,,False,,https://api.monid.ai/public/v1/providers/tikhub/endpoints/api/v1/bilibili/web/fetch_user_collection_videos
tikhub,/api/v1/bilibili/web/fetch_user_dynamic,/api/v1/bilibili/web/fetch_user_dynamic,GET,"{""type"":""PER_CALL"",""amount"":{""value"":0.001,""currency"":""USD""}}",,bilibili|tikhub,,eip155:8453|eip155:143,,False,,https://api.monid.ai/public/v1/providers/tikhub/endpoints/api/v1/bilibili/web/fetch_user_dynamic
tikhub,/api/v1/bilibili/web/fetch_user_post_videos,/api/v1/bilibili/web/fetch_user_post_videos,GET,"{""type"":""PER_CALL"",""amount"":{""value"":0.001,""currency"":""USD""}}",,bilibili|tikhub,,eip155:8453|eip155:143,,False,,https://api.monid.ai/public/v1/providers/tikhub/endpoints/api/v1/bilibili/web/fetch_user_post_videos
tikhub,/api/v1/bilibili/web/fetch_user_post_videos_v2,/api/v1/bilibili/web/fetch_user_post_videos_v2,GET,"{""type"":""PER_CALL"",""amount"":{""value"":0.001,""currency"":""USD""}}",,bilibili|tikhub,,eip155:8453|eip155:143,,False,,https://api.monid.ai/public/v1/providers/tikhub/endpoints/api/v1/bilibili/web/fetch_user_post_videos_v2
tikhub,/api/v1/bilibili/web/fetch_user_profile,/api/v1/bilibili/web/fetch_user_profile,GET,"{""type"":""PER_CALL"",""amount"":{""value"":0.001,""currency"":""USD""}}",,bilibili|tikhub,,eip155:8453|eip155:143,,False,,https://api.monid.ai/public/v1/providers/tikhub/endpoints/api/v1/bilibili/web/fetch_user_profile
tikhub,/api/v1/bilibili/web/fetch_user_relation_stat,/api/v1/bilibili/web/fetch_user_relation_stat,GET,"{""type"":""PER_CALL"",""amount"":{""value"":0.001,""currency"":""USD""}}",,bilibili|tikhub,,eip155:8453|eip155:143,,False,,https://api.monid.ai/public/v1/providers/tikhub/endpoints/api/v1/bilibili/web/fetch_user_relation_stat
tikhub,/api/v1/bilibili/web/fetch_user_up_stat,/api/v1/bilibili/web/fetch_user_up_stat,GET,"{""type"":""PER_CALL"",""amount"":{""value"":0.001,""currency"":""USD""}}",,bilibili|tikhub,,eip155:8453|eip155:143,,False,,https://api.monid.ai/public/v1/providers/tikhub/endpoints/api/v1/bilibili/web/fetch_user_up_stat
tikhub,/api/v1/bilibili/web/fetch_video_comments,/api/v1/bilibili/web/fetch_video_comments,GET,"{""type"":""PER_CALL"",""amount"":{""value"":0.001,""currency"":""USD""}}",,bilibili|tikhub,,eip155:8453|eip155:143,,False,,https://api.monid.ai/public/v1/providers/tikhub/endpoints/api/v1/bilibili/web/fetch_video_comments
tikhub,/api/v1/bilibili/web/fetch_video_danmaku,/api/v1/bilibili/web/fetch_video_danmaku,GET,"{""type"":""PER_CALL"",""amount"":{""value"":0.001,""currency"":""USD""}}",,bilibili|tikhub,,eip155:8453|eip155:143,,False,,https://api.monid.ai/public/v1/providers/tikhub/endpoints/api/v1/bilibili/web/fetch_video_danmaku
tikhub,/api/v1/bilibili/web/fetch_video_detail,/api/v1/bilibili/web/fetch_video_detail,GET,"{""type"":""PER_CALL"",""amount"":{""value"":0.001,""currency"":""USD""}}",,bilibili|tikhub,,eip155:8453|eip155:143,,False,,https://api.monid.ai/public/v1/providers/tikhub/endpoints/api/v1/bilibili/web/fetch_video_detail
tikhub,/api/v1/bilibili/web/fetch_video_parts,/api/v1/bilibili/web/fetch_video_parts,GET,"{""type"":""PER_CALL"",""amount"":{""value"":0.001,""currency"":""USD""}}",,bilibili|tikhub,,eip155:8453|eip155:143,,False,,https://api.monid.ai/public/v1/providers/tikhub/endpoints/api/v1/bilibili/web/fetch_video_parts
tikhub,/api/v1/bilibili/web/fetch_video_play_info,/api/v1/bilibili/web/fetch_video_play_info,GET,"{""type"":""PER_CALL"",""amount"":{""value"":0.001,""currency"":""USD""}}",,bilibili|tikhub,,eip155:8453|eip155:143,,False,,https://api.monid.ai/public/v1/providers/tikhub/endpoints/api/v1/bilibili/web/fetch_video_play_info
tikhub,/api/v1/bilibili/web/fetch_video_playurl,/api/v1/bilibili/web/fetch_video_playurl,GET,"{""type"":""PER_CALL"",""amount"":{""value"":0.001,""currency"":""USD""}}",,bilibili|tikhub,,eip155:8453|eip155:143,,False,,https://api.monid.ai/public/v1/providers/tikhub/endpoints/api/v1/bilibili/web/fetch_video_playurl
tikhub,/api/v1/bilibili/web/fetch_video_subtitle,/api/v1/bilibili/web/fetch_video_subtitle,GET,"{""type"":""PER_CALL"",""amount"":{""value"":0.001,""currency"":""USD""}}",,bilibili|tikhub,,eip155:8453|eip155:143,,False,,https://api.monid.ai/public/v1/providers/tikhub/endpoints/api/v1/bilibili/web/fetch_video_subtitle
tikhub,/api/v1/bilibili/web/fetch_vip_video_playurl,/api/v1/bilibili/web/fetch_vip_video_playurl,POST,"{""type"":""PER_CALL"",""amount"":{""value"":0.001,""currency"":""USD""}}",,bilibili|tikhub,,eip155:8453|eip155:143,,False,,https://api.monid.ai/public/v1/providers/tikhub/endpoints/api/v1/bilibili/web/fetch_vip_video_playurl
tikhub,/api/v1/douyin/app/v3/fetch_brand_hot_search_list,/api/v1/douyin/app/v3/fetch_brand_hot_search_list,GET,"{""type"":""PER_CALL"",""amount"":{""value"":0.001,""currency"":""USD""}}",,douyin|tikhub,,eip155:8453|eip155:143,,False,,https://api.monid.ai/public/v1/providers/tikhub/endpoints/api/v1/douyin/app/v3/fetch_brand_hot_search_list
tikhub,/api/v1/douyin/app/v3/fetch_brand_hot_search_list_detail,/api/v1/douyin/app/v3/fetch_brand_hot_search_list_detail,GET,"{""type"":""PER_CALL"",""amount"":{""value"":0.001,""currency"":""USD""}}",,douyin|tikhub,,eip155:8453|eip155:143,,False,,https://api.monid.ai/public/v1/providers/tikhub/endpoints/api/v1/douyin/app/v3/fetch_brand_hot_search_list_detail
tikhub,/api/v1/douyin/app/v3/fetch_hashtag_detail,/api/v1/douyin/app/v3/fetch_hashtag_detail,GET,"{""type"":""PER_CALL"",""amount"":{""value"":0.001,""currency"":""USD""}}",,douyin|tikhub,,eip155:8453|eip155:143,,False,,https://api.monid.ai/public/v1/providers/tikhub/endpoints/api/v1/douyin/app/v3/fetch_hashtag_detail
tikhub,/api/v1/douyin/app/v3/fetch_hashtag_video_list,/api/v1/douyin/app/v3/fetch_hashtag_video_list,GET,"{""type"":""PER_CALL"",""amount"":{""value"":0.001,""currency"":""USD""}}",,douyin|tikhub,,eip155:8453|eip155:143,,False,,https://api.monid.ai/public/v1/providers/tikhub/endpoints/api/v1/douyin/app/v3/fetch_hashtag_video_list
tikhub,/api/v1/douyin/app/v3/fetch_hot_search_list,/api/v1/douyin/app/v3/fetch_hot_search_list,GET,"{""type"":""PER_CALL"",""amount"":{""value"":0.001,""currency"":""USD""}}",,douyin|tikhub,,eip155:8453|eip155:143,,False,,https://api.monid.ai/public/v1/providers/tikhub/endpoints/api/v1/douyin/app/v3/fetch_hot_search_list
tikhub,/api/v1/douyin/app/v3/fetch_live_hot_search_list,/api/v1/douyin/app/v3/fetch_live_hot_search_list,GET,"{""type"":""PER_CALL"",""amount"":{""value"":0.001,""currency"":""USD""}}",,douyin|tikhub,,eip155:8453|eip155:143,,False,,https://api.monid.ai/public/v1/providers/tikhub/endpoints/api/v1/douyin/app/v3/fetch_live_hot_search_list
tikhub,/api/v1/douyin/app/v3/fetch_multi_video,/api/v1/douyin/app/v3/fetch_multi_video,POST,"{""type"":""PER_CALL"",""amount"":{""value"":0.01,""currency"":""USD""}}",,douyin|tikhub,,eip155:8453|eip155:143,,False,,https://api.monid.ai/public/v1/providers/tikhub/endpoints/api/v1/douyin/app/v3/fetch_multi_video
tikhub,/api/v1/douyin/app/v3/fetch_multi_video_high_quality_play_url,/api/v1/douyin/app/v3/fetch_multi_video_high_quality_play_url,POST,"{""type"":""PER_CALL"",""amount"":{""value"":0.25,""currency"":""USD""}}",,douyin|tikhub,,eip155:8453|eip155:143,,False,,https://api.monid.ai/public/v1/providers/tikhub/endpoints/api/v1/douyin/app/v3/fetch_multi_video_high_quality_play_url
tikhub,/api/v1/douyin/app/v3/fetch_multi_video_statistics,/api/v1/douyin/app/v3/fetch_multi_video_statistics,GET,"{""type"":""PER_CALL"",""amount"":{""value"":0.025,""currency"":""USD""}}",,douyin|tikhub,,eip155:8453|eip155:143,,False,,https://api.monid.ai/public/v1/providers/tikhub/endpoints/api/v1/douyin/app/v3/fetch_multi_video_statistics
tikhub,/api/v1/douyin/app/v3/fetch_multi_video_v2,/api/v1/douyin/app/v3/fetch_multi_video_v2,POST,"{""type"":""PER_CALL"",""amount"":{""value"":0.05,""currency"":""USD""}}",,douyin|tikhub,,eip155:8453|eip155:143,,False,,https://api.monid.ai/public/v1/providers/tikhub/endpoints/api/v1/douyin/app/v3/fetch_multi_video_v2
tikhub,/api/v1/douyin/app/v3/fetch_music_detail,/api/v1/douyin/app/v3/fetch_music_detail,GET,"{""type"":""PER_CALL"",""amount"":{""value"":0.001,""currency"":""USD""}}",,douyin|tikhub,,eip155:8453|eip155:143,,False,,https://api.monid.ai/public/v1/providers/tikhub/endpoints/api/v1/douyin/app/v3/fetch_music_detail
tikhub,/api/v1/douyin/app/v3/fetch_music_hot_search_list,/api/v1/douyin/app/v3/fetch_music_hot_search_list,GET,"{""type"":""PER_CALL"",""amount"":{""value"":0.001,""currency"":""USD""}}",,douyin|tikhub,,eip155:8453|eip155:143,,False,,https://api.monid.ai/public/v1/providers/tikhub/endpoints/api/v1/douyin/app/v3/fetch_music_hot_search_list
tikhub,/api/v1/douyin/app/v3/fetch_music_video_list,/api/v1/douyin/app/v3/fetch_music_video_list,GET,"{""type"":""PER_CALL"",""amount"":{""value"":0.001,""currency"":""USD""}}",,douyin|tikhub,,eip155:8453|eip155:143,,False,,https://api.monid.ai/public/v1/providers/tikhub/endpoints/api/v1/douyin/app/v3/fetch_music_video_list
tikhub,/api/v1/douyin/app/v3/fetch_one_video,/api/v1/douyin/app/v3/fetch_one_video,GET,"{""type"":""PER_CALL"",""amount"":{""value"":0.001,""currency"":""USD""}}",,douyin|tikhub,,eip155:8453|eip155:143,,False,,https://api.monid.ai/public/v1/providers/tikhub/endpoints/api/v1/douyin/app/v3/fetch_one_video
tikhub,/api/v1/douyin/app/v3/fetch_one_video_by_share_url,/api/v1/douyin/app/v3/fetch_one_video_by_share_url,GET,"{""type"":""PER_CALL"",""amount"":{""value"":0.001,""currency"":""USD""}}",,douyin|tikhub,,eip155:8453|eip155:143,,False,,https://api.monid.ai/public/v1/providers/tikhub/endpoints/api/v1/douyin/app/v3/fetch_one_video_by_share_url
tikhub,/api/v1/douyin/app/v3/fetch_one_video_v2,/api/v1/douyin/app/v3/fetch_one_video_v2,GET,"{""type"":""PER_CALL"",""amount"":{""value"":0.001,""currency"":""USD""}}",,douyin|tikhub,,eip155:8453|eip155:143,,False,,https://api.monid.ai/public/v1/providers/tikhub/endpoints/api/v1/douyin/app/v3/fetch_one_video_v2
tikhub,/api/v1/douyin/app/v3/fetch_one_video_v3,/api/v1/douyin/app/v3/fetch_one_video_v3,GET,"{""type"":""PER_CALL"",""amount"":{""value"":0.001,""currency"":""USD""}}",,douyin|tikhub,,eip155:8453|eip155:143,,False,,https://api.monid.ai/public/v1/providers/tikhub/endpoints/api/v1/douyin/app/v3/fetch_one_video_v3
tikhub,/api/v1/douyin/app/v3/fetch_series_detail,/api/v1/douyin/app/v3/fetch_series_detail,GET,"{""type"":""PER_CALL"",""amount"":{""value"":0.001,""currency"":""USD""}}",,douyin|tikhub,,eip155:8453|eip155:143,,False,,https://api.monid.ai/public/v1/providers/tikhub/endpoints/api/v1/douyin/app/v3/fetch_series_detail
tikhub,/api/v1/douyin/app/v3/fetch_series_video_list,/api/v1/douyin/app/v3/fetch_series_video_list,GET,"{""type"":""PER_CALL"",""amount"":{""value"":0.001,""currency"":""USD""}}",,douyin|tikhub,,eip155:8453|eip155:143,,False,,https://api.monid.ai/public/v1/providers/tikhub/endpoints/api/v1/douyin/app/v3/fetch_series_video_list
tikhub,/api/v1/douyin/app/v3/fetch_share_info_by_share_code,/api/v1/douyin/app/v3/fetch_share_info_by_share_code,GET,"{""type"":""PER_CALL"",""amount"":{""value"":0.001,""currency"":""USD""}}",,douyin|tikhub,,eip155:8453|eip155:143,,False,,https://api.monid.ai/public/v1/providers/tikhub/endpoints/api/v1/douyin/app/v3/fetch_share_info_by_share_code
tikhub,/api/v1/douyin/app/v3/fetch_user_fans_list,/api/v1/douyin/app/v3/fetch_user_fans_list,GET,"{""type"":""PER_CALL"",""amount"":{""value"":0.001,""currency"":""USD""}}",,douyin|tikhub,,eip155:8453|eip155:143,,False,,https://api.monid.ai/public/v1/providers/tikhub/endpoints/api/v1/douyin/app/v3/fetch_user_fans_list
tikhub,/api/v1/douyin/app/v3/fetch_user_like_videos,/api/v1/douyin/app/v3/fetch_user_like_videos,GET,"{""type"":""PER_CALL"",""amount"":{""value"":0.001,""currency"":""USD""}}",,douyin|tikhub,,eip155:8453|eip155:143,,False,,https://api.monid.ai/public/v1/providers/tikhub/endpoints/api/v1/douyin/app/v3/fetch_user_like_videos
tikhub,/api/v1/douyin/app/v3/fetch_user_post_videos,/api/v1/douyin/app/v3/fetch_user_post_videos,GET,"{""type"":""PER_CALL"",""amount"":{""value"":0.001,""currency"":""USD""}}",,douyin|tikhub,,eip155:8453|eip155:143,,False,,https://api.monid.ai/public/v1/providers/tikhub/endpoints/api/v1/douyin/app/v3/fetch_user_post_videos
tikhub,/api/v1/douyin/app/v3/fetch_user_series_list,/api/v1/douyin/app/v3/fetch_user_series_list,GET,"{""type"":""PER_CALL"",""amount"":{""value"":0.001,""currency"":""USD""}}",,douyin|tikhub,,eip155:8453|eip155:143,,False,,https://api.monid.ai/public/v1/providers/tikhub/endpoints/api/v1/douyin/app/v3/fetch_user_series_list
tikhub,/api/v1/douyin/app/v3/fetch_video_comment_replies,/api/v1/douyin/app/v3/fetch_video_comment_replies,GET,"{""type"":""PER_CALL"",""amount"":{""value"":0.001,""currency"":""USD""}}",,douyin|tikhub,,eip155:8453|eip155:143,,False,,https://api.monid.ai/public/v1/providers/tikhub/endpoints/api/v1/douyin/app/v3/fetch_video_comment_replies
tikhub,/api/v1/douyin/app/v3/fetch_video_comments,/api/v1/douyin/app/v3/fetch_video_comments,GET,"{""type"":""PER_CALL"",""amount"":{""value"":0.001,""currency"":""USD""}}",,douyin|tikhub,,eip155:8453|eip155:143,,False,,https://api.monid.ai/public/v1/providers/tikhub/endpoints/api/v1/douyin/app/v3/fetch_video_comments
tikhub,/api/v1/douyin/app/v3/fetch_video_high_quality_play_url,/api/v1/douyin/app/v3/fetch_video_high_quality_play_url,GET,"{""type"":""PER_CALL"",""amount"":{""value"":0.005,""currency"":""USD""}}",,douyin|tikhub,,eip155:8453|eip155:143,,False,,https://api.monid.ai/public/v1/providers/tikhub/endpoints/api/v1/douyin/app/v3/fetch_video_high_quality_play_url
tikhub,/api/v1/douyin/app/v3/fetch_video_mix_detail,/api/v1/douyin/app/v3/fetch_video_mix_detail,GET,"{""type"":""PER_CALL"",""amount"":{""value"":0.001,""currency"":""USD""}}",,douyin|tikhub,,eip155:8453|eip155:143,,False,,https://api.monid.ai/public/v1/providers/tikhub/endpoints/api/v1/douyin/app/v3/fetch_video_mix_detail
tikhub,/api/v1/douyin/app/v3/fetch_video_mix_post_list,/api/v1/douyin/app/v3/fetch_video_mix_post_list,GET,"{""type"":""PER_CALL"",""amount"":{""value"":0.001,""currency"":""USD""}}",,douyin|tikhub,,eip155:8453|eip155:143,,False,,https://api.monid.ai/public/v1/providers/tikhub/endpoints/api/v1/douyin/app/v3/fetch_video_mix_post_list
tikhub,/api/v1/douyin/app/v3/fetch_video_statistics,/api/v1/douyin/app/v3/fetch_video_statistics,GET,"{""type"":""PER_CALL"",""amount"":{""value"":0.001,""currency"":""USD""}}",,douyin|tikhub,,eip155:8453|eip155:143,,False,,https://api.monid.ai/public/v1/providers/tikhub/endpoints/api/v1/douyin/app/v3/fetch_video_statistics
tikhub,/api/v1/douyin/app/v3/generate_douyin_short_url,/api/v1/douyin/app/v3/generate_douyin_short_url,GET,"{""type"":""PER_CALL"",""amount"":{""value"":0.001,""currency"":""USD""}}",,douyin|tikhub,,eip155:8453|eip155:143,,False,,https://api.monid.ai/public/v1/providers/tikhub/endpoints/api/v1/douyin/app/v3/generate_douyin_short_url
tikhub,/api/v1/douyin/app/v3/generate_douyin_video_share_qrcode,/api/v1/douyin/app/v3/generate_douyin_video_share_qrcode,GET,"{""type"":""PER_CALL"",""amount"":{""value"":0.001,""currency"":""USD""}}",,douyin|tikhub,,eip155:8453|eip155:143,,False,,https://api.monid.ai/public/v1/providers/tikhub/endpoints/api/v1/douyin/app/v3/generate_douyin_video_share_qrcode
tikhub,/api/v1/douyin/app/v3/handler_user_profile,/api/v1/douyin/app/v3/handler_user_profile,GET,"{""type"":""PER_CALL"",""amount"":{""value"":0.001,""currency"":""USD""}}",,douyin|tikhub,,eip155:8453|eip155:143,,False,,https://api.monid.ai/public/v1/providers/tikhub/endpoints/api/v1/douyin/app/v3/handler_user_profile
tikhub,/api/v1/douyin/app/v3/open_douyin_app_to_keyword_search,/api/v1/douyin/app/v3/open_douyin_app_to_keyword_search,GET,"{""type"":""PER_CALL"",""amount"":{""value"":0.001,""currency"":""USD""}}",,douyin|tikhub,,eip155:8453|eip155:143,,False,,https://api.monid.ai/public/v1/providers/tikhub/endpoints/api/v1/douyin/app/v3/open_douyin_app_to_keyword_search
tikhub,/api/v1/douyin/app/v3/open_douyin_app_to_send_private_message,/api/v1/douyin/app/v3/open_douyin_app_to_send_private_message,GET,"{""type"":""PER_CALL"",""amount"":{""value"":0.001,""currency"":""USD""}}",,douyin|tikhub,,eip155:8453|eip155:143,,False,,https://api.monid.ai/public/v1/providers/tikhub/endpoints/api/v1/douyin/app/v3/open_douyin_app_to_send_private_message
tikhub,/api/v1/douyin/app/v3/open_douyin_app_to_user_profile,/api/v1/douyin/app/v3/open_douyin_app_to_user_profile,GET,"{""type"":""PER_CALL"",""amount"":{""value"":0.001,""currency"":""USD""}}",,douyin|tikhub,,eip155:8453|eip155:143,,False,,https://api.monid.ai/public/v1/providers/tikhub/endpoints/api/v1/douyin/app/v3/open_douyin_app_to_user_profile
tikhub,/api/v1/douyin/app/v3/open_douyin_app_to_video_detail,/api/v1/douyin/app/v3/open_douyin_app_to_video_detail,GET,"{""type"":""PER_CALL"",""amount"":{""value"":0.001,""currency"":""USD""}}",,douyin|tikhub,,eip155:8453|eip155:143,,False,,https://api.monid.ai/public/v1/providers/tikhub/endpoints/api/v1/douyin/app/v3/open_douyin_app_to_video_detail
tikhub,/api/v1/douyin/app/v3/register_device,/api/v1/douyin/app/v3/register_device,GET,"{""type"":""PER_CALL"",""amount"":{""value"":0.001,""currency"":""USD""}}",,douyin|tikhub,,eip155:8453|eip155:143,,False,,https://api.monid.ai/public/v1/providers/tikhub/endpoints/api/v1/douyin/app/v3/register_device
tikhub,/api/v1/douyin/billboard/fetch_city_list,/api/v1/douyin/billboard/fetch_city_list,GET,"{""type"":""PER_CALL"",""amount"":{""value"":0.001,""currency"":""USD""}}",,douyin|tikhub,,eip155:8453|eip155:143,,False,,https://api.monid.ai/public/v1/providers/tikhub/endpoints/api/v1/douyin/billboard/fetch_city_list
tikhub,/api/v1/douyin/billboard/fetch_content_tag,/api/v1/douyin/billboard/fetch_content_tag,GET,"{""type"":""PER_CALL"",""amount"":{""value"":0.001,""currency"":""USD""}}",,douyin|tikhub,,eip155:8453|eip155:143,,False,,https://api.monid.ai/public/v1/providers/tikhub/endpoints/api/v1/douyin/billboard/fetch_content_tag
tikhub,/api/v1/douyin/billboard/fetch_hot_account_fans_interest_account_list,/api/v1/douyin/billboard/fetch_hot_account_fans_interest_account_list,GET,"{""type"":""PER_CALL"",""amount"":{""value"":0.001,""currency"":""USD""}}",,douyin|tikhub,,eip155:8453|eip155:143,,False,,https://api.monid.ai/public/v1/providers/tikhub/endpoints/api/v1/douyin/billboard/fetch_hot_account_fans_interest_account_list
tikhub,/api/v1/douyin/billboard/fetch_hot_account_fans_interest_search_list,/api/v1/douyin/billboard/fetch_hot_account_fans_interest_search_list,GET,"{""type"":""PER_CALL"",""amount"":{""value"":0.001,""currency"":""USD""}}",,douyin|tikhub,,eip155:8453|eip155:143,,False,,https://api.monid.ai/public/v1/providers/tikhub/endpoints/api/v1/douyin/billboard/fetch_hot_account_fans_interest_search_list
tikhub,/api/v1/douyin/billboard/fetch_hot_account_fans_interest_topic_list,/api/v1/douyin/billboard/fetch_hot_account_fans_interest_topic_list,GET,"{""type"":""PER_CALL"",""amount"":{""value"":0.001,""currency"":""USD""}}",,douyin|tikhub,,eip155:8453|eip155:143,,False,,https://api.monid.ai/public/v1/providers/tikhub/endpoints/api/v1/douyin/billboard/fetch_hot_account_fans_interest_topic_list
tikhub,/api/v1/douyin/billboard/fetch_hot_account_fans_portrait_list,/api/v1/douyin/billboard/fetch_hot_account_fans_portrait_list,GET,"{""type"":""PER_CALL"",""amount"":{""value"":0.001,""currency"":""USD""}}",,douyin|tikhub,,eip155:8453|eip155:143,,False,,https://api.monid.ai/public/v1/providers/tikhub/endpoints/api/v1/douyin/billboard/fetch_hot_account_fans_portrait_list
tikhub,/api/v1/douyin/billboard/fetch_hot_account_item_analysis_list,/api/v1/douyin/billboard/fetch_hot_account_item_analysis_list,GET,"{""type"":""PER_CALL"",""amount"":{""value"":0.001,""currency"":""USD""}}",,douyin|tikhub,,eip155:8453|eip155:143,,False,,https://api.monid.ai/public/v1/providers/tikhub/endpoints/api/v1/douyin/billboard/fetch_hot_account_item_analysis_list
tikhub,/api/v1/douyin/billboard/fetch_hot_account_list,/api/v1/douyin/billboard/fetch_hot_account_list,POST,"{""type"":""PER_CALL"",""amount"":{""value"":0.001,""currency"":""USD""}}",,douyin|tikhub,,eip155:8453|eip155:143,,False,,https://api.monid.ai/public/v1/providers/tikhub/endpoints/api/v1/douyin/billboard/fetch_hot_account_list
tikhub,/api/v1/douyin/billboard/fetch_hot_account_search_list,/api/v1/douyin/billboard/fetch_hot_account_search_list,GET,"{""type"":""PER_CALL"",""amount"":{""value"":0.001,""currency"":""USD""}}",,douyin|tikhub,,eip155:8453|eip155:143,,False,,https://api.monid.ai/public/v1/providers/tikhub/endpoints/api/v1/douyin/billboard/fetch_hot_account_search_list
tikhub,/api/v1/douyin/billboard/fetch_hot_account_trends_list,/api/v1/douyin/billboard/fetch_hot_account_trends_list,GET,"{""type"":""PER_CALL"",""amount"":{""value"":0.001,""currency"":""USD""}}",,douyin|tikhub,,eip155:8453|eip155:143,,False,,https://api.monid.ai/public/v1/providers/tikhub/endpoints/api/v1/douyin/billboard/fetch_hot_account_trends_list
tikhub,/api/v1/douyin/billboard/fetch_hot_calendar_detail,/api/v1/douyin/billboard/fetch_hot_calendar_detail,GET,"{""type"":""PER_CALL"",""amount"":{""value"":0.001,""currency"":""USD""}}",,douyin|tikhub,,eip155:8453|eip155:143,,False,,https://api.monid.ai/public/v1/providers/tikhub/endpoints/api/v1/douyin/billboard/fetch_hot_calendar_detail
tikhub,/api/v1/douyin/billboard/fetch_hot_calendar_list,/api/v1/douyin/billboard/fetch_hot_calendar_list,POST,"{""type"":""PER_CALL"",""amount"":{""value"":0.001,""currency"":""USD""}}",,douyin|tikhub,,eip155:8453|eip155:143,,False,,https://api.monid.ai/public/v1/providers/tikhub/endpoints/api/v1/douyin/billboard/fetch_hot_calendar_list
tikhub,/api/v1/douyin/billboard/fetch_hot_category_list,/api/v1/douyin/billboard/fetch_hot_category_list,GET,"{""type"":""PER_CALL"",""amount"":{""value"":0.001,""currency"":""USD""}}",,douyin|tikhub,,eip155:8453|eip155:143,,False,,https://api.monid.ai/public/v1/providers/tikhub/endpoints/api/v1/douyin/billboard/fetch_hot_category_list
tikhub,/api/v1/douyin/billboard/fetch_hot_challenge_list,/api/v1/douyin/billboard/fetch_hot_challenge_list,GET,"{""type"":""PER_CALL"",""amount"":{""value"":0.001,""currency"":""USD""}}",,douyin|tikhub,,eip155:8453|eip155:143,,False,,https://api.monid.ai/public/v1/providers/tikhub/endpoints/api/v1/douyin/billboard/fetch_hot_challenge_list
tikhub,/api/v1/douyin/billboard/fetch_hot_city_list,/api/v1/douyin/billboard/fetch_hot_city_list,GET,"{""type"":""PER_CALL"",""amount"":{""value"":0.001,""currency"":""USD""}}",,douyin|tikhub,,eip155:8453|eip155:143,,False,,https://api.monid.ai/public/v1/providers/tikhub/endpoints/api/v1/douyin/billboard/fetch_hot_city_list
tikhub,/api/v1/douyin/billboard/fetch_hot_comment_word_list,/api/v1/douyin/billboard/fetch_hot_comment_word_list,GET,"{""type"":""PER_CALL"",""amount"":{""value"":0.001,""currency"":""USD""}}",,douyin|tikhub,,eip155:8453|eip155:143,,False,,https://api.monid.ai/public/v1/providers/tikhub/endpoints/api/v1/douyin/billboard/fetch_hot_comment_word_list
tikhub,/api/v1/douyin/billboard/fetch_hot_item_trends_list,/api/v1/douyin/billboard/fetch_hot_item_trends_list,GET,"{""type"":""PER_CALL"",""amount"":{""value"":0.001,""currency"":""USD""}}",,douyin|tikhub,,eip155:8453|eip155:143,,False,,https://api.monid.ai/public/v1/providers/tikhub/endpoints/api/v1/douyin/billboard/fetch_hot_item_trends_list
tikhub,/api/v1/douyin/billboard/fetch_hot_rise_list,/api/v1/douyin/billboard/fetch_hot_rise_list,GET,"{""type"":""PER_CALL"",""amount"":{""value"":0.001,""currency"":""USD""}}",,douyin|tikhub,,eip155:8453|eip155:143,,False,,https://api.monid.ai/public/v1/providers/tikhub/endpoints/api/v1/douyin/billboard/fetch_hot_rise_list
tikhub,/api/v1/douyin/billboard/fetch_hot_total_high_fan_list,/api/v1/douyin/billboard/fetch_hot_total_high_fan_list,POST,"{""type"":""PER_CALL"",""amount"":{""value"":0.001,""currency"":""USD""}}",,douyin|tikhub,,eip155:8453|eip155:143,,False,,https://api.monid.ai/public/v1/providers/tikhub/endpoints/api/v1/douyin/billboard/fetch_hot_total_high_fan_list
tikhub,/api/v1/douyin/billboard/fetch_hot_total_high_like_list,/api/v1/douyin/billboard/fetch_hot_total_high_like_list,POST,"{""type"":""PER_CALL"",""amount"":{""value"":0.001,""currency"":""USD""}}",,douyin|tikhub,,eip155:8453|eip155:143,,False,,https://api.monid.ai/public/v1/providers/tikhub/endpoints/api/v1/douyin/billboard/fetch_hot_total_high_like_list
tikhub,/api/v1/douyin/billboard/fetch_hot_total_high_play_list,/api/v1/douyin/billboard/fetch_hot_total_high_play_list,POST,"{""type"":""PER_CALL"",""amount"":{""value"":0.001,""currency"":""USD""}}",,douyin|tikhub,,eip155:8453|eip155:143,,False,,https://api.monid.ai/public/v1/providers/tikhub/endpoints/api/v1/douyin/billboard/fetch_hot_total_high_play_list
tikhub,/api/v1/douyin/billboard/fetch_hot_total_high_search_list,/api/v1/douyin/billboard/fetch_hot_total_high_search_list,POST,"{""type"":""PER_CALL"",""amount"":{""value"":0.001,""currency"":""USD""}}",,douyin|tikhub,,eip155:8453|eip155:143,,False,,https://api.monid.ai/public/v1/providers/tikhub/endpoints/api/v1/douyin/billboard/fetch_hot_total_high_search_list
tikhub,/api/v1/douyin/billboard/fetch_hot_total_high_topic_list,/api/v1/douyin/billboard/fetch_hot_total_high_topic_list,POST,"{""type"":""PER_CALL"",""amount"":{""value"":0.001,""currency"":""USD""}}",,douyin|tikhub,,eip155:8453|eip155:143,,False,,https://api.monid.ai/public/v1/providers/tikhub/endpoints/api/v1/douyin/billboard/fetch_hot_total_high_topic_list
tikhub,/api/v1/douyin/billboard/fetch_hot_total_hot_word_detail_list,/api/v1/douyin/billboard/fetch_hot_total_hot_word_detail_list,GET,"{""type"":""PER_CALL"",""amount"":{""value"":0.001,""currency"":""USD""}}",,douyin|tikhub,,eip155:8453|eip155:143,,False,,https://api.monid.ai/public/v1/providers/tikhub/endpoints/api/v1/douyin/billboard/fetch_hot_total_hot_word_detail_list
tikhub,/api/v1/douyin/billboard/fetch_hot_total_hot_word_list,/api/v1/douyin/billboard/fetch_hot_total_hot_word_list,POST,"{""type"":""PER_CALL"",""amount"":{""value"":0.001,""currency"":""USD""}}",,douyin|tikhub,,eip155:8453|eip155:143,,False,,https://api.monid.ai/public/v1/providers/tikhub/endpoints/api/v1/douyin/billboard/fetch_hot_total_hot_word_list
tikhub,/api/v1/douyin/billboard/fetch_hot_total_list,/api/v1/douyin/billboard/fetch_hot_total_list,GET,"{""type"":""PER_CALL"",""amount"":{""value"":0.001,""currency"":""USD""}}",,douyin|tikhub,,eip155:8453|eip155:143,,False,,https://api.monid.ai/public/v1/providers/tikhub/endpoints/api/v1/douyin/billboard/fetch_hot_total_list
tikhub,/api/v1/douyin/billboard/fetch_hot_total_low_fan_list,/api/v1/douyin/billboard/fetch_hot_total_low_fan_list,POST,"{""type"":""PER_CALL"",""amount"":{""value"":0.001,""currency"":""USD""}}",,douyin|tikhub,,eip155:8453|eip155:143,,False,,https://api.monid.ai/public/v1/providers/tikhub/endpoints/api/v1/douyin/billboard/fetch_hot_total_low_fan_list
tikhub,/api/v1/douyin/billboard/fetch_hot_total_search_list,/api/v1/douyin/billboard/fetch_hot_total_search_list,POST,"{""type"":""PER_CALL"",""amount"":{""value"":0.001,""currency"":""USD""}}",,douyin|tikhub,,eip155:8453|eip155:143,,False,,https://api.monid.ai/public/v1/providers/tikhub/endpoints/api/v1/douyin/billboard/fetch_hot_total_search_list
tikhub,/api/v1/douyin/billboard/fetch_hot_total_topic_list,/api/v1/douyin/billboard/fetch_hot_total_topic_list,POST,"{""type"":""PER_CALL"",""amount"":{""value"":0.001,""currency"":""USD""}}",,douyin|tikhub,,eip155:8453|eip155:143,,False,,https://api.monid.ai/public/v1/providers/tikhub/endpoints/api/v1/douyin/billboard/fetch_hot_total_topic_list
tikhub,/api/v1/douyin/billboard/fetch_hot_total_video_list,/api/v1/douyin/billboard/fetch_hot_total_video_list,POST,"{""type"":""PER_CALL"",""amount"":{""value"":0.001,""currency"":""USD""}}",,douyin|tikhub,,eip155:8453|eip155:143,,False,,https://api.monid.ai/public/v1/providers/tikhub/endpoints/api/v1/douyin/billboard/fetch_hot_total_video_list
tikhub,/api/v1/douyin/billboard/fetch_hot_user_portrait_list,/api/v1/douyin/billboard/fetch_hot_user_portrait_list,GET,"{""type"":""PER_CALL"",""amount"":{""value"":0.001,""currency"":""USD""}}",,douyin|tikhub,,eip155:8453|eip155:143,,False,,https://api.monid.ai/public/v1/providers/tikhub/endpoints/api/v1/douyin/billboard/fetch_hot_user_portrait_list
tikhub,/api/v1/douyin/creator/fetch_creator_activity_detail,/api/v1/douyin/creator/fetch_creator_activity_detail,GET,"{""type"":""PER_CALL"",""amount"":{""value"":0.001,""currency"":""USD""}}",,douyin|tikhub,,eip155:8453|eip155:143,,False,,https://api.monid.ai/public/v1/providers/tikhub/endpoints/api/v1/douyin/creator/fetch_creator_activity_detail
tikhub,/api/v1/douyin/creator/fetch_creator_activity_list,/api/v1/douyin/creator/fetch_creator_activity_list,GET,"{""type"":""PER_CALL"",""amount"":{""value"":0.001,""currency"":""USD""}}",,douyin|tikhub,,eip155:8453|eip155:143,,False,,https://api.monid.ai/public/v1/providers/tikhub/endpoints/api/v1/douyin/creator/fetch_creator_activity_list
tikhub,/api/v1/douyin/creator/fetch_creator_content_category,/api/v1/douyin/creator/fetch_creator_content_category,GET,"{""type"":""PER_CALL"",""amount"":{""value"":0.001,""currency"":""USD""}}",,douyin|tikhub,,eip155:8453|eip155:143,,False,,https://api.monid.ai/public/v1/providers/tikhub/endpoints/api/v1/douyin/creator/fetch_creator_content_category
tikhub,/api/v1/douyin/creator/fetch_creator_content_course,/api/v1/douyin/creator/fetch_creator_content_course,GET,"{""type"":""PER_CALL"",""amount"":{""value"":0.001,""currency"":""USD""}}",,douyin|tikhub,,eip155:8453|eip155:143,,False,,https://api.monid.ai/public/v1/providers/tikhub/endpoints/api/v1/douyin/creator/fetch_creator_content_course
tikhub,/api/v1/douyin/creator/fetch_creator_hot_challenge_billboard,/api/v1/douyin/creator/fetch_creator_hot_challenge_billboard,GET,"{""type"":""PER_CALL"",""amount"":{""value"":0.001,""currency"":""USD""}}",,douyin|tikhub,,eip155:8453|eip155:143,,False,,https://api.monid.ai/public/v1/providers/tikhub/endpoints/api/v1/douyin/creator/fetch_creator_hot_challenge_billboard
tikhub,/api/v1/douyin/creator/fetch_creator_hot_course,/api/v1/douyin/creator/fetch_creator_hot_course,GET,"{""type"":""PER_CALL"",""amount"":{""value"":0.001,""currency"":""USD""}}",,douyin|tikhub,,eip155:8453|eip155:143,,False,,https://api.monid.ai/public/v1/providers/tikhub/endpoints/api/v1/douyin/creator/fetch_creator_hot_course
tikhub,/api/v1/douyin/creator/fetch_creator_hot_music_billboard,/api/v1/douyin/creator/fetch_creator_hot_music_billboard,GET,"{""type"":""PER_CALL"",""amount"":{""value"":0.001,""currency"":""USD""}}",,douyin|tikhub,,eip155:8453|eip155:143,,False,,https://api.monid.ai/public/v1/providers/tikhub/endpoints/api/v1/douyin/creator/fetch_creator_hot_music_billboard
tikhub,/api/v1/douyin/creator/fetch_creator_hot_props_billboard,/api/v1/douyin/creator/fetch_creator_hot_props_billboard,GET,"{""type"":""PER_CALL"",""amount"":{""value"":0.001,""currency"":""USD""}}",,douyin|tikhub,,eip155:8453|eip155:143,,False,,https://api.monid.ai/public/v1/providers/tikhub/endpoints/api/v1/douyin/creator/fetch_creator_hot_props_billboard
tikhub,/api/v1/douyin/creator/fetch_creator_hot_spot_billboard,/api/v1/douyin/creator/fetch_creator_hot_spot_billboard,GET,"{""type"":""PER_CALL"",""amount"":{""value"":0.001,""currency"":""USD""}}",,douyin|tikhub,,eip155:8453|eip155:143,,False,,https://api.monid.ai/public/v1/providers/tikhub/endpoints/api/v1/douyin/creator/fetch_creator_hot_spot_billboard
tikhub,/api/v1/douyin/creator/fetch_creator_hot_topic_billboard,/api/v1/douyin/creator/fetch_creator_hot_topic_billboard,GET,"{""type"":""PER_CALL"",""amount"":{""value"":0.001,""currency"":""USD""}}",,douyin|tikhub,,eip155:8453|eip155:143,,False,,https://api.monid.ai/public/v1/providers/tikhub/endpoints/api/v1/douyin/creator/fetch_creator_hot_topic_billboard
tikhub,/api/v1/douyin/creator/fetch_creator_material_center_billboard,/api/v1/douyin/creator/fetch_creator_material_center_billboard,GET,"{""type"":""PER_CALL"",""amount"":{""value"":0.001,""currency"":""USD""}}",,douyin|tikhub,,eip155:8453|eip155:143,,False,,https://api.monid.ai/public/v1/providers/tikhub/endpoints/api/v1/douyin/creator/fetch_creator_material_center_billboard
tikhub,/api/v1/douyin/creator/fetch_creator_material_center_config,/api/v1/douyin/creator/fetch_creator_material_center_config,GET,"{""type"":""PER_CALL"",""amount"":{""value"":0.001,""currency"":""USD""}}",,douyin|tikhub,,eip155:8453|eip155:143,,False,,https://api.monid.ai/public/v1/providers/tikhub/endpoints/api/v1/douyin/creator/fetch_creator_material_center_config
tikhub,/api/v1/douyin/creator/fetch_creator_material_center_related,/api/v1/douyin/creator/fetch_creator_material_center_related,GET,"{""type"":""PER_CALL"",""amount"":{""value"":0.001,""currency"":""USD""}}",,douyin|tikhub,,eip155:8453|eip155:143,,False,,https://api.monid.ai/public/v1/providers/tikhub/endpoints/api/v1/douyin/creator/fetch_creator_material_center_related
tikhub,/api/v1/douyin/creator/fetch_industry_category_config,/api/v1/douyin/creator/fetch_industry_category_config,GET,"{""type"":""PER_CALL"",""amount"":{""value"":0.001,""currency"":""USD""}}",,douyin|tikhub,,eip155:8453|eip155:143,,False,,https://api.monid.ai/public/v1/providers/tikhub/endpoints/api/v1/douyin/creator/fetch_industry_category_config
tikhub,/api/v1/douyin/creator/fetch_mission_task_list,/api/v1/douyin/creator/fetch_mission_task_list,GET,"{""type"":""PER_CALL"",""amount"":{""value"":0.001,""currency"":""USD""}}",,douyin|tikhub,,eip155:8453|eip155:143,,False,,https://api.monid.ai/public/v1/providers/tikhub/endpoints/api/v1/douyin/creator/fetch_mission_task_list
tikhub,/api/v1/douyin/creator/fetch_user_search,/api/v1/douyin/creator/fetch_user_search,GET,"{""type"":""PER_CALL"",""amount"":{""value"":0.001,""currency"":""USD""}}",,douyin|tikhub,,eip155:8453|eip155:143,,False,,https://api.monid.ai/public/v1/providers/tikhub/endpoints/api/v1/douyin/creator/fetch_user_search
tikhub,/api/v1/douyin/creator/fetch_video_danmaku_list,/api/v1/douyin/creator/fetch_video_danmaku_list,GET,"{""type"":""PER_CALL"",""amount"":{""value"":0.001,""currency"":""USD""}}",,douyin|tikhub,,eip155:8453|eip155:143,,False,,https://api.monid.ai/public/v1/providers/tikhub/endpoints/api/v1/douyin/creator/fetch_video_danmaku_list
tikhub,/api/v1/douyin/douplus/calculate_cost,/api/v1/douyin/douplus/calculate_cost,POST,"{""type"":""PER_CALL"",""amount"":{""value"":0.001,""currency"":""USD""}}",,douyin|tikhub,,eip155:8453|eip155:143,,False,,https://api.monid.ai/public/v1/providers/tikhub/endpoints/api/v1/douyin/douplus/calculate_cost
tikhub,/api/v1/douyin/douplus/fetch_analyse_detail,/api/v1/douyin/douplus/fetch_analyse_detail,POST,"{""type"":""PER_CALL"",""amount"":{""value"":0.001,""currency"":""USD""}}",,douyin|tikhub,,eip155:8453|eip155:143,,False,,https://api.monid.ai/public/v1/providers/tikhub/endpoints/api/v1/douyin/douplus/fetch_analyse_detail
tikhub,/api/v1/douyin/douplus/fetch_analyse_graph,/api/v1/douyin/douplus/fetch_analyse_graph,POST,"{""type"":""PER_CALL"",""amount"":{""value"":0.001,""currency"":""USD""}}",,douyin|tikhub,,eip155:8453|eip155:143,,False,,https://api.monid.ai/public/v1/providers/tikhub/endpoints/api/v1/douyin/douplus/fetch_analyse_graph
tikhub,/api/v1/douyin/douplus/fetch_analyse_overview,/api/v1/douyin/douplus/fetch_analyse_overview,POST,"{""type"":""PER_CALL"",""amount"":{""value"":0.001,""currency"":""USD""}}",,douyin|tikhub,,eip155:8453|eip155:143,,False,,https://api.monid.ai/public/v1/providers/tikhub/endpoints/api/v1/douyin/douplus/fetch_analyse_overview
tikhub,/api/v1/douyin/douplus/fetch_promotable_item_list,/api/v1/douyin/douplus/fetch_promotable_item_list,POST,"{""type"":""PER_CALL"",""amount"":{""value"":0.001,""currency"":""USD""}}",,douyin|tikhub,,eip155:8453|eip155:143,,False,,https://api.monid.ai/public/v1/providers/tikhub/endpoints/api/v1/douyin/douplus/fetch_promotable_item_list
tikhub,/api/v1/douyin/douplus/fetch_promoted_accounts,/api/v1/douyin/douplus/fetch_promoted_accounts,POST,"{""type"":""PER_CALL"",""amount"":{""value"":0.001,""currency"":""USD""}}",,douyin|tikhub,,eip155:8453|eip155:143,,False,,https://api.monid.ai/public/v1/providers/tikhub/endpoints/api/v1/douyin/douplus/fetch_promoted_accounts
tikhub,/api/v1/douyin/douplus/fetch_sec_token,/api/v1/douyin/douplus/fetch_sec_token,POST,"{""type"":""PER_CALL"",""amount"":{""value"":0.001,""currency"":""USD""}}",,douyin|tikhub,,eip155:8453|eip155:143,,False,,https://api.monid.ai/public/v1/providers/tikhub/endpoints/api/v1/douyin/douplus/fetch_sec_token
tikhub,/api/v1/douyin/douplus/fetch_talent_categories,/api/v1/douyin/douplus/fetch_talent_categories,POST,"{""type"":""PER_CALL"",""amount"":{""value"":0.001,""currency"":""USD""}}",,douyin|tikhub,,eip155:8453|eip155:143,,False,,https://api.monid.ai/public/v1/providers/tikhub/endpoints/api/v1/douyin/douplus/fetch_talent_categories
tikhub,/api/v1/douyin/douplus/fetch_talents_by_category,/api/v1/douyin/douplus/fetch_talents_by_category,POST,"{""type"":""PER_CALL"",""amount"":{""value"":0.001,""currency"":""USD""}}",,douyin|tikhub,,eip155:8453|eip155:143,,False,,https://api.monid.ai/public/v1/providers/tikhub/endpoints/api/v1/douyin/douplus/fetch_talents_by_category
tikhub,/api/v1/douyin/douplus/fetch_user_posts,/api/v1/douyin/douplus/fetch_user_posts,POST,"{""type"":""PER_CALL"",""amount"":{""value"":0.001,""currency"":""USD""}}",,douyin|tikhub,,eip155:8453|eip155:143,,False,,https://api.monid.ai/public/v1/providers/tikhub/endpoints/api/v1/douyin/douplus/fetch_user_posts
tikhub,/api/v1/douyin/douplus/fetch_video_detail,/api/v1/douyin/douplus/fetch_video_detail,POST,"{""type"":""PER_CALL"",""amount"":{""value"":0.001,""currency"":""USD""}}",,douyin|tikhub,,eip155:8453|eip155:143,,False,,https://api.monid.ai/public/v1/providers/tikhub/endpoints/api/v1/douyin/douplus/fetch_video_detail
tikhub,/api/v1/douyin/douplus/fetch_video_ranking,/api/v1/douyin/douplus/fetch_video_ranking,POST,"{""type"":""PER_CALL"",""amount"":{""value"":0.001,""currency"":""USD""}}",,douyin|tikhub,,eip155:8453|eip155:143,,False,,https://api.monid.ai/public/v1/providers/tikhub/endpoints/api/v1/douyin/douplus/fetch_video_ranking
tikhub,/api/v1/douyin/douplus/search_live_room,/api/v1/douyin/douplus/search_live_room,POST,"{""type"":""PER_CALL"",""amount"":{""value"":0.001,""currency"":""USD""}}",,douyin|tikhub,,eip155:8453|eip155:143,,False,,https://api.monid.ai/public/v1/providers/tikhub/endpoints/api/v1/douyin/douplus/search_live_room
tikhub,/api/v1/douyin/douplus/search_user,/api/v1/douyin/douplus/search_user,POST,"{""type"":""PER_CALL"",""amount"":{""value"":0.001,""currency"":""USD""}}",,douyin|tikhub,,eip155:8453|eip155:143,,False,,https://api.monid.ai/public/v1/providers/tikhub/endpoints/api/v1/douyin/douplus/search_user
tikhub,/api/v1/douyin/douplus/search_user_v2,/api/v1/douyin/douplus/search_user_v2,POST,"{""type"":""PER_CALL"",""amount"":{""value"":0.001,""currency"":""USD""}}",,douyin|tikhub,,eip155:8453|eip155:143,,False,,https://api.monid.ai/public/v1/providers/tikhub/endpoints/api/v1/douyin/douplus/search_user_v2
tikhub,/api/v1/douyin/douplus/search_video,/api/v1/douyin/douplus/search_video,POST,"{""type"":""PER_CALL"",""amount"":{""value"":0.001,""currency"":""USD""}}",,douyin|tikhub,,eip155:8453|eip155:143,,False,,https://api.monid.ai/public/v1/providers/tikhub/endpoints/api/v1/douyin/douplus/search_video
tikhub,/api/v1/douyin/index/fetch_all_area,/api/v1/douyin/index/fetch_all_area,GET,"{""type"":""PER_CALL"",""amount"":{""value"":0.001,""currency"":""USD""}}",,douyin|tikhub,,eip155:8453|eip155:143,,False,,https://api.monid.ai/public/v1/providers/tikhub/endpoints/api/v1/douyin/index/fetch_all_area
tikhub,/api/v1/douyin/index/fetch_all_valid_date,/api/v1/douyin/index/fetch_all_valid_date,GET,"{""type"":""PER_CALL"",""amount"":{""value"":0.001,""currency"":""USD""}}",,douyin|tikhub,,eip155:8453|eip155:143,,False,,https://api.monid.ai/public/v1/providers/tikhub/endpoints/api/v1/douyin/index/fetch_all_valid_date
tikhub,/api/v1/douyin/index/fetch_brand_cycles,/api/v1/douyin/index/fetch_brand_cycles,POST,"{""type"":""PER_CALL"",""amount"":{""value"":0.001,""currency"":""USD""}}",,douyin|tikhub,,eip155:8453|eip155:143,,False,,https://api.monid.ai/public/v1/providers/tikhub/endpoints/api/v1/douyin/index/fetch_brand_cycles
tikhub,/api/v1/douyin/index/fetch_brand_hot_videos_time_scope,/api/v1/douyin/index/fetch_brand_hot_videos_time_scope,POST,"{""type"":""PER_CALL"",""amount"":{""value"":0.001,""currency"":""USD""}}",,douyin|tikhub,,eip155:8453|eip155:143,,False,,https://api.monid.ai/public/v1/providers/tikhub/endpoints/api/v1/douyin/index/fetch_brand_hot_videos_time_scope
tikhub,/api/v1/douyin/index/fetch_brand_initiative_rank_weekly,/api/v1/douyin/index/fetch_brand_initiative_rank_weekly,POST,"{""type"":""PER_CALL"",""amount"":{""value"":0.001,""currency"":""USD""}}",,douyin|tikhub,,eip155:8453|eip155:143,,False,,https://api.monid.ai/public/v1/providers/tikhub/endpoints/api/v1/douyin/index/fetch_brand_initiative_rank_weekly
tikhub,/api/v1/douyin/index/fetch_brand_lines,/api/v1/douyin/index/fetch_brand_lines,POST,"{""type"":""PER_CALL"",""amount"":{""value"":0.001,""currency"":""USD""}}",,douyin|tikhub,,eip155:8453|eip155:143,,False,,https://api.monid.ai/public/v1/providers/tikhub/endpoints/api/v1/douyin/index/fetch_brand_lines
tikhub,/api/v1/douyin/index/fetch_brand_radar_chart,/api/v1/douyin/index/fetch_brand_radar_chart,POST,"{""type"":""PER_CALL"",""amount"":{""value"":0.001,""currency"":""USD""}}",,douyin|tikhub,,eip155:8453|eip155:143,,False,,https://api.monid.ai/public/v1/providers/tikhub/endpoints/api/v1/douyin/index/fetch_brand_radar_chart
tikhub,/api/v1/douyin/index/fetch_brand_suggest,/api/v1/douyin/index/fetch_brand_suggest,POST,"{""type"":""PER_CALL"",""amount"":{""value"":0.001,""currency"":""USD""}}",,douyin|tikhub,,eip155:8453|eip155:143,,False,,https://api.monid.ai/public/v1/providers/tikhub/endpoints/api/v1/douyin/index/fetch_brand_suggest
tikhub,/api/v1/douyin/index/fetch_brand_valid_info,/api/v1/douyin/index/fetch_brand_valid_info,POST,"{""type"":""PER_CALL"",""amount"":{""value"":0.001,""currency"":""USD""}}",,douyin|tikhub,,eip155:8453|eip155:143,,False,,https://api.monid.ai/public/v1/providers/tikhub/endpoints/api/v1/douyin/index/fetch_brand_valid_info
tikhub,/api/v1/douyin/index/fetch_content_author_portrait,/api/v1/douyin/index/fetch_content_author_portrait,POST,"{""type"":""PER_CALL"",""amount"":{""value"":0.001,""currency"":""USD""}}",,douyin|tikhub,,eip155:8453|eip155:143,,False,,https://api.monid.ai/public/v1/providers/tikhub/endpoints/api/v1/douyin/index/fetch_content_author_portrait
tikhub,/api/v1/douyin/index/fetch_content_consume_trend,/api/v1/douyin/index/fetch_content_consume_trend,POST,"{""type"":""PER_CALL"",""amount"":{""value"":0.001,""currency"":""USD""}}",,douyin|tikhub,,eip155:8453|eip155:143,,False,,https://api.monid.ai/public/v1/providers/tikhub/endpoints/api/v1/douyin/index/fetch_content_consume_trend
tikhub,/api/v1/douyin/index/fetch_content_consumer_portrait,/api/v1/douyin/index/fetch_content_consumer_portrait,POST,"{""type"":""PER_CALL"",""amount"":{""value"":0.001,""currency"":""USD""}}",,douyin|tikhub,,eip155:8453|eip155:143,,False,,https://api.monid.ai/public/v1/providers/tikhub/endpoints/api/v1/douyin/index/fetch_content_consumer_portrait
tikhub,/api/v1/douyin/index/fetch_content_creative_duration,/api/v1/douyin/index/fetch_content_creative_duration,POST,"{""type"":""PER_CALL"",""amount"":{""value"":0.001,""currency"":""USD""}}",,douyin|tikhub,,eip155:8453|eip155:143,,False,,https://api.monid.ai/public/v1/providers/tikhub/endpoints/api/v1/douyin/index/fetch_content_creative_duration
tikhub,/api/v1/douyin/index/fetch_content_creative_keyword_items,/api/v1/douyin/index/fetch_content_creative_keyword_items,POST,"{""type"":""PER_CALL"",""amount"":{""value"":0.001,""currency"":""USD""}}",,douyin|tikhub,,eip155:8453|eip155:143,,False,,https://api.monid.ai/public/v1/providers/tikhub/endpoints/api/v1/douyin/index/fetch_content_creative_keyword_items
tikhub,/api/v1/douyin/index/fetch_content_creative_keywords,/api/v1/douyin/index/fetch_content_creative_keywords,POST,"{""type"":""PER_CALL"",""amount"":{""value"":0.001,""currency"":""USD""}}",,douyin|tikhub,,eip155:8453|eip155:143,,False,,https://api.monid.ai/public/v1/providers/tikhub/endpoints/api/v1/douyin/index/fetch_content_creative_keywords
tikhub,/api/v1/douyin/index/fetch_content_creative_topic,/api/v1/douyin/index/fetch_content_creative_topic,POST,"{""type"":""PER_CALL"",""amount"":{""value"":0.001,""currency"":""USD""}}",,douyin|tikhub,,eip155:8453|eip155:143,,False,,https://api.monid.ai/public/v1/providers/tikhub/endpoints/api/v1/douyin/index/fetch_content_creative_topic
tikhub,/api/v1/douyin/index/fetch_content_interact_trend,/api/v1/douyin/index/fetch_content_interact_trend,POST,"{""type"":""PER_CALL"",""amount"":{""value"":0.001,""currency"":""USD""}}",,douyin|tikhub,,eip155:8453|eip155:143,,False,,https://api.monid.ai/public/v1/providers/tikhub/endpoints/api/v1/douyin/index/fetch_content_interact_trend
tikhub,/api/v1/douyin/index/fetch_content_publish_trend,/api/v1/douyin/index/fetch_content_publish_trend,GET,"{""type"":""PER_CALL"",""amount"":{""value"":0.001,""currency"":""USD""}}",,douyin|tikhub,,eip155:8453|eip155:143,,False,,https://api.monid.ai/public/v1/providers/tikhub/endpoints/api/v1/douyin/index/fetch_content_publish_trend
tikhub,/api/v1/douyin/index/fetch_content_valid_date,/api/v1/douyin/index/fetch_content_valid_date,GET,"{""type"":""PER_CALL"",""amount"":{""value"":0.001,""currency"":""USD""}}",,douyin|tikhub,,eip155:8453|eip155:143,,False,,https://api.monid.ai/public/v1/providers/tikhub/endpoints/api/v1/douyin/index/fetch_content_valid_date
tikhub,/api/v1/douyin/index/fetch_current_hot_topic,/api/v1/douyin/index/fetch_current_hot_topic,GET,"{""type"":""PER_CALL"",""amount"":{""value"":0.001,""currency"":""USD""}}",,douyin|tikhub,,eip155:8453|eip155:143,,False,,https://api.monid.ai/public/v1/providers/tikhub/endpoints/api/v1/douyin/index/fetch_current_hot_topic
tikhub,/api/v1/douyin/index/fetch_daren_compare_users_stable,/api/v1/douyin/index/fetch_daren_compare_users_stable,POST,"{""type"":""PER_CALL"",""amount"":{""value"":0.001,""currency"":""USD""}}",,douyin|tikhub,,eip155:8453|eip155:143,,False,,https://api.monid.ai/public/v1/providers/tikhub/endpoints/api/v1/douyin/index/fetch_daren_compare_users_stable
tikhub,/api/v1/douyin/index/fetch_daren_great_item_mile_info,/api/v1/douyin/index/fetch_daren_great_item_mile_info,POST,"{""type"":""PER_CALL"",""amount"":{""value"":0.001,""currency"":""USD""}}",,douyin|tikhub,,eip155:8453|eip155:143,,False,,https://api.monid.ai/public/v1/providers/tikhub/endpoints/api/v1/douyin/index/fetch_daren_great_item_mile_info
tikhub,/api/v1/douyin/index/fetch_daren_great_user_fans_info,/api/v1/douyin/index/fetch_daren_great_user_fans_info,POST,"{""type"":""PER_CALL"",""amount"":{""value"":0.001,""currency"":""USD""}}",,douyin|tikhub,,eip155:8453|eip155:143,,False,,https://api.monid.ai/public/v1/providers/tikhub/endpoints/api/v1/douyin/index/fetch_daren_great_user_fans_info
tikhub,/api/v1/douyin/index/fetch_daren_great_user_top_video,/api/v1/douyin/index/fetch_daren_great_user_top_video,POST,"{""type"":""PER_CALL"",""amount"":{""value"":0.001,""currency"":""USD""}}",,douyin|tikhub,,eip155:8453|eip155:143,,False,,https://api.monid.ai/public/v1/providers/tikhub/endpoints/api/v1/douyin/index/fetch_daren_great_user_top_video
tikhub,/api/v1/douyin/index/fetch_daren_similar_users,/api/v1/douyin/index/fetch_daren_similar_users,POST,"{""type"":""PER_CALL"",""amount"":{""value"":0.001,""currency"":""USD""}}",,douyin|tikhub,,eip155:8453|eip155:143,,False,,https://api.monid.ai/public/v1/providers/tikhub/endpoints/api/v1/douyin/index/fetch_daren_similar_users
tikhub,/api/v1/douyin/index/fetch_daren_sug_great_user_list,/api/v1/douyin/index/fetch_daren_sug_great_user_list,POST,"{""type"":""PER_CALL"",""amount"":{""value"":0.001,""currency"":""USD""}}",,douyin|tikhub,,eip155:8453|eip155:143,,False,,https://api.monid.ai/public/v1/providers/tikhub/endpoints/api/v1/douyin/index/fetch_daren_sug_great_user_list
tikhub,/api/v1/douyin/index/fetch_encrypt_user_id,/api/v1/douyin/index/fetch_encrypt_user_id,GET,"{""type"":""PER_CALL"",""amount"":{""value"":0.001,""currency"":""USD""}}",,douyin|tikhub,,eip155:8453|eip155:143,,False,,https://api.monid.ai/public/v1/providers/tikhub/endpoints/api/v1/douyin/index/fetch_encrypt_user_id
tikhub,/api/v1/douyin/index/fetch_get_user_sub_word,/api/v1/douyin/index/fetch_get_user_sub_word,POST,"{""type"":""PER_CALL"",""amount"":{""value"":0.001,""currency"":""USD""}}",,douyin|tikhub,,eip155:8453|eip155:143,,False,,https://api.monid.ai/public/v1/providers/tikhub/endpoints/api/v1/douyin/index/fetch_get_user_sub_word
tikhub,/api/v1/douyin/index/fetch_hot_detail,/api/v1/douyin/index/fetch_hot_detail,GET,"{""type"":""PER_CALL"",""amount"":{""value"":0.001,""currency"":""USD""}}",,douyin|tikhub,,eip155:8453|eip155:143,,False,,https://api.monid.ai/public/v1/providers/tikhub/endpoints/api/v1/douyin/index/fetch_hot_detail
tikhub,/api/v1/douyin/index/fetch_hot_trend_word,/api/v1/douyin/index/fetch_hot_trend_word,GET,"{""type"":""PER_CALL"",""amount"":{""value"":0.001,""currency"":""USD""}}",,douyin|tikhub,,eip155:8453|eip155:143,,False,,https://api.monid.ai/public/v1/providers/tikhub/endpoints/api/v1/douyin/index/fetch_hot_trend_word
tikhub,/api/v1/douyin/index/fetch_hot_words,/api/v1/douyin/index/fetch_hot_words,GET,"{""type"":""PER_CALL"",""amount"":{""value"":0.001,""currency"":""USD""}}",,douyin|tikhub,,eip155:8453|eip155:143,,False,,https://api.monid.ai/public/v1/providers/tikhub/endpoints/api/v1/douyin/index/fetch_hot_words
tikhub,/api/v1/douyin/index/fetch_insight_get_rec,/api/v1/douyin/index/fetch_insight_get_rec,GET,"{""type"":""PER_CALL"",""amount"":{""value"":0.001,""currency"":""USD""}}",,douyin|tikhub,,eip155:8453|eip155:143,,False,,https://api.monid.ai/public/v1/providers/tikhub/endpoints/api/v1/douyin/index/fetch_insight_get_rec
tikhub,/api/v1/douyin/index/fetch_insight_recommend,/api/v1/douyin/index/fetch_insight_recommend,GET,"{""type"":""PER_CALL"",""amount"":{""value"":0.001,""currency"":""USD""}}",,douyin|tikhub,,eip155:8453|eip155:143,,False,,https://api.monid.ai/public/v1/providers/tikhub/endpoints/api/v1/douyin/index/fetch_insight_recommend
tikhub,/api/v1/douyin/index/fetch_item_analysis,/api/v1/douyin/index/fetch_item_analysis,POST,"{""type"":""PER_CALL"",""amount"":{""value"":0.001,""currency"":""USD""}}",,douyin|tikhub,,eip155:8453|eip155:143,,False,,https://api.monid.ai/public/v1/providers/tikhub/endpoints/api/v1/douyin/index/fetch_item_analysis
tikhub,/api/v1/douyin/index/fetch_item_base,/api/v1/douyin/index/fetch_item_base,POST,"{""type"":""PER_CALL"",""amount"":{""value"":0.001,""currency"":""USD""}}",,douyin|tikhub,,eip155:8453|eip155:143,,False,,https://api.monid.ai/public/v1/providers/tikhub/endpoints/api/v1/douyin/index/fetch_item_base
tikhub,/api/v1/douyin/index/fetch_item_filter_options,/api/v1/douyin/index/fetch_item_filter_options,GET,"{""type"":""PER_CALL"",""amount"":{""value"":0.001,""currency"":""USD""}}",,douyin|tikhub,,eip155:8453|eip155:143,,False,,https://api.monid.ai/public/v1/providers/tikhub/endpoints/api/v1/douyin/index/fetch_item_filter_options
tikhub,/api/v1/douyin/index/fetch_item_index,/api/v1/douyin/index/fetch_item_index,POST,"{""type"":""PER_CALL"",""amount"":{""value"":0.001,""currency"":""USD""}}",,douyin|tikhub,,eip155:8453|eip155:143,,False,,https://api.monid.ai/public/v1/providers/tikhub/endpoints/api/v1/douyin/index/fetch_item_index
tikhub,/api/v1/douyin/index/fetch_item_index_interpret,/api/v1/douyin/index/fetch_item_index_interpret,POST,"{""type"":""PER_CALL"",""amount"":{""value"":0.001,""currency"":""USD""}}",,douyin|tikhub,,eip155:8453|eip155:143,,False,,https://api.monid.ai/public/v1/providers/tikhub/endpoints/api/v1/douyin/index/fetch_item_index_interpret
tikhub,/api/v1/douyin/index/fetch_item_query,/api/v1/douyin/index/fetch_item_query,POST,"{""type"":""PER_CALL"",""amount"":{""value"":0.001,""currency"":""USD""}}",,douyin|tikhub,,eip155:8453|eip155:143,,False,,https://api.monid.ai/public/v1/providers/tikhub/endpoints/api/v1/douyin/index/fetch_item_query
tikhub,/api/v1/douyin/index/fetch_item_sug,/api/v1/douyin/index/fetch_item_sug,POST,"{""type"":""PER_CALL"",""amount"":{""value"":0.001,""currency"":""USD""}}",,douyin|tikhub,,eip155:8453|eip155:143,,False,,https://api.monid.ai/public/v1/providers/tikhub/endpoints/api/v1/douyin/index/fetch_item_sug
tikhub,/api/v1/douyin/index/fetch_item_user_profile,/api/v1/douyin/index/fetch_item_user_profile,POST,"{""type"":""PER_CALL"",""amount"":{""value"":0.001,""currency"":""USD""}}",,douyin|tikhub,,eip155:8453|eip155:143,,False,,https://api.monid.ai/public/v1/providers/tikhub/endpoints/api/v1/douyin/index/fetch_item_user_profile
tikhub,/api/v1/douyin/index/fetch_keyword_valid_date,/api/v1/douyin/index/fetch_keyword_valid_date,POST,"{""type"":""PER_CALL"",""amount"":{""value"":0.001,""currency"":""USD""}}",,douyin|tikhub,,eip155:8453|eip155:143,,False,,https://api.monid.ai/public/v1/providers/tikhub/endpoints/api/v1/douyin/index/fetch_keyword_valid_date
tikhub,/api/v1/douyin/index/fetch_multi_keyword_hot_trend,/api/v1/douyin/index/fetch_multi_keyword_hot_trend,POST,"{""type"":""PER_CALL"",""amount"":{""value"":0.003,""currency"":""USD""}}",,douyin|tikhub,,eip155:8453|eip155:143,,False,,https://api.monid.ai/public/v1/providers/tikhub/endpoints/api/v1/douyin/index/fetch_multi_keyword_hot_trend
tikhub,/api/v1/douyin/index/fetch_multi_keyword_interpretation,/api/v1/douyin/index/fetch_multi_keyword_interpretation,POST,"{""type"":""PER_CALL"",""amount"":{""value"":0.001,""currency"":""USD""}}",,douyin|tikhub,,eip155:8453|eip155:143,,False,,https://api.monid.ai/public/v1/providers/tikhub/endpoints/api/v1/douyin/index/fetch_multi_keyword_interpretation
tikhub,/api/v1/douyin/index/fetch_portrait,/api/v1/douyin/index/fetch_portrait,POST,"{""type"":""PER_CALL"",""amount"":{""value"":0.001,""currency"":""USD""}}",,douyin|tikhub,,eip155:8453|eip155:143,,False,,https://api.monid.ai/public/v1/providers/tikhub/endpoints/api/v1/douyin/index/fetch_portrait
tikhub,/api/v1/douyin/index/fetch_relation_word,/api/v1/douyin/index/fetch_relation_word,POST,"{""type"":""PER_CALL"",""amount"":{""value"":0.001,""currency"":""USD""}}",,douyin|tikhub,,eip155:8453|eip155:143,,False,,https://api.monid.ai/public/v1/providers/tikhub/endpoints/api/v1/douyin/index/fetch_relation_word
tikhub,/api/v1/douyin/index/fetch_report_detail,/api/v1/douyin/index/fetch_report_detail,GET,"{""type"":""PER_CALL"",""amount"":{""value"":0.001,""currency"":""USD""}}",,douyin|tikhub,,eip155:8453|eip155:143,,False,,https://api.monid.ai/public/v1/providers/tikhub/endpoints/api/v1/douyin/index/fetch_report_detail
tikhub,/api/v1/douyin/index/fetch_report_search,/api/v1/douyin/index/fetch_report_search,POST,"{""type"":""PER_CALL"",""amount"":{""value"":0.001,""currency"":""USD""}}",,douyin|tikhub,,eip155:8453|eip155:143,,False,,https://api.monid.ai/public/v1/providers/tikhub/endpoints/api/v1/douyin/index/fetch_report_search
tikhub,/api/v1/douyin/index/fetch_topic_query,/api/v1/douyin/index/fetch_topic_query,POST,"{""type"":""PER_CALL"",""amount"":{""value"":0.001,""currency"":""USD""}}",,douyin|tikhub,,eip155:8453|eip155:143,,False,,https://api.monid.ai/public/v1/providers/tikhub/endpoints/api/v1/douyin/index/fetch_topic_query
tikhub,/api/v1/douyin/index/fetch_topic_suggest,/api/v1/douyin/index/fetch_topic_suggest,POST,"{""type"":""PER_CALL"",""amount"":{""value"":0.001,""currency"":""USD""}}",,douyin|tikhub,,eip155:8453|eip155:143,,False,,https://api.monid.ai/public/v1/providers/tikhub/endpoints/api/v1/douyin/index/fetch_topic_suggest
tikhub,/api/v1/douyin/index/fetch_valid_date_for_relation,/api/v1/douyin/index/fetch_valid_date_for_relation,GET,"{""type"":""PER_CALL"",""amount"":{""value"":0.001,""currency"":""USD""}}",,douyin|tikhub,,eip155:8453|eip155:143,,False,,https://api.monid.ai/public/v1/providers/tikhub/endpoints/api/v1/douyin/index/fetch_valid_date_for_relation
tikhub,/api/v1/douyin/search/fetch_challenge_search_v1,/api/v1/douyin/search/fetch_challenge_search_v1,POST,"{""type"":""PER_CALL"",""amount"":{""value"":0.01,""currency"":""USD""}}",,douyin|tikhub,,eip155:8453|eip155:143,,False,,https://api.monid.ai/public/v1/providers/tikhub/endpoints/api/v1/douyin/search/fetch_challenge_search_v1
tikhub,/api/v1/douyin/search/fetch_challenge_search_v2,/api/v1/douyin/search/fetch_challenge_search_v2,POST,"{""type"":""PER_CALL"",""amount"":{""value"":0.01,""currency"":""USD""}}",,douyin|tikhub,,eip155:8453|eip155:143,,False,,https://api.monid.ai/public/v1/providers/tikhub/endpoints/api/v1/douyin/search/fetch_challenge_search_v2
tikhub,/api/v1/douyin/search/fetch_challenge_suggest,/api/v1/douyin/search/fetch_challenge_suggest,POST,"{""type"":""PER_CALL"",""amount"":{""value"":0.01,""currency"":""USD""}}",,douyin|tikhub,,eip155:8453|eip155:143,,False,,https://api.monid.ai/public/v1/providers/tikhub/endpoints/api/v1/douyin/search/fetch_challenge_suggest
tikhub,/api/v1/douyin/search/fetch_discuss_search,/api/v1/douyin/search/fetch_discuss_search,POST,"{""type"":""PER_CALL"",""amount"":{""value"":0.01,""currency"":""USD""}}",,douyin|tikhub,,eip155:8453|eip155:143,,False,,https://api.monid.ai/public/v1/providers/tikhub/endpoints/api/v1/douyin/search/fetch_discuss_search
tikhub,/api/v1/douyin/search/fetch_experience_search,/api/v1/douyin/search/fetch_experience_search,POST,"{""type"":""PER_CALL"",""amount"":{""value"":0.01,""currency"":""USD""}}",,douyin|tikhub,,eip155:8453|eip155:143,,False,,https://api.monid.ai/public/v1/providers/tikhub/endpoints/api/v1/douyin/search/fetch_experience_search
tikhub,/api/v1/douyin/search/fetch_general_search_v1,/api/v1/douyin/search/fetch_general_search_v1,POST,"{""type"":""PER_CALL"",""amount"":{""value"":0.01,""currency"":""USD""}}",,douyin|tikhub,,eip155:8453|eip155:143,,False,,https://api.monid.ai/public/v1/providers/tikhub/endpoints/api/v1/douyin/search/fetch_general_search_v1
tikhub,/api/v1/douyin/search/fetch_general_search_v2,/api/v1/douyin/search/fetch_general_search_v2,POST,"{""type"":""PER_CALL"",""amount"":{""value"":0.01,""currency"":""USD""}}",,douyin|tikhub,,eip155:8453|eip155:143,,False,,https://api.monid.ai/public/v1/providers/tikhub/endpoints/api/v1/douyin/search/fetch_general_search_v2
tikhub,/api/v1/douyin/search/fetch_general_search_v3,/api/v1/douyin/search/fetch_general_search_v3,POST,"{""type"":""PER_CALL"",""amount"":{""value"":0.01,""currency"":""USD""}}",,douyin|tikhub,,eip155:8453|eip155:143,,False,,https://api.monid.ai/public/v1/providers/tikhub/endpoints/api/v1/douyin/search/fetch_general_search_v3
tikhub,/api/v1/douyin/search/fetch_image_search,/api/v1/douyin/search/fetch_image_search,POST,"{""type"":""PER_CALL"",""amount"":{""value"":0.01,""currency"":""USD""}}",,douyin|tikhub,,eip155:8453|eip155:143,,False,,https://api.monid.ai/public/v1/providers/tikhub/endpoints/api/v1/douyin/search/fetch_image_search
tikhub,/api/v1/douyin/search/fetch_image_search_v3,/api/v1/douyin/search/fetch_image_search_v3,POST,"{""type"":""PER_CALL"",""amount"":{""value"":0.01,""currency"":""USD""}}",,douyin|tikhub,,eip155:8453|eip155:143,,False,,https://api.monid.ai/public/v1/providers/tikhub/endpoints/api/v1/douyin/search/fetch_image_search_v3
tikhub,/api/v1/douyin/search/fetch_live_search_v2,/api/v1/douyin/search/fetch_live_search_v2,POST,"{""type"":""PER_CALL"",""amount"":{""value"":0.01,""currency"":""USD""}}",,douyin|tikhub,,eip155:8453|eip155:143,,False,,https://api.monid.ai/public/v1/providers/tikhub/endpoints/api/v1/douyin/search/fetch_live_search_v2
tikhub,/api/v1/douyin/search/fetch_multi_search,/api/v1/douyin/search/fetch_multi_search,POST,"{""type"":""PER_CALL"",""amount"":{""value"":0.01,""currency"":""USD""}}",,douyin|tikhub,,eip155:8453|eip155:143,,False,,https://api.monid.ai/public/v1/providers/tikhub/endpoints/api/v1/douyin/search/fetch_multi_search
tikhub,/api/v1/douyin/search/fetch_music_search,/api/v1/douyin/search/fetch_music_search,POST,"{""type"":""PER_CALL"",""amount"":{""value"":0.01,""currency"":""USD""}}",,douyin|tikhub,,eip155:8453|eip155:143,,False,,https://api.monid.ai/public/v1/providers/tikhub/endpoints/api/v1/douyin/search/fetch_music_search
tikhub,/api/v1/douyin/search/fetch_school_search,/api/v1/douyin/search/fetch_school_search,POST,"{""type"":""PER_CALL"",""amount"":{""value"":0.01,""currency"":""USD""}}",,douyin|tikhub,,eip155:8453|eip155:143,,False,,https://api.monid.ai/public/v1/providers/tikhub/endpoints/api/v1/douyin/search/fetch_school_search
tikhub,/api/v1/douyin/search/fetch_search_suggest,/api/v1/douyin/search/fetch_search_suggest,POST,"{""type"":""PER_CALL"",""amount"":{""value"":0.01,""currency"":""USD""}}",,douyin|tikhub,,eip155:8453|eip155:143,,False,,https://api.monid.ai/public/v1/providers/tikhub/endpoints/api/v1/douyin/search/fetch_search_suggest
tikhub,/api/v1/douyin/search/fetch_user_search,/api/v1/douyin/search/fetch_user_search,POST,"{""type"":""PER_CALL"",""amount"":{""value"":0.01,""currency"":""USD""}}",,douyin|tikhub,,eip155:8453|eip155:143,,False,,https://api.monid.ai/public/v1/providers/tikhub/endpoints/api/v1/douyin/search/fetch_user_search
tikhub,/api/v1/douyin/search/fetch_user_search_v2,/api/v1/douyin/search/fetch_user_search_v2,POST,"{""type"":""PER_CALL"",""amount"":{""value"":0.001,""currency"":""USD""}}",,douyin|tikhub,,eip155:8453|eip155:143,,False,,https://api.monid.ai/public/v1/providers/tikhub/endpoints/api/v1/douyin/search/fetch_user_search_v2
tikhub,/api/v1/douyin/search/fetch_video_search_v1,/api/v1/douyin/search/fetch_video_search_v1,POST,"{""type"":""PER_CALL"",""amount"":{""value"":0.01,""currency"":""USD""}}",,douyin|tikhub,,eip155:8453|eip155:143,,False,,https://api.monid.ai/public/v1/providers/tikhub/endpoints/api/v1/douyin/search/fetch_video_search_v1
tikhub,/api/v1/douyin/search/fetch_video_search_v2,/api/v1/douyin/search/fetch_video_search_v2,POST,"{""type"":""PER_CALL"",""amount"":{""value"":0.01,""currency"":""USD""}}",,douyin|tikhub,,eip155:8453|eip155:143,,False,,https://api.monid.ai/public/v1/providers/tikhub/endpoints/api/v1/douyin/search/fetch_video_search_v2
tikhub,/api/v1/douyin/search/fetch_video_search_v3,/api/v1/douyin/search/fetch_video_search_v3,POST,"{""type"":""PER_CALL"",""amount"":{""value"":0.01,""currency"":""USD""}}",,douyin|tikhub,,eip155:8453|eip155:143,,False,,https://api.monid.ai/public/v1/providers/tikhub/endpoints/api/v1/douyin/search/fetch_video_search_v3
tikhub,/api/v1/douyin/search/fetch_video_search_v4,/api/v1/douyin/search/fetch_video_search_v4,POST,"{""type"":""PER_CALL"",""amount"":{""value"":0.01,""currency"":""USD""}}",,douyin|tikhub,,eip155:8453|eip155:143,,False,,https://api.monid.ai/public/v1/providers/tikhub/endpoints/api/v1/douyin/search/fetch_video_search_v4
tikhub,/api/v1/douyin/search/fetch_video_search_v5,/api/v1/douyin/search/fetch_video_search_v5,POST,"{""type"":""PER_CALL"",""amount"":{""value"":0.01,""currency"":""USD""}}",,douyin|tikhub,,eip155:8453|eip155:143,,False,,https://api.monid.ai/public/v1/providers/tikhub/endpoints/api/v1/douyin/search/fetch_video_search_v5
tikhub,/api/v1/douyin/web/encrypt_uid_to_sec_user_id,/api/v1/douyin/web/encrypt_uid_to_sec_user_id,GET,"{""type"":""PER_CALL"",""amount"":{""value"":0.001,""currency"":""USD""}}",,douyin|tikhub,,eip155:8453|eip155:143,,False,,https://api.monid.ai/public/v1/providers/tikhub/endpoints/api/v1/douyin/web/encrypt_uid_to_sec_user_id
tikhub,/api/v1/douyin/web/fetch_batch_user_profile_v1,/api/v1/douyin/web/fetch_batch_user_profile_v1,GET,"{""type"":""PER_CALL"",""amount"":{""value"":0.03,""currency"":""USD""}}",,douyin|tikhub,,eip155:8453|eip155:143,,False,,https://api.monid.ai/public/v1/providers/tikhub/endpoints/api/v1/douyin/web/fetch_batch_user_profile_v1
tikhub,/api/v1/douyin/web/fetch_batch_user_profile_v2,/api/v1/douyin/web/fetch_batch_user_profile_v2,GET,"{""type"":""PER_CALL"",""amount"":{""value"":0.15,""currency"":""USD""}}",,douyin|tikhub,,eip155:8453|eip155:143,,False,,https://api.monid.ai/public/v1/providers/tikhub/endpoints/api/v1/douyin/web/fetch_batch_user_profile_v2
tikhub,/api/v1/douyin/web/fetch_cartoon_aweme,/api/v1/douyin/web/fetch_cartoon_aweme,GET,"{""type"":""PER_CALL"",""amount"":{""value"":0.001,""currency"":""USD""}}",,douyin|tikhub,,eip155:8453|eip155:143,,False,,https://api.monid.ai/public/v1/providers/tikhub/endpoints/api/v1/douyin/web/fetch_cartoon_aweme
tikhub,/api/v1/douyin/web/fetch_challenge_posts,/api/v1/douyin/web/fetch_challenge_posts,POST,"{""type"":""PER_CALL"",""amount"":{""value"":0.001,""currency"":""USD""}}",,douyin|tikhub,,eip155:8453|eip155:143,,False,,https://api.monid.ai/public/v1/providers/tikhub/endpoints/api/v1/douyin/web/fetch_challenge_posts
tikhub,/api/v1/douyin/web/fetch_douyin_web_guest_cookie,/api/v1/douyin/web/fetch_douyin_web_guest_cookie,GET,"{""type"":""PER_CALL"",""amount"":{""value"":0.001,""currency"":""USD""}}",,douyin|tikhub,,eip155:8453|eip155:143,,False,,https://api.monid.ai/public/v1/providers/tikhub/endpoints/api/v1/douyin/web/fetch_douyin_web_guest_cookie
tikhub,/api/v1/douyin/web/fetch_food_aweme,/api/v1/douyin/web/fetch_food_aweme,GET,"{""type"":""PER_CALL"",""amount"":{""value"":0.001,""currency"":""USD""}}",,douyin|tikhub,,eip155:8453|eip155:143,,False,,https://api.monid.ai/public/v1/providers/tikhub/endpoints/api/v1/douyin/web/fetch_food_aweme
tikhub,/api/v1/douyin/web/fetch_game_aweme,/api/v1/douyin/web/fetch_game_aweme,GET,"{""type"":""PER_CALL"",""amount"":{""value"":0.001,""currency"":""USD""}}",,douyin|tikhub,,eip155:8453|eip155:143,,False,,https://api.monid.ai/public/v1/providers/tikhub/endpoints/api/v1/douyin/web/fetch_game_aweme
tikhub,/api/v1/douyin/web/fetch_home_feed,/api/v1/douyin/web/fetch_home_feed,POST,"{""type"":""PER_CALL"",""amount"":{""value"":0.001,""currency"":""USD""}}",,douyin|tikhub,,eip155:8453|eip155:143,,False,,https://api.monid.ai/public/v1/providers/tikhub/endpoints/api/v1/douyin/web/fetch_home_feed
tikhub,/api/v1/douyin/web/fetch_hot_search_result,/api/v1/douyin/web/fetch_hot_search_result,GET,"{""type"":""PER_CALL"",""amount"":{""value"":0.001,""currency"":""USD""}}",,douyin|tikhub,,eip155:8453|eip155:143,,False,,https://api.monid.ai/public/v1/providers/tikhub/endpoints/api/v1/douyin/web/fetch_hot_search_result
tikhub,/api/v1/douyin/web/fetch_knowledge_aweme,/api/v1/douyin/web/fetch_knowledge_aweme,GET,"{""type"":""PER_CALL"",""amount"":{""value"":0.001,""currency"":""USD""}}",,douyin|tikhub,,eip155:8453|eip155:143,,False,,https://api.monid.ai/public/v1/providers/tikhub/endpoints/api/v1/douyin/web/fetch_knowledge_aweme
tikhub,/api/v1/douyin/web/fetch_live_gift_ranking,/api/v1/douyin/web/fetch_live_gift_ranking,GET,"{""type"":""PER_CALL"",""amount"":{""value"":0.001,""currency"":""USD""}}",,douyin|tikhub,,eip155:8453|eip155:143,,False,,https://api.monid.ai/public/v1/providers/tikhub/endpoints/api/v1/douyin/web/fetch_live_gift_ranking
tikhub,/api/v1/douyin/web/fetch_live_im_fetch,/api/v1/douyin/web/fetch_live_im_fetch,GET,"{""type"":""PER_CALL"",""amount"":{""value"":0.001,""currency"":""USD""}}",,douyin|tikhub,,eip155:8453|eip155:143,,False,,https://api.monid.ai/public/v1/providers/tikhub/endpoints/api/v1/douyin/web/fetch_live_im_fetch
tikhub,/api/v1/douyin/web/fetch_multi_video,/api/v1/douyin/web/fetch_multi_video,POST,"{""type"":""PER_CALL"",""amount"":{""value"":0.05,""currency"":""USD""}}",,douyin|tikhub,,eip155:8453|eip155:143,,False,,https://api.monid.ai/public/v1/providers/tikhub/endpoints/api/v1/douyin/web/fetch_multi_video
tikhub,/api/v1/douyin/web/fetch_multi_video_high_quality_play_url,/api/v1/douyin/web/fetch_multi_video_high_quality_play_url,POST,"{""type"":""PER_CALL"",""amount"":{""value"":0.25,""currency"":""USD""}}",,douyin|tikhub,,eip155:8453|eip155:143,,False,,https://api.monid.ai/public/v1/providers/tikhub/endpoints/api/v1/douyin/web/fetch_multi_video_high_quality_play_url
tikhub,/api/v1/douyin/web/fetch_music_aweme,/api/v1/douyin/web/fetch_music_aweme,GET,"{""type"":""PER_CALL"",""amount"":{""value"":0.001,""currency"":""USD""}}",,douyin|tikhub,,eip155:8453|eip155:143,,False,,https://api.monid.ai/public/v1/providers/tikhub/endpoints/api/v1/douyin/web/fetch_music_aweme
tikhub,/api/v1/douyin/web/fetch_one_video,/api/v1/douyin/web/fetch_one_video,GET,"{""type"":""PER_CALL"",""amount"":{""value"":0.001,""currency"":""USD""}}",,douyin|tikhub,,eip155:8453|eip155:143,,False,,https://api.monid.ai/public/v1/providers/tikhub/endpoints/api/v1/douyin/web/fetch_one_video
tikhub,/api/v1/douyin/web/fetch_one_video_by_share_url,/api/v1/douyin/web/fetch_one_video_by_share_url,GET,"{""type"":""PER_CALL"",""amount"":{""value"":0.001,""currency"":""USD""}}",,douyin|tikhub,,eip155:8453|eip155:143,,False,,https://api.monid.ai/public/v1/providers/tikhub/endpoints/api/v1/douyin/web/fetch_one_video_by_share_url
tikhub,/api/v1/douyin/web/fetch_one_video_danmaku,/api/v1/douyin/web/fetch_one_video_danmaku,GET,"{""type"":""PER_CALL"",""amount"":{""value"":0.001,""currency"":""USD""}}",,douyin|tikhub,,eip155:8453|eip155:143,,False,,https://api.monid.ai/public/v1/providers/tikhub/endpoints/api/v1/douyin/web/fetch_one_video_danmaku
tikhub,/api/v1/douyin/web/fetch_one_video_v2,/api/v1/douyin/web/fetch_one_video_v2,GET,"{""type"":""PER_CALL"",""amount"":{""value"":0.001,""currency"":""USD""}}",,douyin|tikhub,,eip155:8453|eip155:143,,False,,https://api.monid.ai/public/v1/providers/tikhub/endpoints/api/v1/douyin/web/fetch_one_video_v2
tikhub,/api/v1/douyin/web/fetch_query_user,/api/v1/douyin/web/fetch_query_user,POST,"{""type"":""PER_CALL"",""amount"":{""value"":0.001,""currency"":""USD""}}",,douyin|tikhub,,eip155:8453|eip155:143,,False,,https://api.monid.ai/public/v1/providers/tikhub/endpoints/api/v1/douyin/web/fetch_query_user
tikhub,/api/v1/douyin/web/fetch_related_posts,/api/v1/douyin/web/fetch_related_posts,GET,"{""type"":""PER_CALL"",""amount"":{""value"":0.001,""currency"":""USD""}}",,douyin|tikhub,,eip155:8453|eip155:143,,False,,https://api.monid.ai/public/v1/providers/tikhub/endpoints/api/v1/douyin/web/fetch_related_posts
tikhub,/api/v1/douyin/web/fetch_series_aweme,/api/v1/douyin/web/fetch_series_aweme,GET,"{""type"":""PER_CALL"",""amount"":{""value"":0.001,""currency"":""USD""}}",,douyin|tikhub,,eip155:8453|eip155:143,,False,,https://api.monid.ai/public/v1/providers/tikhub/endpoints/api/v1/douyin/web/fetch_series_aweme
tikhub,/api/v1/douyin/web/fetch_user_collection_videos,/api/v1/douyin/web/fetch_user_collection_videos,POST,"{""type"":""PER_CALL"",""amount"":{""value"":0.001,""currency"":""USD""}}",,douyin|tikhub,,eip155:8453|eip155:143,,False,,https://api.monid.ai/public/v1/providers/tikhub/endpoints/api/v1/douyin/web/fetch_user_collection_videos
tikhub,/api/v1/douyin/web/fetch_user_collects,/api/v1/douyin/web/fetch_user_collects,POST,"{""type"":""PER_CALL"",""amount"":{""value"":0.001,""currency"":""USD""}}",,douyin|tikhub,,eip155:8453|eip155:143,,False,,https://api.monid.ai/public/v1/providers/tikhub/endpoints/api/v1/douyin/web/fetch_user_collects
tikhub,/api/v1/douyin/web/fetch_user_collects_videos,/api/v1/douyin/web/fetch_user_collects_videos,GET,"{""type"":""PER_CALL"",""amount"":{""value"":0.001,""currency"":""USD""}}",,douyin|tikhub,,eip155:8453|eip155:143,,False,,https://api.monid.ai/public/v1/providers/tikhub/endpoints/api/v1/douyin/web/fetch_user_collects_videos
tikhub,/api/v1/douyin/web/fetch_user_fans_list,/api/v1/douyin/web/fetch_user_fans_list,GET,"{""type"":""PER_CALL"",""amount"":{""value"":0.001,""currency"":""USD""}}",,douyin|tikhub,,eip155:8453|eip155:143,,False,,https://api.monid.ai/public/v1/providers/tikhub/endpoints/api/v1/douyin/web/fetch_user_fans_list
tikhub,/api/v1/douyin/web/fetch_user_following_list,/api/v1/douyin/web/fetch_user_following_list,GET,"{""type"":""PER_CALL"",""amount"":{""value"":0.001,""currency"":""USD""}}",,douyin|tikhub,,eip155:8453|eip155:143,,False,,https://api.monid.ai/public/v1/providers/tikhub/endpoints/api/v1/douyin/web/fetch_user_following_list
tikhub,/api/v1/douyin/web/fetch_user_like_videos,/api/v1/douyin/web/fetch_user_like_videos,POST,"{""type"":""PER_CALL"",""amount"":{""value"":0.001,""currency"":""USD""}}",,douyin|tikhub,,eip155:8453|eip155:143,,False,,https://api.monid.ai/public/v1/providers/tikhub/endpoints/api/v1/douyin/web/fetch_user_like_videos
tikhub,/api/v1/douyin/web/fetch_user_live_info_by_uid,/api/v1/douyin/web/fetch_user_live_info_by_uid,GET,"{""type"":""PER_CALL"",""amount"":{""value"":0.001,""currency"":""USD""}}",,douyin|tikhub,,eip155:8453|eip155:143,,False,,https://api.monid.ai/public/v1/providers/tikhub/endpoints/api/v1/douyin/web/fetch_user_live_info_by_uid
tikhub,/api/v1/douyin/web/fetch_user_live_videos,/api/v1/douyin/web/fetch_user_live_videos,GET,"{""type"":""PER_CALL"",""amount"":{""value"":0.001,""currency"":""USD""}}",,douyin|tikhub,,eip155:8453|eip155:143,,False,,https://api.monid.ai/public/v1/providers/tikhub/endpoints/api/v1/douyin/web/fetch_user_live_videos
tikhub,/api/v1/douyin/web/fetch_user_live_videos_by_room_id_v2,/api/v1/douyin/web/fetch_user_live_videos_by_room_id_v2,GET,"{""type"":""PER_CALL"",""amount"":{""value"":0.001,""currency"":""USD""}}",,douyin|tikhub,,eip155:8453|eip155:143,,False,,https://api.monid.ai/public/v1/providers/tikhub/endpoints/api/v1/douyin/web/fetch_user_live_videos_by_room_id_v2
tikhub,/api/v1/douyin/web/fetch_user_live_videos_by_sec_uid,/api/v1/douyin/web/fetch_user_live_videos_by_sec_uid,GET,"{""type"":""PER_CALL"",""amount"":{""value"":0.001,""currency"":""USD""}}",,douyin|tikhub,,eip155:8453|eip155:143,,False,,https://api.monid.ai/public/v1/providers/tikhub/endpoints/api/v1/douyin/web/fetch_user_live_videos_by_sec_uid
tikhub,/api/v1/douyin/web/fetch_user_mix_videos,/api/v1/douyin/web/fetch_user_mix_videos,GET,"{""type"":""PER_CALL"",""amount"":{""value"":0.001,""currency"":""USD""}}",,douyin|tikhub,,eip155:8453|eip155:143,,False,,https://api.monid.ai/public/v1/providers/tikhub/endpoints/api/v1/douyin/web/fetch_user_mix_videos
tikhub,/api/v1/douyin/web/fetch_user_post_videos,/api/v1/douyin/web/fetch_user_post_videos,GET,"{""type"":""PER_CALL"",""amount"":{""value"":0.001,""currency"":""USD""}}",,douyin|tikhub,,eip155:8453|eip155:143,,False,,https://api.monid.ai/public/v1/providers/tikhub/endpoints/api/v1/douyin/web/fetch_user_post_videos
tikhub,/api/v1/douyin/web/fetch_user_profile_by_short_id,/api/v1/douyin/web/fetch_user_profile_by_short_id,GET,"{""type"":""PER_CALL"",""amount"":{""value"":0.001,""currency"":""USD""}}",,douyin|tikhub,,eip155:8453|eip155:143,,False,,https://api.monid.ai/public/v1/providers/tikhub/endpoints/api/v1/douyin/web/fetch_user_profile_by_short_id
tikhub,/api/v1/douyin/web/fetch_user_profile_by_uid,/api/v1/douyin/web/fetch_user_profile_by_uid,GET,"{""type"":""PER_CALL"",""amount"":{""value"":0.001,""currency"":""USD""}}",,douyin|tikhub,,eip155:8453|eip155:143,,False,,https://api.monid.ai/public/v1/providers/tikhub/endpoints/api/v1/douyin/web/fetch_user_profile_by_uid
tikhub,/api/v1/douyin/web/fetch_video_channel_result,/api/v1/douyin/web/fetch_video_channel_result,GET,"{""type"":""PER_CALL"",""amount"":{""value"":0.001,""currency"":""USD""}}",,douyin|tikhub,,eip155:8453|eip155:143,,False,,https://api.monid.ai/public/v1/providers/tikhub/endpoints/api/v1/douyin/web/fetch_video_channel_result
tikhub,/api/v1/douyin/web/fetch_video_comment_replies,/api/v1/douyin/web/fetch_video_comment_replies,GET,"{""type"":""PER_CALL"",""amount"":{""value"":0.001,""currency"":""USD""}}",,douyin|tikhub,,eip155:8453|eip155:143,,False,,https://api.monid.ai/public/v1/providers/tikhub/endpoints/api/v1/douyin/web/fetch_video_comment_replies
tikhub,/api/v1/douyin/web/fetch_video_comments,/api/v1/douyin/web/fetch_video_comments,GET,"{""type"":""PER_CALL"",""amount"":{""value"":0.001,""currency"":""USD""}}",,douyin|tikhub,,eip155:8453|eip155:143,,False,,https://api.monid.ai/public/v1/providers/tikhub/endpoints/api/v1/douyin/web/fetch_video_comments
tikhub,/api/v1/douyin/web/fetch_video_high_quality_play_url,/api/v1/douyin/web/fetch_video_high_quality_play_url,GET,"{""type"":""PER_CALL"",""amount"":{""value"":0.005,""currency"":""USD""}}",,douyin|tikhub,,eip155:8453|eip155:143,,False,,https://api.monid.ai/public/v1/providers/tikhub/endpoints/api/v1/douyin/web/fetch_video_high_quality_play_url
tikhub,/api/v1/douyin/web/generate_ttwid,/api/v1/douyin/web/generate_ttwid,GET,"{""type"":""PER_CALL"",""amount"":{""value"":0.001,""currency"":""USD""}}",,douyin|tikhub,,eip155:8453|eip155:143,,False,,https://api.monid.ai/public/v1/providers/tikhub/endpoints/api/v1/douyin/web/generate_ttwid
tikhub,/api/v1/douyin/web/generate_wss_xb_signature,/api/v1/douyin/web/generate_wss_xb_signature,GET,"{""type"":""PER_CALL"",""amount"":{""value"":0.001,""currency"":""USD""}}",,douyin|tikhub,,eip155:8453|eip155:143,,False,,https://api.monid.ai/public/v1/providers/tikhub/endpoints/api/v1/douyin/web/generate_wss_xb_signature
tikhub,/api/v1/douyin/web/get_all_aweme_id,/api/v1/douyin/web/get_all_aweme_id,POST,"{""type"":""PER_CALL"",""amount"":{""value"":0.001,""currency"":""USD""}}",,douyin|tikhub,,eip155:8453|eip155:143,,False,,https://api.monid.ai/public/v1/providers/tikhub/endpoints/api/v1/douyin/web/get_all_aweme_id
tikhub,/api/v1/douyin/web/get_all_sec_user_id,/api/v1/douyin/web/get_all_sec_user_id,POST,"{""type"":""PER_CALL"",""amount"":{""value"":0.001,""currency"":""USD""}}",,douyin|tikhub,,eip155:8453|eip155:143,,False,,https://api.monid.ai/public/v1/providers/tikhub/endpoints/api/v1/douyin/web/get_all_sec_user_id
tikhub,/api/v1/douyin/web/get_all_webcast_id,/api/v1/douyin/web/get_all_webcast_id,POST,"{""type"":""PER_CALL"",""amount"":{""value"":0.001,""currency"":""USD""}}",,douyin|tikhub,,eip155:8453|eip155:143,,False,,https://api.monid.ai/public/v1/providers/tikhub/endpoints/api/v1/douyin/web/get_all_webcast_id
tikhub,/api/v1/douyin/web/get_aweme_id,/api/v1/douyin/web/get_aweme_id,GET,"{""type"":""PER_CALL"",""amount"":{""value"":0.001,""currency"":""USD""}}",,douyin|tikhub,,eip155:8453|eip155:143,,False,,https://api.monid.ai/public/v1/providers/tikhub/endpoints/api/v1/douyin/web/get_aweme_id
tikhub,/api/v1/douyin/web/get_sec_user_id,/api/v1/douyin/web/get_sec_user_id,GET,"{""type"":""PER_CALL"",""amount"":{""value"":0.001,""currency"":""USD""}}",,douyin|tikhub,,eip155:8453|eip155:143,,False,,https://api.monid.ai/public/v1/providers/tikhub/endpoints/api/v1/douyin/web/get_sec_user_id
tikhub,/api/v1/douyin/web/get_webcast_id,/api/v1/douyin/web/get_webcast_id,GET,"{""type"":""PER_CALL"",""amount"":{""value"":0.001,""currency"":""USD""}}",,douyin|tikhub,,eip155:8453|eip155:143,,False,,https://api.monid.ai/public/v1/providers/tikhub/endpoints/api/v1/douyin/web/get_webcast_id
tikhub,/api/v1/douyin/web/handler_shorten_url,/api/v1/douyin/web/handler_shorten_url,GET,"{""type"":""PER_CALL"",""amount"":{""value"":0.001,""currency"":""USD""}}",,douyin|tikhub,,eip155:8453|eip155:143,,False,,https://api.monid.ai/public/v1/providers/tikhub/endpoints/api/v1/douyin/web/handler_shorten_url
tikhub,/api/v1/douyin/web/handler_user_profile,/api/v1/douyin/web/handler_user_profile,GET,"{""type"":""PER_CALL"",""amount"":{""value"":0.001,""currency"":""USD""}}",,douyin|tikhub,,eip155:8453|eip155:143,,False,,https://api.monid.ai/public/v1/providers/tikhub/endpoints/api/v1/douyin/web/handler_user_profile
tikhub,/api/v1/douyin/web/handler_user_profile_v2,/api/v1/douyin/web/handler_user_profile_v2,GET,"{""type"":""PER_CALL"",""amount"":{""value"":0.001,""currency"":""USD""}}",,douyin|tikhub,,eip155:8453|eip155:143,,False,,https://api.monid.ai/public/v1/providers/tikhub/endpoints/api/v1/douyin/web/handler_user_profile_v2
tikhub,/api/v1/douyin/web/handler_user_profile_v3,/api/v1/douyin/web/handler_user_profile_v3,GET,"{""type"":""PER_CALL"",""amount"":{""value"":0.001,""currency"":""USD""}}",,douyin|tikhub,,eip155:8453|eip155:143,,False,,https://api.monid.ai/public/v1/providers/tikhub/endpoints/api/v1/douyin/web/handler_user_profile_v3
tikhub,/api/v1/douyin/web/handler_user_profile_v4,/api/v1/douyin/web/handler_user_profile_v4,GET,"{""type"":""PER_CALL"",""amount"":{""value"":0.003,""currency"":""USD""}}",,douyin|tikhub,,eip155:8453|eip155:143,,False,,https://api.monid.ai/public/v1/providers/tikhub/endpoints/api/v1/douyin/web/handler_user_profile_v4
tikhub,/api/v1/douyin/web/webcast_id_2_room_id,/api/v1/douyin/web/webcast_id_2_room_id,GET,"{""type"":""PER_CALL"",""amount"":{""value"":0.001,""currency"":""USD""}}",,douyin|tikhub,,eip155:8453|eip155:143,,False,,https://api.monid.ai/public/v1/providers/tikhub/endpoints/api/v1/douyin/web/webcast_id_2_room_id
tikhub,/api/v1/douyin/xingtu/author_content_hot_comment_keywords_v1,/api/v1/douyin/xingtu/author_content_hot_comment_keywords_v1,GET,"{""type"":""PER_CALL"",""amount"":{""value"":0.02,""currency"":""USD""}}",,douyin|tikhub,,eip155:8453|eip155:143,,False,,https://api.monid.ai/public/v1/providers/tikhub/endpoints/api/v1/douyin/xingtu/author_content_hot_comment_keywords_v1
tikhub,/api/v1/douyin/xingtu/author_homepage_videos_v1,/api/v1/douyin/xingtu/author_homepage_videos_v1,GET,"{""type"":""PER_CALL"",""amount"":{""value"":0.02,""currency"":""USD""}}",,douyin|tikhub,,eip155:8453|eip155:143,,False,,https://api.monid.ai/public/v1/providers/tikhub/endpoints/api/v1/douyin/xingtu/author_homepage_videos_v1
tikhub,/api/v1/douyin/xingtu/author_hot_comment_tokens_v1,/api/v1/douyin/xingtu/author_hot_comment_tokens_v1,GET,"{""type"":""PER_CALL"",""amount"":{""value"":0.02,""currency"":""USD""}}",,douyin|tikhub,,eip155:8453|eip155:143,,False,,https://api.monid.ai/public/v1/providers/tikhub/endpoints/api/v1/douyin/xingtu/author_hot_comment_tokens_v1
tikhub,/api/v1/douyin/xingtu/get_sign_image,/api/v1/douyin/xingtu/get_sign_image,GET,"{""type"":""PER_CALL"",""amount"":{""value"":0.001,""currency"":""USD""}}",,douyin|tikhub,,eip155:8453|eip155:143,,False,,https://api.monid.ai/public/v1/providers/tikhub/endpoints/api/v1/douyin/xingtu/get_sign_image
tikhub,/api/v1/douyin/xingtu/get_xingtu_kolid_by_sec_user_id,/api/v1/douyin/xingtu/get_xingtu_kolid_by_sec_user_id,GET,"{""type"":""PER_CALL"",""amount"":{""value"":0.001,""currency"":""USD""}}",,douyin|tikhub,,eip155:8453|eip155:143,,False,,https://api.monid.ai/public/v1/providers/tikhub/endpoints/api/v1/douyin/xingtu/get_xingtu_kolid_by_sec_user_id
tikhub,/api/v1/douyin/xingtu/get_xingtu_kolid_by_uid,/api/v1/douyin/xingtu/get_xingtu_kolid_by_uid,GET,"{""type"":""PER_CALL"",""amount"":{""value"":0.001,""currency"":""USD""}}",,douyin|tikhub,,eip155:8453|eip155:143,,False,,https://api.monid.ai/public/v1/providers/tikhub/endpoints/api/v1/douyin/xingtu/get_xingtu_kolid_by_uid
tikhub,/api/v1/douyin/xingtu/get_xingtu_kolid_by_unique_id,/api/v1/douyin/xingtu/get_xingtu_kolid_by_unique_id,GET,"{""type"":""PER_CALL"",""amount"":{""value"":0.001,""currency"":""USD""}}",,douyin|tikhub,,eip155:8453|eip155:143,,False,,https://api.monid.ai/public/v1/providers/tikhub/endpoints/api/v1/douyin/xingtu/get_xingtu_kolid_by_unique_id
tikhub,/api/v1/douyin/xingtu/kol_audience_portrait_v1,/api/v1/douyin/xingtu/kol_audience_portrait_v1,GET,"{""type"":""PER_CALL"",""amount"":{""value"":0.02,""currency"":""USD""}}",,douyin|tikhub,,eip155:8453|eip155:143,,False,,https://api.monid.ai/public/v1/providers/tikhub/endpoints/api/v1/douyin/xingtu/kol_audience_portrait_v1
tikhub,/api/v1/douyin/xingtu/kol_base_info_v1,/api/v1/douyin/xingtu/kol_base_info_v1,GET,"{""type"":""PER_CALL"",""amount"":{""value"":0.02,""currency"":""USD""}}",,douyin|tikhub,,eip155:8453|eip155:143,,False,,https://api.monid.ai/public/v1/providers/tikhub/endpoints/api/v1/douyin/xingtu/kol_base_info_v1
tikhub,/api/v1/douyin/xingtu/kol_conversion_ability_analysis_v1,/api/v1/douyin/xingtu/kol_conversion_ability_analysis_v1,GET,"{""type"":""PER_CALL"",""amount"":{""value"":0.02,""currency"":""USD""}}",,douyin|tikhub,,eip155:8453|eip155:143,,False,,https://api.monid.ai/public/v1/providers/tikhub/endpoints/api/v1/douyin/xingtu/kol_conversion_ability_analysis_v1
tikhub,/api/v1/douyin/xingtu/kol_convert_video_display_v1,/api/v1/douyin/xingtu/kol_convert_video_display_v1,GET,"{""type"":""PER_CALL"",""amount"":{""value"":0.02,""currency"":""USD""}}",,douyin|tikhub,,eip155:8453|eip155:143,,False,,https://api.monid.ai/public/v1/providers/tikhub/endpoints/api/v1/douyin/xingtu/kol_convert_video_display_v1
tikhub,/api/v1/douyin/xingtu/kol_cp_info_v1,/api/v1/douyin/xingtu/kol_cp_info_v1,GET,"{""type"":""PER_CALL"",""amount"":{""value"":0.02,""currency"":""USD""}}",,douyin|tikhub,,eip155:8453|eip155:143,,False,,https://api.monid.ai/public/v1/providers/tikhub/endpoints/api/v1/douyin/xingtu/kol_cp_info_v1
tikhub,/api/v1/douyin/xingtu/kol_daily_fans_v1,/api/v1/douyin/xingtu/kol_daily_fans_v1,GET,"{""type"":""PER_CALL"",""amount"":{""value"":0.02,""currency"":""USD""}}",,douyin|tikhub,,eip155:8453|eip155:143,,False,,https://api.monid.ai/public/v1/providers/tikhub/endpoints/api/v1/douyin/xingtu/kol_daily_fans_v1
tikhub,/api/v1/douyin/xingtu/kol_data_overview_v1,/api/v1/douyin/xingtu/kol_data_overview_v1,GET,"{""type"":""PER_CALL"",""amount"":{""value"":0.02,""currency"":""USD""}}",,douyin|tikhub,,eip155:8453|eip155:143,,False,,https://api.monid.ai/public/v1/providers/tikhub/endpoints/api/v1/douyin/xingtu/kol_data_overview_v1
tikhub,/api/v1/douyin/xingtu/kol_fans_portrait_v1,/api/v1/douyin/xingtu/kol_fans_portrait_v1,GET,"{""type"":""PER_CALL"",""amount"":{""value"":0.02,""currency"":""USD""}}",,douyin|tikhub,,eip155:8453|eip155:143,,False,,https://api.monid.ai/public/v1/providers/tikhub/endpoints/api/v1/douyin/xingtu/kol_fans_portrait_v1
tikhub,/api/v1/douyin/xingtu/kol_link_struct_v1,/api/v1/douyin/xingtu/kol_link_struct_v1,GET,"{""type"":""PER_CALL"",""amount"":{""value"":0.02,""currency"":""USD""}}",,douyin|tikhub,,eip155:8453|eip155:143,,False,,https://api.monid.ai/public/v1/providers/tikhub/endpoints/api/v1/douyin/xingtu/kol_link_struct_v1
tikhub,/api/v1/douyin/xingtu/kol_rec_videos_v1,/api/v1/douyin/xingtu/kol_rec_videos_v1,GET,"{""type"":""PER_CALL"",""amount"":{""value"":0.02,""currency"":""USD""}}",,douyin|tikhub,,eip155:8453|eip155:143,,False,,https://api.monid.ai/public/v1/providers/tikhub/endpoints/api/v1/douyin/xingtu/kol_rec_videos_v1
tikhub,/api/v1/douyin/xingtu/kol_service_price_v1,/api/v1/douyin/xingtu/kol_service_price_v1,GET,"{""type"":""PER_CALL"",""amount"":{""value"":0.02,""currency"":""USD""}}",,douyin|tikhub,,eip155:8453|eip155:143,,False,,https://api.monid.ai/public/v1/providers/tikhub/endpoints/api/v1/douyin/xingtu/kol_service_price_v1
tikhub,/api/v1/douyin/xingtu/kol_touch_distribution_v1,/api/v1/douyin/xingtu/kol_touch_distribution_v1,GET,"{""type"":""PER_CALL"",""amount"":{""value"":0.02,""currency"":""USD""}}",,douyin|tikhub,,eip155:8453|eip155:143,,False,,https://api.monid.ai/public/v1/providers/tikhub/endpoints/api/v1/douyin/xingtu/kol_touch_distribution_v1
tikhub,/api/v1/douyin/xingtu/kol_video_performance_v1,/api/v1/douyin/xingtu/kol_video_performance_v1,GET,"{""type"":""PER_CALL"",""amount"":{""value"":0.02,""currency"":""USD""}}",,douyin|tikhub,,eip155:8453|eip155:143,,False,,https://api.monid.ai/public/v1/providers/tikhub/endpoints/api/v1/douyin/xingtu/kol_video_performance_v1
tikhub,/api/v1/douyin/xingtu/kol_xingtu_index_v1,/api/v1/douyin/xingtu/kol_xingtu_index_v1,GET,"{""type"":""PER_CALL"",""amount"":{""value"":0.02,""currency"":""USD""}}",,douyin|tikhub,,eip155:8453|eip155:143,,False,,https://api.monid.ai/public/v1/providers/tikhub/endpoints/api/v1/douyin/xingtu/kol_xingtu_index_v1
tikhub,/api/v1/douyin/xingtu/search_kol_v1,/api/v1/douyin/xingtu/search_kol_v1,GET,"{""type"":""PER_CALL"",""amount"":{""value"":0.02,""currency"":""USD""}}",,douyin|tikhub,,eip155:8453|eip155:143,,False,,https://api.monid.ai/public/v1/providers/tikhub/endpoints/api/v1/douyin/xingtu/search_kol_v1
tikhub,/api/v1/douyin/xingtu/search_kol_v2,/api/v1/douyin/xingtu/search_kol_v2,GET,"{""type"":""PER_CALL"",""amount"":{""value"":0.02,""currency"":""USD""}}",,douyin|tikhub,,eip155:8453|eip155:143,,False,,https://api.monid.ai/public/v1/providers/tikhub/endpoints/api/v1/douyin/xingtu/search_kol_v2
tikhub,/api/v1/douyin/xingtu_v2/get_author_audience_distribution,/api/v1/douyin/xingtu_v2/get_author_audience_distribution,GET,"{""type"":""PER_CALL"",""amount"":{""value"":0.002,""currency"":""USD""}}",,douyin|tikhub,,eip155:8453|eip155:143,,False,,https://api.monid.ai/public/v1/providers/tikhub/endpoints/api/v1/douyin/xingtu_v2/get_author_audience_distribution
tikhub,/api/v1/douyin/xingtu_v2/get_author_base_info,/api/v1/douyin/xingtu_v2/get_author_base_info,GET,"{""type"":""PER_CALL"",""amount"":{""value"":0.002,""currency"":""USD""}}",,douyin|tikhub,,eip155:8453|eip155:143,,False,,https://api.monid.ai/public/v1/providers/tikhub/endpoints/api/v1/douyin/xingtu_v2/get_author_base_info
tikhub,/api/v1/douyin/xingtu_v2/get_author_business_card_info,/api/v1/douyin/xingtu_v2/get_author_business_card_info,GET,"{""type"":""PER_CALL"",""amount"":{""value"":0.01,""currency"":""USD""}}",,douyin|tikhub,,eip155:8453|eip155:143,,False,,https://api.monid.ai/public/v1/providers/tikhub/endpoints/api/v1/douyin/xingtu_v2/get_author_business_card_info
tikhub,/api/v1/douyin/xingtu_v2/get_author_commerce_spread_info,/api/v1/douyin/xingtu_v2/get_author_commerce_spread_info,GET,"{""type"":""PER_CALL"",""amount"":{""value"":0.003,""currency"":""USD""}}",,douyin|tikhub,,eip155:8453|eip155:143,,False,,https://api.monid.ai/public/v1/providers/tikhub/endpoints/api/v1/douyin/xingtu_v2/get_author_commerce_spread_info
tikhub,/api/v1/douyin/xingtu_v2/get_author_content_hot_keywords,/api/v1/douyin/xingtu_v2/get_author_content_hot_keywords,GET,"{""type"":""PER_CALL"",""amount"":{""value"":0.001,""currency"":""USD""}}",,douyin|tikhub,,eip155:8453|eip155:143,,False,,https://api.monid.ai/public/v1/providers/tikhub/endpoints/api/v1/douyin/xingtu_v2/get_author_content_hot_keywords
tikhub,/api/v1/douyin/xingtu_v2/get_author_convert_ability,/api/v1/douyin/xingtu_v2/get_author_convert_ability,GET,"{""type"":""PER_CALL"",""amount"":{""value"":0.002,""currency"":""USD""}}",,douyin|tikhub,,eip155:8453|eip155:143,,False,,https://api.monid.ai/public/v1/providers/tikhub/endpoints/api/v1/douyin/xingtu_v2/get_author_convert_ability
tikhub,/api/v1/douyin/xingtu_v2/get_author_convert_videos_or_products,/api/v1/douyin/xingtu_v2/get_author_convert_videos_or_products,GET,"{""type"":""PER_CALL"",""amount"":{""value"":0.002,""currency"":""USD""}}",,douyin|tikhub,,eip155:8453|eip155:143,,False,,https://api.monid.ai/public/v1/providers/tikhub/endpoints/api/v1/douyin/xingtu_v2/get_author_convert_videos_or_products
tikhub,/api/v1/douyin/xingtu_v2/get_author_cp_info,/api/v1/douyin/xingtu_v2/get_author_cp_info,GET,"{""type"":""PER_CALL"",""amount"":{""value"":0.004,""currency"":""USD""}}",,douyin|tikhub,,eip155:8453|eip155:143,,False,,https://api.monid.ai/public/v1/providers/tikhub/endpoints/api/v1/douyin/xingtu_v2/get_author_cp_info
tikhub,/api/v1/douyin/xingtu_v2/get_author_daily_fans,/api/v1/douyin/xingtu_v2/get_author_daily_fans,GET,"{""type"":""PER_CALL"",""amount"":{""value"":0.002,""currency"":""USD""}}",,douyin|tikhub,,eip155:8453|eip155:143,,False,,https://api.monid.ai/public/v1/providers/tikhub/endpoints/api/v1/douyin/xingtu_v2/get_author_daily_fans
tikhub,/api/v1/douyin/xingtu_v2/get_author_daily_link,/api/v1/douyin/xingtu_v2/get_author_daily_link,GET,"{""type"":""PER_CALL"",""amount"":{""value"":0.003,""currency"":""USD""}}",,douyin|tikhub,,eip155:8453|eip155:143,,False,,https://api.monid.ai/public/v1/providers/tikhub/endpoints/api/v1/douyin/xingtu_v2/get_author_daily_link
tikhub,/api/v1/douyin/xingtu_v2/get_author_daily_link_score,/api/v1/douyin/xingtu_v2/get_author_daily_link_score,GET,"{""type"":""PER_CALL"",""amount"":{""value"":0.003,""currency"":""USD""}}",,douyin|tikhub,,eip155:8453|eip155:143,,False,,https://api.monid.ai/public/v1/providers/tikhub/endpoints/api/v1/douyin/xingtu_v2/get_author_daily_link_score
tikhub,/api/v1/douyin/xingtu_v2/get_author_fans_distribution,/api/v1/douyin/xingtu_v2/get_author_fans_distribution,GET,"{""type"":""PER_CALL"",""amount"":{""value"":0.002,""currency"":""USD""}}",,douyin|tikhub,,eip155:8453|eip155:143,,False,,https://api.monid.ai/public/v1/providers/tikhub/endpoints/api/v1/douyin/xingtu_v2/get_author_fans_distribution
tikhub,/api/v1/douyin/xingtu_v2/get_author_homepage_videos,/api/v1/douyin/xingtu_v2/get_author_homepage_videos,GET,"{""type"":""PER_CALL"",""amount"":{""value"":0.002,""currency"":""USD""}}",,douyin|tikhub,,eip155:8453|eip155:143,,False,,https://api.monid.ai/public/v1/providers/tikhub/endpoints/api/v1/douyin/xingtu_v2/get_author_homepage_videos
tikhub,/api/v1/douyin/xingtu_v2/get_author_hot_comment_tokens,/api/v1/douyin/xingtu_v2/get_author_hot_comment_tokens,GET,"{""type"":""PER_CALL"",""amount"":{""value"":0.001,""currency"":""USD""}}",,douyin|tikhub,,eip155:8453|eip155:143,,False,,https://api.monid.ai/public/v1/providers/tikhub/endpoints/api/v1/douyin/xingtu_v2/get_author_hot_comment_tokens
tikhub,/api/v1/douyin/xingtu_v2/get_author_link_info,/api/v1/douyin/xingtu_v2/get_author_link_info,GET,"{""type"":""PER_CALL"",""amount"":{""value"":0.004,""currency"":""USD""}}",,douyin|tikhub,,eip155:8453|eip155:143,,False,,https://api.monid.ai/public/v1/providers/tikhub/endpoints/api/v1/douyin/xingtu_v2/get_author_link_info
tikhub,/api/v1/douyin/xingtu_v2/get_author_local_info,/api/v1/douyin/xingtu_v2/get_author_local_info,GET,"{""type"":""PER_CALL"",""amount"":{""value"":0.001,""currency"":""USD""}}",,douyin|tikhub,,eip155:8453|eip155:143,,False,,https://api.monid.ai/public/v1/providers/tikhub/endpoints/api/v1/douyin/xingtu_v2/get_author_local_info
tikhub,/api/v1/douyin/xingtu_v2/get_author_market_fields,/api/v1/douyin/xingtu_v2/get_author_market_fields,GET,"{""type"":""PER_CALL"",""amount"":{""value"":0.001,""currency"":""USD""}}",,douyin|tikhub,,eip155:8453|eip155:143,,False,,https://api.monid.ai/public/v1/providers/tikhub/endpoints/api/v1/douyin/xingtu_v2/get_author_market_fields
tikhub,/api/v1/douyin/xingtu_v2/get_author_rec_videos_v2,/api/v1/douyin/xingtu_v2/get_author_rec_videos_v2,GET,"{""type"":""PER_CALL"",""amount"":{""value"":0.002,""currency"":""USD""}}",,douyin|tikhub,,eip155:8453|eip155:143,,False,,https://api.monid.ai/public/v1/providers/tikhub/endpoints/api/v1/douyin/xingtu_v2/get_author_rec_videos_v2
tikhub,/api/v1/douyin/xingtu_v2/get_author_show_items,/api/v1/douyin/xingtu_v2/get_author_show_items,GET,"{""type"":""PER_CALL"",""amount"":{""value"":0.002,""currency"":""USD""}}",,douyin|tikhub,,eip155:8453|eip155:143,,False,,https://api.monid.ai/public/v1/providers/tikhub/endpoints/api/v1/douyin/xingtu_v2/get_author_show_items
tikhub,/api/v1/douyin/xingtu_v2/get_author_spread_info,/api/v1/douyin/xingtu_v2/get_author_spread_info,GET,"{""type"":""PER_CALL"",""amount"":{""value"":0.002,""currency"":""USD""}}",,douyin|tikhub,,eip155:8453|eip155:143,,False,,https://api.monid.ai/public/v1/providers/tikhub/endpoints/api/v1/douyin/xingtu_v2/get_author_spread_info
tikhub,/api/v1/douyin/xingtu_v2/get_author_spread_videos,/api/v1/douyin/xingtu_v2/get_author_spread_videos,GET,"{""type"":""PER_CALL"",""amount"":{""value"":0.002,""currency"":""USD""}}",,douyin|tikhub,,eip155:8453|eip155:143,,False,,https://api.monid.ai/public/v1/providers/tikhub/endpoints/api/v1/douyin/xingtu_v2/get_author_spread_videos
tikhub,/api/v1/douyin/xingtu_v2/get_author_touch_distribution,/api/v1/douyin/xingtu_v2/get_author_touch_distribution,GET,"{""type"":""PER_CALL"",""amount"":{""value"":0.002,""currency"":""USD""}}",,douyin|tikhub,,eip155:8453|eip155:143,,False,,https://api.monid.ai/public/v1/providers/tikhub/endpoints/api/v1/douyin/xingtu_v2/get_author_touch_distribution
tikhub,/api/v1/douyin/xingtu_v2/get_author_video_distribution,/api/v1/douyin/xingtu_v2/get_author_video_distribution,GET,"{""type"":""PER_CALL"",""amount"":{""value"":0.002,""currency"":""USD""}}",,douyin|tikhub,,eip155:8453|eip155:143,,False,,https://api.monid.ai/public/v1/providers/tikhub/endpoints/api/v1/douyin/xingtu_v2/get_author_video_distribution
tikhub,/api/v1/douyin/xingtu_v2/get_content_trend_guide,/api/v1/douyin/xingtu_v2/get_content_trend_guide,GET,"{""type"":""PER_CALL"",""amount"":{""value"":0.001,""currency"":""USD""}}",,douyin|tikhub,,eip155:8453|eip155:143,,False,,https://api.monid.ai/public/v1/providers/tikhub/endpoints/api/v1/douyin/xingtu_v2/get_content_trend_guide
tikhub,/api/v1/douyin/xingtu_v2/get_demander_mcn_list,/api/v1/douyin/xingtu_v2/get_demander_mcn_list,GET,"{""type"":""PER_CALL"",""amount"":{""value"":0.005,""currency"":""USD""}}",,douyin|tikhub,,eip155:8453|eip155:143,,False,,https://api.monid.ai/public/v1/providers/tikhub/endpoints/api/v1/douyin/xingtu_v2/get_demander_mcn_list
tikhub,/api/v1/douyin/xingtu_v2/get_excellent_case_category_list,/api/v1/douyin/xingtu_v2/get_excellent_case_category_list,GET,"{""type"":""PER_CALL"",""amount"":{""value"":0.001,""currency"":""USD""}}",,douyin|tikhub,,eip155:8453|eip155:143,,False,,https://api.monid.ai/public/v1/providers/tikhub/endpoints/api/v1/douyin/xingtu_v2/get_excellent_case_category_list
tikhub,/api/v1/douyin/xingtu_v2/get_ip_activity_detail,/api/v1/douyin/xingtu_v2/get_ip_activity_detail,GET,"{""type"":""PER_CALL"",""amount"":{""value"":0.001,""currency"":""USD""}}",,douyin|tikhub,,eip155:8453|eip155:143,,False,,https://api.monid.ai/public/v1/providers/tikhub/endpoints/api/v1/douyin/xingtu_v2/get_ip_activity_detail
tikhub,/api/v1/douyin/xingtu_v2/get_ip_activity_industry_list,/api/v1/douyin/xingtu_v2/get_ip_activity_industry_list,GET,"{""type"":""PER_CALL"",""amount"":{""value"":0.001,""currency"":""USD""}}",,douyin|tikhub,,eip155:8453|eip155:143,,False,,https://api.monid.ai/public/v1/providers/tikhub/endpoints/api/v1/douyin/xingtu_v2/get_ip_activity_industry_list
tikhub,/api/v1/douyin/xingtu_v2/get_ip_activity_list,/api/v1/douyin/xingtu_v2/get_ip_activity_list,POST,"{""type"":""PER_CALL"",""amount"":{""value"":0.002,""currency"":""USD""}}",,douyin|tikhub,,eip155:8453|eip155:143,,False,,https://api.monid.ai/public/v1/providers/tikhub/endpoints/api/v1/douyin/xingtu_v2/get_ip_activity_list
tikhub,/api/v1/douyin/xingtu_v2/get_item_play_count,/api/v1/douyin/xingtu_v2/get_item_play_count,GET,"{""type"":""PER_CALL"",""amount"":{""value"":0.002,""currency"":""USD""}}",,douyin|tikhub,,eip155:8453|eip155:143,,False,,https://api.monid.ai/public/v1/providers/tikhub/endpoints/api/v1/douyin/xingtu_v2/get_item_play_count
tikhub,/api/v1/douyin/xingtu_v2/get_item_report_comments,/api/v1/douyin/xingtu_v2/get_item_report_comments,POST,"{""type"":""PER_CALL"",""amount"":{""value"":0.003,""currency"":""USD""}}",,douyin|tikhub,,eip155:8453|eip155:143,,False,,https://api.monid.ai/public/v1/providers/tikhub/endpoints/api/v1/douyin/xingtu_v2/get_item_report_comments
tikhub,/api/v1/douyin/xingtu_v2/get_item_report_detail,/api/v1/douyin/xingtu_v2/get_item_report_detail,POST,"{""type"":""PER_CALL"",""amount"":{""value"":0.002,""currency"":""USD""}}",,douyin|tikhub,,eip155:8453|eip155:143,,False,,https://api.monid.ai/public/v1/providers/tikhub/endpoints/api/v1/douyin/xingtu_v2/get_item_report_detail
tikhub,/api/v1/douyin/xingtu_v2/get_item_report_th_analysis,/api/v1/douyin/xingtu_v2/get_item_report_th_analysis,POST,"{""type"":""PER_CALL"",""amount"":{""value"":0.003,""currency"":""USD""}}",,douyin|tikhub,,eip155:8453|eip155:143,,False,,https://api.monid.ai/public/v1/providers/tikhub/endpoints/api/v1/douyin/xingtu_v2/get_item_report_th_analysis
tikhub,/api/v1/douyin/xingtu_v2/get_item_report_trend,/api/v1/douyin/xingtu_v2/get_item_report_trend,POST,"{""type"":""PER_CALL"",""amount"":{""value"":0.003,""currency"":""USD""}}",,douyin|tikhub,,eip155:8453|eip155:143,,False,,https://api.monid.ai/public/v1/providers/tikhub/endpoints/api/v1/douyin/xingtu_v2/get_item_report_trend
tikhub,/api/v1/douyin/xingtu_v2/get_playlet_actor_rank_catalog,/api/v1/douyin/xingtu_v2/get_playlet_actor_rank_catalog,POST,"{""type"":""PER_CALL"",""amount"":{""value"":0.001,""currency"":""USD""}}",,douyin|tikhub,,eip155:8453|eip155:143,,False,,https://api.monid.ai/public/v1/providers/tikhub/endpoints/api/v1/douyin/xingtu_v2/get_playlet_actor_rank_catalog
tikhub,/api/v1/douyin/xingtu_v2/get_playlet_actor_rank_list,/api/v1/douyin/xingtu_v2/get_playlet_actor_rank_list,GET,"{""type"":""PER_CALL"",""amount"":{""value"":0.002,""currency"":""USD""}}",,douyin|tikhub,,eip155:8453|eip155:143,,False,,https://api.monid.ai/public/v1/providers/tikhub/endpoints/api/v1/douyin/xingtu_v2/get_playlet_actor_rank_list
tikhub,/api/v1/douyin/xingtu_v2/get_ranking_list_catalog,/api/v1/douyin/xingtu_v2/get_ranking_list_catalog,GET,"{""type"":""PER_CALL"",""amount"":{""value"":0.001,""currency"":""USD""}}",,douyin|tikhub,,eip155:8453|eip155:143,,False,,https://api.monid.ai/public/v1/providers/tikhub/endpoints/api/v1/douyin/xingtu_v2/get_ranking_list_catalog
tikhub,/api/v1/douyin/xingtu_v2/get_ranking_list_data,/api/v1/douyin/xingtu_v2/get_ranking_list_data,GET,"{""type"":""PER_CALL"",""amount"":{""value"":0.002,""currency"":""USD""}}",,douyin|tikhub,,eip155:8453|eip155:143,,False,,https://api.monid.ai/public/v1/providers/tikhub/endpoints/api/v1/douyin/xingtu_v2/get_ranking_list_data
tikhub,/api/v1/douyin/xingtu_v2/get_recommend_for_star_authors,/api/v1/douyin/xingtu_v2/get_recommend_for_star_authors,POST,"{""type"":""PER_CALL"",""amount"":{""value"":0.001,""currency"":""USD""}}",,douyin|tikhub,,eip155:8453|eip155:143,,False,,https://api.monid.ai/public/v1/providers/tikhub/endpoints/api/v1/douyin/xingtu_v2/get_recommend_for_star_authors
tikhub,/api/v1/douyin/xingtu_v2/get_resource_list,/api/v1/douyin/xingtu_v2/get_resource_list,GET,"{""type"":""PER_CALL"",""amount"":{""value"":0.001,""currency"":""USD""}}",,douyin|tikhub,,eip155:8453|eip155:143,,False,,https://api.monid.ai/public/v1/providers/tikhub/endpoints/api/v1/douyin/xingtu_v2/get_resource_list
tikhub,/api/v1/douyin/xingtu_v2/get_search_field_options,/api/v1/douyin/xingtu_v2/get_search_field_options,GET,"{""type"":""PER_CALL"",""amount"":{""value"":0.002,""currency"":""USD""}}",,douyin|tikhub,,eip155:8453|eip155:143,,False,,https://api.monid.ai/public/v1/providers/tikhub/endpoints/api/v1/douyin/xingtu_v2/get_search_field_options
tikhub,/api/v1/douyin/xingtu_v2/get_user_profile_qrcode,/api/v1/douyin/xingtu_v2/get_user_profile_qrcode,GET,"{""type"":""PER_CALL"",""amount"":{""value"":0.002,""currency"":""USD""}}",,douyin|tikhub,,eip155:8453|eip155:143,,False,,https://api.monid.ai/public/v1/providers/tikhub/endpoints/api/v1/douyin/xingtu_v2/get_user_profile_qrcode
tikhub,/api/v1/douyin/xingtu_v2/get_xingtu_kolid_by_sec_user_id,/api/v1/douyin/xingtu_v2/get_xingtu_kolid_by_sec_user_id,GET,"{""type"":""PER_CALL"",""amount"":{""value"":0.002,""currency"":""USD""}}",,douyin|tikhub,,eip155:8453|eip155:143,,False,,https://api.monid.ai/public/v1/providers/tikhub/endpoints/api/v1/douyin/xingtu_v2/get_xingtu_kolid_by_sec_user_id
tikhub,/api/v1/douyin/xingtu_v2/get_xingtu_kolid_by_uid,/api/v1/douyin/xingtu_v2/get_xingtu_kolid_by_uid,GET,"{""type"":""PER_CALL"",""amount"":{""value"":0.002,""currency"":""USD""}}",,douyin|tikhub,,eip155:8453|eip155:143,,False,,https://api.monid.ai/public/v1/providers/tikhub/endpoints/api/v1/douyin/xingtu_v2/get_xingtu_kolid_by_uid
tikhub,/api/v1/douyin/xingtu_v2/get_xingtu_kolid_by_unique_id,/api/v1/douyin/xingtu_v2/get_xingtu_kolid_by_unique_id,GET,"{""type"":""PER_CALL"",""amount"":{""value"":0.002,""currency"":""USD""}}",,douyin|tikhub,,eip155:8453|eip155:143,,False,,https://api.monid.ai/public/v1/providers/tikhub/endpoints/api/v1/douyin/xingtu_v2/get_xingtu_kolid_by_unique_id
tikhub,/api/v1/douyin/xingtu_v2/multi_get_author_info,/api/v1/douyin/xingtu_v2/multi_get_author_info,POST,"{""type"":""PER_CALL"",""amount"":{""value"":0.002,""currency"":""USD""}}",,douyin|tikhub,,eip155:8453|eip155:143,,False,,https://api.monid.ai/public/v1/providers/tikhub/endpoints/api/v1/douyin/xingtu_v2/multi_get_author_info
tikhub,/api/v1/douyin/xingtu_v2/multi_get_item_stats,/api/v1/douyin/xingtu_v2/multi_get_item_stats,POST,"{""type"":""PER_CALL"",""amount"":{""value"":0.04,""currency"":""USD""}}",,douyin|tikhub,,eip155:8453|eip155:143,,False,,https://api.monid.ai/public/v1/providers/tikhub/endpoints/api/v1/douyin/xingtu_v2/multi_get_item_stats
tikhub,/api/v1/douyin/xingtu_v2/search_anchor,/api/v1/douyin/xingtu_v2/search_anchor,GET,"{""type"":""PER_CALL"",""amount"":{""value"":0.001,""currency"":""USD""}}",,douyin|tikhub,,eip155:8453|eip155:143,,False,,https://api.monid.ai/public/v1/providers/tikhub/endpoints/api/v1/douyin/xingtu_v2/search_anchor
tikhub,/api/v1/douyin/xingtu_v2/search_creator,/api/v1/douyin/xingtu_v2/search_creator,GET,"{""type"":""PER_CALL"",""amount"":{""value"":0.002,""currency"":""USD""}}",,douyin|tikhub,,eip155:8453|eip155:143,,False,,https://api.monid.ai/public/v1/providers/tikhub/endpoints/api/v1/douyin/xingtu_v2/search_creator
tikhub,/api/v1/douyin/xingtu_v2/search_toutiao_creator,/api/v1/douyin/xingtu_v2/search_toutiao_creator,GET,"{""type"":""PER_CALL"",""amount"":{""value"":0.001,""currency"":""USD""}}",,douyin|tikhub,,eip155:8453|eip155:143,,False,,https://api.monid.ai/public/v1/providers/tikhub/endpoints/api/v1/douyin/xingtu_v2/search_toutiao_creator
tikhub,/api/v1/instagram/v1/fetch_cities,/api/v1/instagram/v1/fetch_cities,GET,"{""type"":""PER_CALL"",""amount"":{""value"":0.001,""currency"":""USD""}}",verified,instagram|tikhub,,eip155:8453|eip155:143,,False,,https://api.monid.ai/public/v1/providers/tikhub/endpoints/api/v1/instagram/v1/fetch_cities
tikhub,/api/v1/instagram/v1/fetch_comment_replies,/api/v1/instagram/v1/fetch_comment_replies,GET,"{""type"":""PER_CALL"",""amount"":{""value"":0.001,""currency"":""USD""}}",verified,instagram|tikhub,,eip155:8453|eip155:143,,False,,https://api.monid.ai/public/v1/providers/tikhub/endpoints/api/v1/instagram/v1/fetch_comment_replies
tikhub,/api/v1/instagram/v1/fetch_explore_sections,/api/v1/instagram/v1/fetch_explore_sections,GET,"{""type"":""PER_CALL"",""amount"":{""value"":0.001,""currency"":""USD""}}",verified,instagram|tikhub,,eip155:8453|eip155:143,,False,,https://api.monid.ai/public/v1/providers/tikhub/endpoints/api/v1/instagram/v1/fetch_explore_sections
tikhub,/api/v1/instagram/v1/fetch_hashtag_posts,/api/v1/instagram/v1/fetch_hashtag_posts,GET,"{""type"":""PER_CALL"",""amount"":{""value"":0.001,""currency"":""USD""}}",verified,instagram|tikhub,,eip155:8453|eip155:143,,False,,https://api.monid.ai/public/v1/providers/tikhub/endpoints/api/v1/instagram/v1/fetch_hashtag_posts
tikhub,/api/v1/instagram/v1/fetch_location_info,/api/v1/instagram/v1/fetch_location_info,GET,"{""type"":""PER_CALL"",""amount"":{""value"":0.001,""currency"":""USD""}}",verified,instagram|tikhub,,eip155:8453|eip155:143,,False,,https://api.monid.ai/public/v1/providers/tikhub/endpoints/api/v1/instagram/v1/fetch_location_info
tikhub,/api/v1/instagram/v1/fetch_location_posts,/api/v1/instagram/v1/fetch_location_posts,GET,"{""type"":""PER_CALL"",""amount"":{""value"":0.001,""currency"":""USD""}}",verified,instagram|tikhub,,eip155:8453|eip155:143,,False,,https://api.monid.ai/public/v1/providers/tikhub/endpoints/api/v1/instagram/v1/fetch_location_posts
tikhub,/api/v1/instagram/v1/fetch_locations,/api/v1/instagram/v1/fetch_locations,GET,"{""type"":""PER_CALL"",""amount"":{""value"":0.001,""currency"":""USD""}}",verified,instagram|tikhub,,eip155:8453|eip155:143,,False,,https://api.monid.ai/public/v1/providers/tikhub/endpoints/api/v1/instagram/v1/fetch_locations
tikhub,/api/v1/instagram/v1/fetch_music_posts,/api/v1/instagram/v1/fetch_music_posts,GET,"{""type"":""PER_CALL"",""amount"":{""value"":0.001,""currency"":""USD""}}",verified,instagram|tikhub,,eip155:8453|eip155:143,,False,,https://api.monid.ai/public/v1/providers/tikhub/endpoints/api/v1/instagram/v1/fetch_music_posts
tikhub,/api/v1/instagram/v1/fetch_post_by_id,/api/v1/instagram/v1/fetch_post_by_id,GET,"{""type"":""PER_CALL"",""amount"":{""value"":0.001,""currency"":""USD""}}",verified,instagram|tikhub,,eip155:8453|eip155:143,,False,,https://api.monid.ai/public/v1/providers/tikhub/endpoints/api/v1/instagram/v1/fetch_post_by_id
tikhub,/api/v1/instagram/v1/fetch_post_by_url,/api/v1/instagram/v1/fetch_post_by_url,GET,"{""type"":""PER_CALL"",""amount"":{""value"":0.001,""currency"":""USD""}}",verified,instagram|tikhub,,eip155:8453|eip155:143,,False,,https://api.monid.ai/public/v1/providers/tikhub/endpoints/api/v1/instagram/v1/fetch_post_by_url
tikhub,/api/v1/instagram/v1/fetch_post_by_url_v2,/api/v1/instagram/v1/fetch_post_by_url_v2,GET,"{""type"":""PER_CALL"",""amount"":{""value"":0.001,""currency"":""USD""}}",verified,instagram|tikhub,,eip155:8453|eip155:143,,False,,https://api.monid.ai/public/v1/providers/tikhub/endpoints/api/v1/instagram/v1/fetch_post_by_url_v2
tikhub,/api/v1/instagram/v1/fetch_related_profiles,/api/v1/instagram/v1/fetch_related_profiles,GET,"{""type"":""PER_CALL"",""amount"":{""value"":0.001,""currency"":""USD""}}",verified,instagram|tikhub,,eip155:8453|eip155:143,,False,,https://api.monid.ai/public/v1/providers/tikhub/endpoints/api/v1/instagram/v1/fetch_related_profiles
tikhub,/api/v1/instagram/v1/fetch_search,/api/v1/instagram/v1/fetch_search,GET,"{""type"":""PER_CALL"",""amount"":{""value"":0.001,""currency"":""USD""}}",verified,instagram|tikhub,,eip155:8453|eip155:143,,False,,https://api.monid.ai/public/v1/providers/tikhub/endpoints/api/v1/instagram/v1/fetch_search
tikhub,/api/v1/instagram/v1/fetch_section_posts,/api/v1/instagram/v1/fetch_section_posts,GET,"{""type"":""PER_CALL"",""amount"":{""value"":0.001,""currency"":""USD""}}",verified,instagram|tikhub,,eip155:8453|eip155:143,,False,,https://api.monid.ai/public/v1/providers/tikhub/endpoints/api/v1/instagram/v1/fetch_section_posts
tikhub,/api/v1/instagram/v1/fetch_user_about_info,/api/v1/instagram/v1/fetch_user_about_info,GET,"{""type"":""PER_CALL"",""amount"":{""value"":0.001,""currency"":""USD""}}",verified,instagram|tikhub,,eip155:8453|eip155:143,,False,,https://api.monid.ai/public/v1/providers/tikhub/endpoints/api/v1/instagram/v1/fetch_user_about_info
tikhub,/api/v1/instagram/v1/fetch_user_info_by_id,/api/v1/instagram/v1/fetch_user_info_by_id,GET,"{""type"":""PER_CALL"",""amount"":{""value"":0.001,""currency"":""USD""}}",verified,instagram|tikhub,,eip155:8453|eip155:143,,False,,https://api.monid.ai/public/v1/providers/tikhub/endpoints/api/v1/instagram/v1/fetch_user_info_by_id
tikhub,/api/v1/instagram/v1/fetch_user_info_by_id_v2,/api/v1/instagram/v1/fetch_user_info_by_id_v2,GET,"{""type"":""PER_CALL"",""amount"":{""value"":0.001,""currency"":""USD""}}",verified,instagram|tikhub,,eip155:8453|eip155:143,,False,,https://api.monid.ai/public/v1/providers/tikhub/endpoints/api/v1/instagram/v1/fetch_user_info_by_id_v2
tikhub,/api/v1/instagram/v1/fetch_user_info_by_username,/api/v1/instagram/v1/fetch_user_info_by_username,GET,"{""type"":""PER_CALL"",""amount"":{""value"":0.001,""currency"":""USD""}}",verified,instagram|tikhub,,eip155:8453|eip155:143,,False,,https://api.monid.ai/public/v1/providers/tikhub/endpoints/api/v1/instagram/v1/fetch_user_info_by_username
tikhub,/api/v1/instagram/v1/fetch_user_info_by_username_v2,/api/v1/instagram/v1/fetch_user_info_by_username_v2,GET,"{""type"":""PER_CALL"",""amount"":{""value"":0.001,""currency"":""USD""}}",verified,instagram|tikhub,,eip155:8453|eip155:143,,False,,https://api.monid.ai/public/v1/providers/tikhub/endpoints/api/v1/instagram/v1/fetch_user_info_by_username_v2
tikhub,/api/v1/instagram/v1/fetch_user_info_by_username_v3,/api/v1/instagram/v1/fetch_user_info_by_username_v3,GET,"{""type"":""PER_CALL"",""amount"":{""value"":0.001,""currency"":""USD""}}",verified,instagram|tikhub,,eip155:8453|eip155:143,,False,,https://api.monid.ai/public/v1/providers/tikhub/endpoints/api/v1/instagram/v1/fetch_user_info_by_username_v3
tikhub,/api/v1/instagram/v1/fetch_user_posts,/api/v1/instagram/v1/fetch_user_posts,GET,"{""type"":""PER_CALL"",""amount"":{""value"":0.001,""currency"":""USD""}}",verified,instagram|tikhub,,eip155:8453|eip155:143,,False,,https://api.monid.ai/public/v1/providers/tikhub/endpoints/api/v1/instagram/v1/fetch_user_posts
tikhub,/api/v1/instagram/v1/fetch_user_posts_v2,/api/v1/instagram/v1/fetch_user_posts_v2,GET,"{""type"":""PER_CALL"",""amount"":{""value"":0.001,""currency"":""USD""}}",verified,instagram|tikhub,,eip155:8453|eip155:143,,False,,https://api.monid.ai/public/v1/providers/tikhub/endpoints/api/v1/instagram/v1/fetch_user_posts_v2
tikhub,/api/v1/instagram/v1/fetch_user_reels,/api/v1/instagram/v1/fetch_user_reels,GET,"{""type"":""PER_CALL"",""amount"":{""value"":0.001,""currency"":""USD""}}",verified,instagram|tikhub,,eip155:8453|eip155:143,,False,,https://api.monid.ai/public/v1/providers/tikhub/endpoints/api/v1/instagram/v1/fetch_user_reels
tikhub,/api/v1/instagram/v1/fetch_user_reposts,/api/v1/instagram/v1/fetch_user_reposts,GET,"{""type"":""PER_CALL"",""amount"":{""value"":0.001,""currency"":""USD""}}",verified,instagram|tikhub,,eip155:8453|eip155:143,,False,,https://api.monid.ai/public/v1/providers/tikhub/endpoints/api/v1/instagram/v1/fetch_user_reposts
tikhub,/api/v1/instagram/v1/fetch_user_tagged_posts,/api/v1/instagram/v1/fetch_user_tagged_posts,GET,"{""type"":""PER_CALL"",""amount"":{""value"":0.001,""currency"":""USD""}}",verified,instagram|tikhub,,eip155:8453|eip155:143,,False,,https://api.monid.ai/public/v1/providers/tikhub/endpoints/api/v1/instagram/v1/fetch_user_tagged_posts
tikhub,/api/v1/instagram/v1/media_id_to_shortcode,/api/v1/instagram/v1/media_id_to_shortcode,GET,"{""type"":""PER_CALL"",""amount"":{""value"":0.001,""currency"":""USD""}}",verified,instagram|tikhub,,eip155:8453|eip155:143,,False,,https://api.monid.ai/public/v1/providers/tikhub/endpoints/api/v1/instagram/v1/media_id_to_shortcode
tikhub,/api/v1/instagram/v1/shortcode_to_media_id,/api/v1/instagram/v1/shortcode_to_media_id,GET,"{""type"":""PER_CALL"",""amount"":{""value"":0.001,""currency"":""USD""}}",verified,instagram|tikhub,,eip155:8453|eip155:143,,False,,https://api.monid.ai/public/v1/providers/tikhub/endpoints/api/v1/instagram/v1/shortcode_to_media_id
tikhub,/api/v1/instagram/v1/user_id_to_username,/api/v1/instagram/v1/user_id_to_username,GET,"{""type"":""PER_CALL"",""amount"":{""value"":0.001,""currency"":""USD""}}",verified,instagram|tikhub,,eip155:8453|eip155:143,,False,,https://api.monid.ai/public/v1/providers/tikhub/endpoints/api/v1/instagram/v1/user_id_to_username
tikhub,/api/v1/instagram/v2/fetch_comment_replies,/api/v1/instagram/v2/fetch_comment_replies,GET,"{""type"":""PER_CALL"",""amount"":{""value"":0.002,""currency"":""USD""}}",verified,instagram|tikhub,,eip155:8453|eip155:143,,False,,https://api.monid.ai/public/v1/providers/tikhub/endpoints/api/v1/instagram/v2/fetch_comment_replies
tikhub,/api/v1/instagram/v2/fetch_hashtag_posts,/api/v1/instagram/v2/fetch_hashtag_posts,GET,"{""type"":""PER_CALL"",""amount"":{""value"":0.002,""currency"":""USD""}}",verified,instagram|tikhub,,eip155:8453|eip155:143,,False,,https://api.monid.ai/public/v1/providers/tikhub/endpoints/api/v1/instagram/v2/fetch_hashtag_posts
tikhub,/api/v1/instagram/v2/fetch_highlight_stories,/api/v1/instagram/v2/fetch_highlight_stories,GET,"{""type"":""PER_CALL"",""amount"":{""value"":0.002,""currency"":""USD""}}",verified,instagram|tikhub,,eip155:8453|eip155:143,,False,,https://api.monid.ai/public/v1/providers/tikhub/endpoints/api/v1/instagram/v2/fetch_highlight_stories
tikhub,/api/v1/instagram/v2/fetch_location_posts,/api/v1/instagram/v2/fetch_location_posts,GET,"{""type"":""PER_CALL"",""amount"":{""value"":0.002,""currency"":""USD""}}",verified,instagram|tikhub,,eip155:8453|eip155:143,,False,,https://api.monid.ai/public/v1/providers/tikhub/endpoints/api/v1/instagram/v2/fetch_location_posts
tikhub,/api/v1/instagram/v2/fetch_music_posts,/api/v1/instagram/v2/fetch_music_posts,GET,"{""type"":""PER_CALL"",""amount"":{""value"":0.002,""currency"":""USD""}}",verified,instagram|tikhub,,eip155:8453|eip155:143,,False,,https://api.monid.ai/public/v1/providers/tikhub/endpoints/api/v1/instagram/v2/fetch_music_posts
tikhub,/api/v1/instagram/v2/fetch_post_comments,/api/v1/instagram/v2/fetch_post_comments,GET,"{""type"":""PER_CALL"",""amount"":{""value"":0.002,""currency"":""USD""}}",verified,instagram|tikhub,,eip155:8453|eip155:143,,False,,https://api.monid.ai/public/v1/providers/tikhub/endpoints/api/v1/instagram/v2/fetch_post_comments
tikhub,/api/v1/instagram/v2/fetch_post_info,/api/v1/instagram/v2/fetch_post_info,GET,"{""type"":""PER_CALL"",""amount"":{""value"":0.002,""currency"":""USD""}}",verified,instagram|tikhub,,eip155:8453|eip155:143,,False,,https://api.monid.ai/public/v1/providers/tikhub/endpoints/api/v1/instagram/v2/fetch_post_info
tikhub,/api/v1/instagram/v2/fetch_post_likes,/api/v1/instagram/v2/fetch_post_likes,GET,"{""type"":""PER_CALL"",""amount"":{""value"":0.002,""currency"":""USD""}}",verified,instagram|tikhub,,eip155:8453|eip155:143,,False,,https://api.monid.ai/public/v1/providers/tikhub/endpoints/api/v1/instagram/v2/fetch_post_likes
tikhub,/api/v1/instagram/v2/fetch_similar_users,/api/v1/instagram/v2/fetch_similar_users,GET,"{""type"":""PER_CALL"",""amount"":{""value"":0.002,""currency"":""USD""}}",verified,instagram|tikhub,,eip155:8453|eip155:143,,False,,https://api.monid.ai/public/v1/providers/tikhub/endpoints/api/v1/instagram/v2/fetch_similar_users
tikhub,/api/v1/instagram/v2/fetch_user_followers,/api/v1/instagram/v2/fetch_user_followers,GET,"{""type"":""PER_CALL"",""amount"":{""value"":0.002,""currency"":""USD""}}",verified,instagram|tikhub,,eip155:8453|eip155:143,,False,,https://api.monid.ai/public/v1/providers/tikhub/endpoints/api/v1/instagram/v2/fetch_user_followers
tikhub,/api/v1/instagram/v2/fetch_user_following,/api/v1/instagram/v2/fetch_user_following,GET,"{""type"":""PER_CALL"",""amount"":{""value"":0.002,""currency"":""USD""}}",verified,instagram|tikhub,,eip155:8453|eip155:143,,False,,https://api.monid.ai/public/v1/providers/tikhub/endpoints/api/v1/instagram/v2/fetch_user_following
tikhub,/api/v1/instagram/v2/fetch_user_highlights,/api/v1/instagram/v2/fetch_user_highlights,GET,"{""type"":""PER_CALL"",""amount"":{""value"":0.002,""currency"":""USD""}}",verified,instagram|tikhub,,eip155:8453|eip155:143,,False,,https://api.monid.ai/public/v1/providers/tikhub/endpoints/api/v1/instagram/v2/fetch_user_highlights
tikhub,/api/v1/instagram/v2/fetch_user_info,/api/v1/instagram/v2/fetch_user_info,GET,"{""type"":""PER_CALL"",""amount"":{""value"":0.002,""currency"":""USD""}}",verified,instagram|tikhub,,eip155:8453|eip155:143,,False,,https://api.monid.ai/public/v1/providers/tikhub/endpoints/api/v1/instagram/v2/fetch_user_info
tikhub,/api/v1/instagram/v2/fetch_user_posts,/api/v1/instagram/v2/fetch_user_posts,GET,"{""type"":""PER_CALL"",""amount"":{""value"":0.002,""currency"":""USD""}}",verified,instagram|tikhub,,eip155:8453|eip155:143,,False,,https://api.monid.ai/public/v1/providers/tikhub/endpoints/api/v1/instagram/v2/fetch_user_posts
tikhub,/api/v1/instagram/v2/fetch_user_reels,/api/v1/instagram/v2/fetch_user_reels,GET,"{""type"":""PER_CALL"",""amount"":{""value"":0.002,""currency"":""USD""}}",verified,instagram|tikhub,,eip155:8453|eip155:143,,False,,https://api.monid.ai/public/v1/providers/tikhub/endpoints/api/v1/instagram/v2/fetch_user_reels
tikhub,/api/v1/instagram/v2/fetch_user_stories,/api/v1/instagram/v2/fetch_user_stories,GET,"{""type"":""PER_CALL"",""amount"":{""value"":0.002,""currency"":""USD""}}",verified,instagram|tikhub,,eip155:8453|eip155:143,,False,,https://api.monid.ai/public/v1/providers/tikhub/endpoints/api/v1/instagram/v2/fetch_user_stories
tikhub,/api/v1/instagram/v2/fetch_user_tagged_posts,/api/v1/instagram/v2/fetch_user_tagged_posts,GET,"{""type"":""PER_CALL"",""amount"":{""value"":0.002,""currency"":""USD""}}",verified,instagram|tikhub,,eip155:8453|eip155:143,,False,,https://api.monid.ai/public/v1/providers/tikhub/endpoints/api/v1/instagram/v2/fetch_user_tagged_posts
tikhub,/api/v1/instagram/v2/general_search,/api/v1/instagram/v2/general_search,GET,"{""type"":""PER_CALL"",""amount"":{""value"":0.002,""currency"":""USD""}}",verified,instagram|tikhub,,eip155:8453|eip155:143,,False,,https://api.monid.ai/public/v1/providers/tikhub/endpoints/api/v1/instagram/v2/general_search
tikhub,/api/v1/instagram/v2/media_id_to_shortcode,/api/v1/instagram/v2/media_id_to_shortcode,GET,"{""type"":""PER_CALL"",""amount"":{""value"":0.002,""currency"":""USD""}}",verified,instagram|tikhub,,eip155:8453|eip155:143,,False,,https://api.monid.ai/public/v1/providers/tikhub/endpoints/api/v1/instagram/v2/media_id_to_shortcode
tikhub,/api/v1/instagram/v2/search_by_coordinates,/api/v1/instagram/v2/search_by_coordinates,GET,"{""type"":""PER_CALL"",""amount"":{""value"":0.002,""currency"":""USD""}}",verified,instagram|tikhub,,eip155:8453|eip155:143,,False,,https://api.monid.ai/public/v1/providers/tikhub/endpoints/api/v1/instagram/v2/search_by_coordinates
tikhub,/api/v1/instagram/v2/search_hashtags,/api/v1/instagram/v2/search_hashtags,GET,"{""type"":""PER_CALL"",""amount"":{""value"":0.002,""currency"":""USD""}}",verified,instagram|tikhub,,eip155:8453|eip155:143,,False,,https://api.monid.ai/public/v1/providers/tikhub/endpoints/api/v1/instagram/v2/search_hashtags
tikhub,/api/v1/instagram/v2/search_locations,/api/v1/instagram/v2/search_locations,GET,"{""type"":""PER_CALL"",""amount"":{""value"":0.002,""currency"":""USD""}}",verified,instagram|tikhub,,eip155:8453|eip155:143,,False,,https://api.monid.ai/public/v1/providers/tikhub/endpoints/api/v1/instagram/v2/search_locations
tikhub,/api/v1/instagram/v2/search_music,/api/v1/instagram/v2/search_music,GET,"{""type"":""PER_CALL"",""amount"":{""value"":0.002,""currency"":""USD""}}",verified,instagram|tikhub,,eip155:8453|eip155:143,,False,,https://api.monid.ai/public/v1/providers/tikhub/endpoints/api/v1/instagram/v2/search_music
tikhub,/api/v1/instagram/v2/search_reels,/api/v1/instagram/v2/search_reels,GET,"{""type"":""PER_CALL"",""amount"":{""value"":0.002,""currency"":""USD""}}",verified,instagram|tikhub,,eip155:8453|eip155:143,,False,,https://api.monid.ai/public/v1/providers/tikhub/endpoints/api/v1/instagram/v2/search_reels
tikhub,/api/v1/instagram/v2/search_users,/api/v1/instagram/v2/search_users,GET,"{""type"":""PER_CALL"",""amount"":{""value"":0.002,""currency"":""USD""}}",verified,instagram|tikhub,,eip155:8453|eip155:143,,False,,https://api.monid.ai/public/v1/providers/tikhub/endpoints/api/v1/instagram/v2/search_users
tikhub,/api/v1/instagram/v2/shortcode_to_media_id,/api/v1/instagram/v2/shortcode_to_media_id,GET,"{""type"":""PER_CALL"",""amount"":{""value"":0.002,""currency"":""USD""}}",verified,instagram|tikhub,,eip155:8453|eip155:143,,False,,https://api.monid.ai/public/v1/providers/tikhub/endpoints/api/v1/instagram/v2/shortcode_to_media_id
tikhub,/api/v1/instagram/v2/user_id_to_username,/api/v1/instagram/v2/user_id_to_username,GET,"{""type"":""PER_CALL"",""amount"":{""value"":0.002,""currency"":""USD""}}",verified,instagram|tikhub,,eip155:8453|eip155:143,,False,,https://api.monid.ai/public/v1/providers/tikhub/endpoints/api/v1/instagram/v2/user_id_to_username
tikhub,/api/v1/kuaishou/app/fetch_brand_top_list,/api/v1/kuaishou/app/fetch_brand_top_list,GET,"{""type"":""PER_CALL"",""amount"":{""value"":0.001,""currency"":""USD""}}",,kuaishou|tikhub,,eip155:8453|eip155:143,,False,,https://api.monid.ai/public/v1/providers/tikhub/endpoints/api/v1/kuaishou/app/fetch_brand_top_list
tikhub,/api/v1/kuaishou/app/fetch_hot_board_categories,/api/v1/kuaishou/app/fetch_hot_board_categories,GET,"{""type"":""PER_CALL"",""amount"":{""value"":0.001,""currency"":""USD""}}",,kuaishou|tikhub,,eip155:8453|eip155:143,,False,,https://api.monid.ai/public/v1/providers/tikhub/endpoints/api/v1/kuaishou/app/fetch_hot_board_categories
tikhub,/api/v1/kuaishou/app/fetch_hot_board_detail,/api/v1/kuaishou/app/fetch_hot_board_detail,GET,"{""type"":""PER_CALL"",""amount"":{""value"":0.001,""currency"":""USD""}}",,kuaishou|tikhub,,eip155:8453|eip155:143,,False,,https://api.monid.ai/public/v1/providers/tikhub/endpoints/api/v1/kuaishou/app/fetch_hot_board_detail
tikhub,/api/v1/kuaishou/app/fetch_hot_search_person,/api/v1/kuaishou/app/fetch_hot_search_person,GET,"{""type"":""PER_CALL"",""amount"":{""value"":0.001,""currency"":""USD""}}",,kuaishou|tikhub,,eip155:8453|eip155:143,,False,,https://api.monid.ai/public/v1/providers/tikhub/endpoints/api/v1/kuaishou/app/fetch_hot_search_person
tikhub,/api/v1/kuaishou/app/fetch_live_top_list,/api/v1/kuaishou/app/fetch_live_top_list,GET,"{""type"":""PER_CALL"",""amount"":{""value"":0.001,""currency"":""USD""}}",,kuaishou|tikhub,,eip155:8453|eip155:143,,False,,https://api.monid.ai/public/v1/providers/tikhub/endpoints/api/v1/kuaishou/app/fetch_live_top_list
tikhub,/api/v1/kuaishou/app/fetch_music_ranking,/api/v1/kuaishou/app/fetch_music_ranking,GET,"{""type"":""PER_CALL"",""amount"":{""value"":0.001,""currency"":""USD""}}",,kuaishou|tikhub,,eip155:8453|eip155:143,,False,,https://api.monid.ai/public/v1/providers/tikhub/endpoints/api/v1/kuaishou/app/fetch_music_ranking
tikhub,/api/v1/kuaishou/app/fetch_one_user_v2,/api/v1/kuaishou/app/fetch_one_user_v2,GET,"{""type"":""PER_CALL"",""amount"":{""value"":0.01,""currency"":""USD""}}",,kuaishou|tikhub,,eip155:8453|eip155:143,,False,,https://api.monid.ai/public/v1/providers/tikhub/endpoints/api/v1/kuaishou/app/fetch_one_user_v2
tikhub,/api/v1/kuaishou/app/fetch_one_video,/api/v1/kuaishou/app/fetch_one_video,GET,"{""type"":""PER_CALL"",""amount"":{""value"":0.001,""currency"":""USD""}}",,kuaishou|tikhub,,eip155:8453|eip155:143,,False,,https://api.monid.ai/public/v1/providers/tikhub/endpoints/api/v1/kuaishou/app/fetch_one_video
tikhub,/api/v1/kuaishou/app/fetch_one_video_by_url,/api/v1/kuaishou/app/fetch_one_video_by_url,GET,"{""type"":""PER_CALL"",""amount"":{""value"":0.001,""currency"":""USD""}}",,kuaishou|tikhub,,eip155:8453|eip155:143,,False,,https://api.monid.ai/public/v1/providers/tikhub/endpoints/api/v1/kuaishou/app/fetch_one_video_by_url
tikhub,/api/v1/kuaishou/app/fetch_selection_feed,/api/v1/kuaishou/app/fetch_selection_feed,GET,"{""type"":""PER_CALL"",""amount"":{""value"":0.001,""currency"":""USD""}}",,kuaishou|tikhub,,eip155:8453|eip155:143,,False,,https://api.monid.ai/public/v1/providers/tikhub/endpoints/api/v1/kuaishou/app/fetch_selection_feed
tikhub,/api/v1/kuaishou/app/fetch_shopping_top_list,/api/v1/kuaishou/app/fetch_shopping_top_list,GET,"{""type"":""PER_CALL"",""amount"":{""value"":0.001,""currency"":""USD""}}",,kuaishou|tikhub,,eip155:8453|eip155:143,,False,,https://api.monid.ai/public/v1/providers/tikhub/endpoints/api/v1/kuaishou/app/fetch_shopping_top_list
tikhub,/api/v1/kuaishou/app/fetch_tag_feed,/api/v1/kuaishou/app/fetch_tag_feed,GET,"{""type"":""PER_CALL"",""amount"":{""value"":0.001,""currency"":""USD""}}",,kuaishou|tikhub,,eip155:8453|eip155:143,,False,,https://api.monid.ai/public/v1/providers/tikhub/endpoints/api/v1/kuaishou/app/fetch_tag_feed
tikhub,/api/v1/kuaishou/app/fetch_user_hot_post,/api/v1/kuaishou/app/fetch_user_hot_post,GET,"{""type"":""PER_CALL"",""amount"":{""value"":0.001,""currency"":""USD""}}",,kuaishou|tikhub,,eip155:8453|eip155:143,,False,,https://api.monid.ai/public/v1/providers/tikhub/endpoints/api/v1/kuaishou/app/fetch_user_hot_post
tikhub,/api/v1/kuaishou/app/fetch_user_live_info,/api/v1/kuaishou/app/fetch_user_live_info,GET,"{""type"":""PER_CALL"",""amount"":{""value"":0.001,""currency"":""USD""}}",,kuaishou|tikhub,,eip155:8453|eip155:143,,False,,https://api.monid.ai/public/v1/providers/tikhub/endpoints/api/v1/kuaishou/app/fetch_user_live_info
tikhub,/api/v1/kuaishou/app/fetch_user_post_v2,/api/v1/kuaishou/app/fetch_user_post_v2,GET,"{""type"":""PER_CALL"",""amount"":{""value"":0.01,""currency"":""USD""}}",,kuaishou|tikhub,,eip155:8453|eip155:143,,False,,https://api.monid.ai/public/v1/providers/tikhub/endpoints/api/v1/kuaishou/app/fetch_user_post_v2
tikhub,/api/v1/kuaishou/app/fetch_video_comment,/api/v1/kuaishou/app/fetch_video_comment,GET,"{""type"":""PER_CALL"",""amount"":{""value"":0.001,""currency"":""USD""}}",,kuaishou|tikhub,,eip155:8453|eip155:143,,False,,https://api.monid.ai/public/v1/providers/tikhub/endpoints/api/v1/kuaishou/app/fetch_video_comment
tikhub,/api/v1/kuaishou/app/fetch_video_sub_comments,/api/v1/kuaishou/app/fetch_video_sub_comments,GET,"{""type"":""PER_CALL"",""amount"":{""value"":0.001,""currency"":""USD""}}",,kuaishou|tikhub,,eip155:8453|eip155:143,,False,,https://api.monid.ai/public/v1/providers/tikhub/endpoints/api/v1/kuaishou/app/fetch_video_sub_comments
tikhub,/api/v1/kuaishou/app/fetch_videos_batch,/api/v1/kuaishou/app/fetch_videos_batch,GET,"{""type"":""PER_CALL"",""amount"":{""value"":0.04,""currency"":""USD""}}",,kuaishou|tikhub,,eip155:8453|eip155:143,,False,,https://api.monid.ai/public/v1/providers/tikhub/endpoints/api/v1/kuaishou/app/fetch_videos_batch
tikhub,/api/v1/kuaishou/app/generate_kuaishou_share_link,/api/v1/kuaishou/app/generate_kuaishou_share_link,GET,"{""type"":""PER_CALL"",""amount"":{""value"":0.001,""currency"":""USD""}}",,kuaishou|tikhub,,eip155:8453|eip155:143,,False,,https://api.monid.ai/public/v1/providers/tikhub/endpoints/api/v1/kuaishou/app/generate_kuaishou_share_link
tikhub,/api/v1/kuaishou/app/search_comprehensive,/api/v1/kuaishou/app/search_comprehensive,GET,"{""type"":""PER_CALL"",""amount"":{""value"":0.01,""currency"":""USD""}}",,kuaishou|tikhub,,eip155:8453|eip155:143,,False,,https://api.monid.ai/public/v1/providers/tikhub/endpoints/api/v1/kuaishou/app/search_comprehensive
tikhub,/api/v1/kuaishou/app/search_image,/api/v1/kuaishou/app/search_image,GET,"{""type"":""PER_CALL"",""amount"":{""value"":0.01,""currency"":""USD""}}",,kuaishou|tikhub,,eip155:8453|eip155:143,,False,,https://api.monid.ai/public/v1/providers/tikhub/endpoints/api/v1/kuaishou/app/search_image
tikhub,/api/v1/kuaishou/app/search_live,/api/v1/kuaishou/app/search_live,GET,"{""type"":""PER_CALL"",""amount"":{""value"":0.01,""currency"":""USD""}}",,kuaishou|tikhub,,eip155:8453|eip155:143,,False,,https://api.monid.ai/public/v1/providers/tikhub/endpoints/api/v1/kuaishou/app/search_live
tikhub,/api/v1/kuaishou/app/search_music,/api/v1/kuaishou/app/search_music,GET,"{""type"":""PER_CALL"",""amount"":{""value"":0.01,""currency"":""USD""}}",,kuaishou|tikhub,,eip155:8453|eip155:143,,False,,https://api.monid.ai/public/v1/providers/tikhub/endpoints/api/v1/kuaishou/app/search_music
tikhub,/api/v1/kuaishou/app/search_tag,/api/v1/kuaishou/app/search_tag,GET,"{""type"":""PER_CALL"",""amount"":{""value"":0.01,""currency"":""USD""}}",,kuaishou|tikhub,,eip155:8453|eip155:143,,False,,https://api.monid.ai/public/v1/providers/tikhub/endpoints/api/v1/kuaishou/app/search_tag
tikhub,/api/v1/kuaishou/app/search_user_v2,/api/v1/kuaishou/app/search_user_v2,GET,"{""type"":""PER_CALL"",""amount"":{""value"":0.01,""currency"":""USD""}}",,kuaishou|tikhub,,eip155:8453|eip155:143,,False,,https://api.monid.ai/public/v1/providers/tikhub/endpoints/api/v1/kuaishou/app/search_user_v2
tikhub,/api/v1/kuaishou/app/search_video_v2,/api/v1/kuaishou/app/search_video_v2,GET,"{""type"":""PER_CALL"",""amount"":{""value"":0.01,""currency"":""USD""}}",,kuaishou|tikhub,,eip155:8453|eip155:143,,False,,https://api.monid.ai/public/v1/providers/tikhub/endpoints/api/v1/kuaishou/app/search_video_v2
tikhub,/api/v1/kuaishou/web/fetch_get_user_id,/api/v1/kuaishou/web/fetch_get_user_id,GET,"{""type"":""PER_CALL"",""amount"":{""value"":0.001,""currency"":""USD""}}",,kuaishou|tikhub,,eip155:8453|eip155:143,,False,,https://api.monid.ai/public/v1/providers/tikhub/endpoints/api/v1/kuaishou/web/fetch_get_user_id
tikhub,/api/v1/kuaishou/web/fetch_kuaishou_hot_list_v1,/api/v1/kuaishou/web/fetch_kuaishou_hot_list_v1,GET,"{""type"":""PER_CALL"",""amount"":{""value"":0.001,""currency"":""USD""}}",,kuaishou|tikhub,,eip155:8453|eip155:143,,False,,https://api.monid.ai/public/v1/providers/tikhub/endpoints/api/v1/kuaishou/web/fetch_kuaishou_hot_list_v1
tikhub,/api/v1/kuaishou/web/fetch_kuaishou_hot_list_v2,/api/v1/kuaishou/web/fetch_kuaishou_hot_list_v2,GET,"{""type"":""PER_CALL"",""amount"":{""value"":0.001,""currency"":""USD""}}",,kuaishou|tikhub,,eip155:8453|eip155:143,,False,,https://api.monid.ai/public/v1/providers/tikhub/endpoints/api/v1/kuaishou/web/fetch_kuaishou_hot_list_v2
tikhub,/api/v1/kuaishou/web/fetch_one_video,/api/v1/kuaishou/web/fetch_one_video,GET,"{""type"":""PER_CALL"",""amount"":{""value"":0.002,""currency"":""USD""}}",,kuaishou|tikhub,,eip155:8453|eip155:143,,False,,https://api.monid.ai/public/v1/providers/tikhub/endpoints/api/v1/kuaishou/web/fetch_one_video
tikhub,/api/v1/kuaishou/web/fetch_one_video_by_url,/api/v1/kuaishou/web/fetch_one_video_by_url,GET,"{""type"":""PER_CALL"",""amount"":{""value"":0.002,""currency"":""USD""}}",,kuaishou|tikhub,,eip155:8453|eip155:143,,False,,https://api.monid.ai/public/v1/providers/tikhub/endpoints/api/v1/kuaishou/web/fetch_one_video_by_url
tikhub,/api/v1/kuaishou/web/fetch_one_video_comment,/api/v1/kuaishou/web/fetch_one_video_comment,GET,"{""type"":""PER_CALL"",""amount"":{""value"":0.002,""currency"":""USD""}}",,kuaishou|tikhub,,eip155:8453|eip155:143,,False,,https://api.monid.ai/public/v1/providers/tikhub/endpoints/api/v1/kuaishou/web/fetch_one_video_comment
tikhub,/api/v1/kuaishou/web/fetch_one_video_sub_comment,/api/v1/kuaishou/web/fetch_one_video_sub_comment,GET,"{""type"":""PER_CALL"",""amount"":{""value"":0.01,""currency"":""USD""}}",,kuaishou|tikhub,,eip155:8453|eip155:143,,False,,https://api.monid.ai/public/v1/providers/tikhub/endpoints/api/v1/kuaishou/web/fetch_one_video_sub_comment
tikhub,/api/v1/kuaishou/web/fetch_one_video_v2,/api/v1/kuaishou/web/fetch_one_video_v2,GET,"{""type"":""PER_CALL"",""amount"":{""value"":0.002,""currency"":""USD""}}",,kuaishou|tikhub,,eip155:8453|eip155:143,,False,,https://api.monid.ai/public/v1/providers/tikhub/endpoints/api/v1/kuaishou/web/fetch_one_video_v2
tikhub,/api/v1/kuaishou/web/fetch_user_collect,/api/v1/kuaishou/web/fetch_user_collect,GET,"{""type"":""PER_CALL"",""amount"":{""value"":0.01,""currency"":""USD""}}",,kuaishou|tikhub,,eip155:8453|eip155:143,,False,,https://api.monid.ai/public/v1/providers/tikhub/endpoints/api/v1/kuaishou/web/fetch_user_collect
tikhub,/api/v1/kuaishou/web/fetch_user_info,/api/v1/kuaishou/web/fetch_user_info,GET,"{""type"":""PER_CALL"",""amount"":{""value"":0.002,""currency"":""USD""}}",,kuaishou|tikhub,,eip155:8453|eip155:143,,False,,https://api.monid.ai/public/v1/providers/tikhub/endpoints/api/v1/kuaishou/web/fetch_user_info
tikhub,/api/v1/kuaishou/web/fetch_user_live_replay,/api/v1/kuaishou/web/fetch_user_live_replay,GET,"{""type"":""PER_CALL"",""amount"":{""value"":0.01,""currency"":""USD""}}",,kuaishou|tikhub,,eip155:8453|eip155:143,,False,,https://api.monid.ai/public/v1/providers/tikhub/endpoints/api/v1/kuaishou/web/fetch_user_live_replay
tikhub,/api/v1/kuaishou/web/generate_share_short_url,/api/v1/kuaishou/web/generate_share_short_url,GET,"{""type"":""PER_CALL"",""amount"":{""value"":0.001,""currency"":""USD""}}",,kuaishou|tikhub,,eip155:8453|eip155:143,,False,,https://api.monid.ai/public/v1/providers/tikhub/endpoints/api/v1/kuaishou/web/generate_share_short_url
tikhub,/api/v1/lemon8/app/fetch_discover_banners,/api/v1/lemon8/app/fetch_discover_banners,GET,"{""type"":""PER_CALL"",""amount"":{""value"":0.001,""currency"":""USD""}}",,lemon8|tikhub,,eip155:8453|eip155:143,,False,,https://api.monid.ai/public/v1/providers/tikhub/endpoints/api/v1/lemon8/app/fetch_discover_banners
tikhub,/api/v1/lemon8/app/fetch_discover_tab,/api/v1/lemon8/app/fetch_discover_tab,GET,"{""type"":""PER_CALL"",""amount"":{""value"":0.001,""currency"":""USD""}}",,lemon8|tikhub,,eip155:8453|eip155:143,,False,,https://api.monid.ai/public/v1/providers/tikhub/endpoints/api/v1/lemon8/app/fetch_discover_tab
tikhub,/api/v1/lemon8/app/fetch_discover_tab_information_tabs,/api/v1/lemon8/app/fetch_discover_tab_information_tabs,GET,"{""type"":""PER_CALL"",""amount"":{""value"":0.001,""currency"":""USD""}}",,lemon8|tikhub,,eip155:8453|eip155:143,,False,,https://api.monid.ai/public/v1/providers/tikhub/endpoints/api/v1/lemon8/app/fetch_discover_tab_information_tabs
tikhub,/api/v1/lemon8/app/fetch_hot_search_keywords,/api/v1/lemon8/app/fetch_hot_search_keywords,GET,"{""type"":""PER_CALL"",""amount"":{""value"":0.001,""currency"":""USD""}}",,lemon8|tikhub,,eip155:8453|eip155:143,,False,,https://api.monid.ai/public/v1/providers/tikhub/endpoints/api/v1/lemon8/app/fetch_hot_search_keywords
tikhub,/api/v1/lemon8/app/fetch_post_comment_list,/api/v1/lemon8/app/fetch_post_comment_list,GET,"{""type"":""PER_CALL"",""amount"":{""value"":0.001,""currency"":""USD""}}",,lemon8|tikhub,,eip155:8453|eip155:143,,False,,https://api.monid.ai/public/v1/providers/tikhub/endpoints/api/v1/lemon8/app/fetch_post_comment_list
tikhub,/api/v1/lemon8/app/fetch_post_detail,/api/v1/lemon8/app/fetch_post_detail,GET,"{""type"":""PER_CALL"",""amount"":{""value"":0.001,""currency"":""USD""}}",,lemon8|tikhub,,eip155:8453|eip155:143,,False,,https://api.monid.ai/public/v1/providers/tikhub/endpoints/api/v1/lemon8/app/fetch_post_detail
tikhub,/api/v1/lemon8/app/fetch_search,/api/v1/lemon8/app/fetch_search,GET,"{""type"":""PER_CALL"",""amount"":{""value"":0.001,""currency"":""USD""}}",,lemon8|tikhub,,eip155:8453|eip155:143,,False,,https://api.monid.ai/public/v1/providers/tikhub/endpoints/api/v1/lemon8/app/fetch_search
tikhub,/api/v1/lemon8/app/fetch_topic_info,/api/v1/lemon8/app/fetch_topic_info,GET,"{""type"":""PER_CALL"",""amount"":{""value"":0.001,""currency"":""USD""}}",,lemon8|tikhub,,eip155:8453|eip155:143,,False,,https://api.monid.ai/public/v1/providers/tikhub/endpoints/api/v1/lemon8/app/fetch_topic_info
tikhub,/api/v1/lemon8/app/fetch_topic_post_list,/api/v1/lemon8/app/fetch_topic_post_list,GET,"{""type"":""PER_CALL"",""amount"":{""value"":0.001,""currency"":""USD""}}",,lemon8|tikhub,,eip155:8453|eip155:143,,False,,https://api.monid.ai/public/v1/providers/tikhub/endpoints/api/v1/lemon8/app/fetch_topic_post_list
tikhub,/api/v1/lemon8/app/fetch_user_follower_list,/api/v1/lemon8/app/fetch_user_follower_list,GET,"{""type"":""PER_CALL"",""amount"":{""value"":0.001,""currency"":""USD""}}",,lemon8|tikhub,,eip155:8453|eip155:143,,False,,https://api.monid.ai/public/v1/providers/tikhub/endpoints/api/v1/lemon8/app/fetch_user_follower_list
tikhub,/api/v1/lemon8/app/fetch_user_following_list,/api/v1/lemon8/app/fetch_user_following_list,GET,"{""type"":""PER_CALL"",""amount"":{""value"":0.001,""currency"":""USD""}}",,lemon8|tikhub,,eip155:8453|eip155:143,,False,,https://api.monid.ai/public/v1/providers/tikhub/endpoints/api/v1/lemon8/app/fetch_user_following_list
tikhub,/api/v1/lemon8/app/fetch_user_profile,/api/v1/lemon8/app/fetch_user_profile,GET,"{""type"":""PER_CALL"",""amount"":{""value"":0.001,""currency"":""USD""}}",,lemon8|tikhub,,eip155:8453|eip155:143,,False,,https://api.monid.ai/public/v1/providers/tikhub/endpoints/api/v1/lemon8/app/fetch_user_profile
tikhub,/api/v1/lemon8/app/get_item_id,/api/v1/lemon8/app/get_item_id,GET,"{""type"":""PER_CALL"",""amount"":{""value"":0.001,""currency"":""USD""}}",,lemon8|tikhub,,eip155:8453|eip155:143,,False,,https://api.monid.ai/public/v1/providers/tikhub/endpoints/api/v1/lemon8/app/get_item_id
tikhub,/api/v1/lemon8/app/get_item_ids,/api/v1/lemon8/app/get_item_ids,POST,"{""type"":""PER_CALL"",""amount"":{""value"":0.001,""currency"":""USD""}}",,lemon8|tikhub,,eip155:8453|eip155:143,,False,,https://api.monid.ai/public/v1/providers/tikhub/endpoints/api/v1/lemon8/app/get_item_ids
tikhub,/api/v1/lemon8/app/get_user_id,/api/v1/lemon8/app/get_user_id,GET,"{""type"":""PER_CALL"",""amount"":{""value"":0.001,""currency"":""USD""}}",,lemon8|tikhub,,eip155:8453|eip155:143,,False,,https://api.monid.ai/public/v1/providers/tikhub/endpoints/api/v1/lemon8/app/get_user_id
tikhub,/api/v1/lemon8/app/get_user_ids,/api/v1/lemon8/app/get_user_ids,POST,"{""type"":""PER_CALL"",""amount"":{""value"":0.001,""currency"":""USD""}}",,lemon8|tikhub,,eip155:8453|eip155:143,,False,,https://api.monid.ai/public/v1/providers/tikhub/endpoints/api/v1/lemon8/app/get_user_ids
tikhub,/api/v1/linkedin/web_v2/get_company_posts,/api/v1/linkedin/web_v2/get_company_posts,GET,"{""type"":""PER_CALL"",""amount"":{""value"":0.05,""currency"":""USD""}}",verified,linkedin|tikhub,,eip155:8453|eip155:143,,False,,https://api.monid.ai/public/v1/providers/tikhub/endpoints/api/v1/linkedin/web_v2/get_company_posts
tikhub,/api/v1/linkedin/web_v2/get_company_profile,/api/v1/linkedin/web_v2/get_company_profile,GET,"{""type"":""PER_CALL"",""amount"":{""value"":0.008,""currency"":""USD""}}",verified,linkedin|tikhub,,eip155:8453|eip155:143,,False,,https://api.monid.ai/public/v1/providers/tikhub/endpoints/api/v1/linkedin/web_v2/get_company_profile
tikhub,/api/v1/linkedin/web_v2/get_job_detail,/api/v1/linkedin/web_v2/get_job_detail,GET,"{""type"":""PER_CALL"",""amount"":{""value"":0.05,""currency"":""USD""}}",verified,linkedin|tikhub,,eip155:8453|eip155:143,,False,,https://api.monid.ai/public/v1/providers/tikhub/endpoints/api/v1/linkedin/web_v2/get_job_detail
tikhub,/api/v1/linkedin/web_v2/get_post_comments,/api/v1/linkedin/web_v2/get_post_comments,GET,"{""type"":""PER_CALL"",""amount"":{""value"":0.05,""currency"":""USD""}}",verified,linkedin|tikhub,,eip155:8453|eip155:143,,False,,https://api.monid.ai/public/v1/providers/tikhub/endpoints/api/v1/linkedin/web_v2/get_post_comments
tikhub,/api/v1/linkedin/web_v2/get_post_detail,/api/v1/linkedin/web_v2/get_post_detail,GET,"{""type"":""PER_CALL"",""amount"":{""value"":0.001,""currency"":""USD""}}",verified,linkedin|tikhub,,eip155:8453|eip155:143,,False,,https://api.monid.ai/public/v1/providers/tikhub/endpoints/api/v1/linkedin/web_v2/get_post_detail
tikhub,/api/v1/linkedin/web_v2/get_user_posts,/api/v1/linkedin/web_v2/get_user_posts,GET,"{""type"":""PER_CALL"",""amount"":{""value"":0.05,""currency"":""USD""}}",verified,linkedin|tikhub,,eip155:8453|eip155:143,,False,,https://api.monid.ai/public/v1/providers/tikhub/endpoints/api/v1/linkedin/web_v2/get_user_posts
tikhub,/api/v1/linkedin/web_v2/get_user_profile,/api/v1/linkedin/web_v2/get_user_profile,GET,"{""type"":""PER_CALL"",""amount"":{""value"":0.008,""currency"":""USD""}}",verified,linkedin|tikhub,,eip155:8453|eip155:143,,False,,https://api.monid.ai/public/v1/providers/tikhub/endpoints/api/v1/linkedin/web_v2/get_user_profile
tikhub,/api/v1/linkedin/web_v2/search_jobs,/api/v1/linkedin/web_v2/search_jobs,GET,"{""type"":""PER_CALL"",""amount"":{""value"":0.05,""currency"":""USD""}}",verified,linkedin|tikhub,,eip155:8453|eip155:143,,False,,https://api.monid.ai/public/v1/providers/tikhub/endpoints/api/v1/linkedin/web_v2/search_jobs
tikhub,/api/v1/pipixia/app/fetch_hashtag_detail,/api/v1/pipixia/app/fetch_hashtag_detail,GET,"{""type"":""PER_CALL"",""amount"":{""value"":0.001,""currency"":""USD""}}",,pipixia|tikhub,,eip155:8453|eip155:143,,False,,https://api.monid.ai/public/v1/providers/tikhub/endpoints/api/v1/pipixia/app/fetch_hashtag_detail
tikhub,/api/v1/pipixia/app/fetch_hashtag_post_list,/api/v1/pipixia/app/fetch_hashtag_post_list,GET,"{""type"":""PER_CALL"",""amount"":{""value"":0.001,""currency"":""USD""}}",,pipixia|tikhub,,eip155:8453|eip155:143,,False,,https://api.monid.ai/public/v1/providers/tikhub/endpoints/api/v1/pipixia/app/fetch_hashtag_post_list
tikhub,/api/v1/pipixia/app/fetch_home_feed,/api/v1/pipixia/app/fetch_home_feed,GET,"{""type"":""PER_CALL"",""amount"":{""value"":0.001,""currency"":""USD""}}",,pipixia|tikhub,,eip155:8453|eip155:143,,False,,https://api.monid.ai/public/v1/providers/tikhub/endpoints/api/v1/pipixia/app/fetch_home_feed
tikhub,/api/v1/pipixia/app/fetch_home_short_drama_feed,/api/v1/pipixia/app/fetch_home_short_drama_feed,GET,"{""type"":""PER_CALL"",""amount"":{""value"":0.001,""currency"":""USD""}}",,pipixia|tikhub,,eip155:8453|eip155:143,,False,,https://api.monid.ai/public/v1/providers/tikhub/endpoints/api/v1/pipixia/app/fetch_home_short_drama_feed
tikhub,/api/v1/pipixia/app/fetch_hot_search_board_detail,/api/v1/pipixia/app/fetch_hot_search_board_detail,GET,"{""type"":""PER_CALL"",""amount"":{""value"":0.001,""currency"":""USD""}}",,pipixia|tikhub,,eip155:8453|eip155:143,,False,,https://api.monid.ai/public/v1/providers/tikhub/endpoints/api/v1/pipixia/app/fetch_hot_search_board_detail
tikhub,/api/v1/pipixia/app/fetch_hot_search_board_list,/api/v1/pipixia/app/fetch_hot_search_board_list,GET,"{""type"":""PER_CALL"",""amount"":{""value"":0.001,""currency"":""USD""}}",,pipixia|tikhub,,eip155:8453|eip155:143,,False,,https://api.monid.ai/public/v1/providers/tikhub/endpoints/api/v1/pipixia/app/fetch_hot_search_board_list
tikhub,/api/v1/pipixia/app/fetch_hot_search_words,/api/v1/pipixia/app/fetch_hot_search_words,GET,"{""type"":""PER_CALL"",""amount"":{""value"":0.001,""currency"":""USD""}}",,pipixia|tikhub,,eip155:8453|eip155:143,,False,,https://api.monid.ai/public/v1/providers/tikhub/endpoints/api/v1/pipixia/app/fetch_hot_search_words
tikhub,/api/v1/pipixia/app/fetch_increase_post_view_count,/api/v1/pipixia/app/fetch_increase_post_view_count,GET,"{""type"":""PER_CALL"",""amount"":{""value"":0.001,""currency"":""USD""}}",,pipixia|tikhub,,eip155:8453|eip155:143,,False,,https://api.monid.ai/public/v1/providers/tikhub/endpoints/api/v1/pipixia/app/fetch_increase_post_view_count
tikhub,/api/v1/pipixia/app/fetch_post_comment_list,/api/v1/pipixia/app/fetch_post_comment_list,GET,"{""type"":""PER_CALL"",""amount"":{""value"":0.001,""currency"":""USD""}}",,pipixia|tikhub,,eip155:8453|eip155:143,,False,,https://api.monid.ai/public/v1/providers/tikhub/endpoints/api/v1/pipixia/app/fetch_post_comment_list
tikhub,/api/v1/pipixia/app/fetch_post_detail,/api/v1/pipixia/app/fetch_post_detail,GET,"{""type"":""PER_CALL"",""amount"":{""value"":0.001,""currency"":""USD""}}",,pipixia|tikhub,,eip155:8453|eip155:143,,False,,https://api.monid.ai/public/v1/providers/tikhub/endpoints/api/v1/pipixia/app/fetch_post_detail
tikhub,/api/v1/pipixia/app/fetch_post_statistics,/api/v1/pipixia/app/fetch_post_statistics,GET,"{""type"":""PER_CALL"",""amount"":{""value"":0.001,""currency"":""USD""}}",,pipixia|tikhub,,eip155:8453|eip155:143,,False,,https://api.monid.ai/public/v1/providers/tikhub/endpoints/api/v1/pipixia/app/fetch_post_statistics
tikhub,/api/v1/pipixia/app/fetch_search,/api/v1/pipixia/app/fetch_search,GET,"{""type"":""PER_CALL"",""amount"":{""value"":0.001,""currency"":""USD""}}",,pipixia|tikhub,,eip155:8453|eip155:143,,False,,https://api.monid.ai/public/v1/providers/tikhub/endpoints/api/v1/pipixia/app/fetch_search
tikhub,/api/v1/pipixia/app/fetch_short_url,/api/v1/pipixia/app/fetch_short_url,GET,"{""type"":""PER_CALL"",""amount"":{""value"":0.001,""currency"":""USD""}}",,pipixia|tikhub,,eip155:8453|eip155:143,,False,,https://api.monid.ai/public/v1/providers/tikhub/endpoints/api/v1/pipixia/app/fetch_short_url
tikhub,/api/v1/pipixia/app/fetch_user_follower_list,/api/v1/pipixia/app/fetch_user_follower_list,GET,"{""type"":""PER_CALL"",""amount"":{""value"":0.001,""currency"":""USD""}}",,pipixia|tikhub,,eip155:8453|eip155:143,,False,,https://api.monid.ai/public/v1/providers/tikhub/endpoints/api/v1/pipixia/app/fetch_user_follower_list
tikhub,/api/v1/pipixia/app/fetch_user_following_list,/api/v1/pipixia/app/fetch_user_following_list,GET,"{""type"":""PER_CALL"",""amount"":{""value"":0.001,""currency"":""USD""}}",,pipixia|tikhub,,eip155:8453|eip155:143,,False,,https://api.monid.ai/public/v1/providers/tikhub/endpoints/api/v1/pipixia/app/fetch_user_following_list
tikhub,/api/v1/pipixia/app/fetch_user_info,/api/v1/pipixia/app/fetch_user_info,GET,"{""type"":""PER_CALL"",""amount"":{""value"":0.001,""currency"":""USD""}}",,pipixia|tikhub,,eip155:8453|eip155:143,,False,,https://api.monid.ai/public/v1/providers/tikhub/endpoints/api/v1/pipixia/app/fetch_user_info
tikhub,/api/v1/pipixia/app/fetch_user_post_list,/api/v1/pipixia/app/fetch_user_post_list,GET,"{""type"":""PER_CALL"",""amount"":{""value"":0.001,""currency"":""USD""}}",,pipixia|tikhub,,eip155:8453|eip155:143,,False,,https://api.monid.ai/public/v1/providers/tikhub/endpoints/api/v1/pipixia/app/fetch_user_post_list
tikhub,/api/v1/reddit/app/check_subreddit_muted,/api/v1/reddit/app/check_subreddit_muted,GET,"{""type"":""PER_CALL"",""amount"":{""value"":0.001,""currency"":""USD""}}",,reddit|tikhub,,eip155:8453|eip155:143,,False,,https://api.monid.ai/public/v1/providers/tikhub/endpoints/api/v1/reddit/app/check_subreddit_muted
tikhub,/api/v1/reddit/app/fetch_comment_replies,/api/v1/reddit/app/fetch_comment_replies,GET,"{""type"":""PER_CALL"",""amount"":{""value"":0.001,""currency"":""USD""}}",,reddit|tikhub,,eip155:8453|eip155:143,,False,,https://api.monid.ai/public/v1/providers/tikhub/endpoints/api/v1/reddit/app/fetch_comment_replies
tikhub,/api/v1/reddit/app/fetch_community_highlights,/api/v1/reddit/app/fetch_community_highlights,GET,"{""type"":""PER_CALL"",""amount"":{""value"":0.001,""currency"":""USD""}}",,reddit|tikhub,,eip155:8453|eip155:143,,False,,https://api.monid.ai/public/v1/providers/tikhub/endpoints/api/v1/reddit/app/fetch_community_highlights
tikhub,/api/v1/reddit/app/fetch_dynamic_search,/api/v1/reddit/app/fetch_dynamic_search,GET,"{""type"":""PER_CALL"",""amount"":{""value"":0.001,""currency"":""USD""}}",,reddit|tikhub,,eip155:8453|eip155:143,,False,,https://api.monid.ai/public/v1/providers/tikhub/endpoints/api/v1/reddit/app/fetch_dynamic_search
tikhub,/api/v1/reddit/app/fetch_games_feed,/api/v1/reddit/app/fetch_games_feed,GET,"{""type"":""PER_CALL"",""amount"":{""value"":0.001,""currency"":""USD""}}",,reddit|tikhub,,eip155:8453|eip155:143,,False,,https://api.monid.ai/public/v1/providers/tikhub/endpoints/api/v1/reddit/app/fetch_games_feed
tikhub,/api/v1/reddit/app/fetch_home_feed,/api/v1/reddit/app/fetch_home_feed,GET,"{""type"":""PER_CALL"",""amount"":{""value"":0.001,""currency"":""USD""}}",,reddit|tikhub,,eip155:8453|eip155:143,,False,,https://api.monid.ai/public/v1/providers/tikhub/endpoints/api/v1/reddit/app/fetch_home_feed
tikhub,/api/v1/reddit/app/fetch_news_feed,/api/v1/reddit/app/fetch_news_feed,GET,"{""type"":""PER_CALL"",""amount"":{""value"":0.001,""currency"":""USD""}}",,reddit|tikhub,,eip155:8453|eip155:143,,False,,https://api.monid.ai/public/v1/providers/tikhub/endpoints/api/v1/reddit/app/fetch_news_feed
tikhub,/api/v1/reddit/app/fetch_popular_feed,/api/v1/reddit/app/fetch_popular_feed,GET,"{""type"":""PER_CALL"",""amount"":{""value"":0.001,""currency"":""USD""}}",,reddit|tikhub,,eip155:8453|eip155:143,,False,,https://api.monid.ai/public/v1/providers/tikhub/endpoints/api/v1/reddit/app/fetch_popular_feed
tikhub,/api/v1/reddit/app/fetch_post_comments,/api/v1/reddit/app/fetch_post_comments,GET,"{""type"":""PER_CALL"",""amount"":{""value"":0.001,""currency"":""USD""}}",,reddit|tikhub,,eip155:8453|eip155:143,,False,,https://api.monid.ai/public/v1/providers/tikhub/endpoints/api/v1/reddit/app/fetch_post_comments
tikhub,/api/v1/reddit/app/fetch_post_details,/api/v1/reddit/app/fetch_post_details,GET,"{""type"":""PER_CALL"",""amount"":{""value"":0.001,""currency"":""USD""}}",,reddit|tikhub,,eip155:8453|eip155:143,,False,,https://api.monid.ai/public/v1/providers/tikhub/endpoints/api/v1/reddit/app/fetch_post_details
tikhub,/api/v1/reddit/app/fetch_post_details_batch,/api/v1/reddit/app/fetch_post_details_batch,GET,"{""type"":""PER_CALL"",""amount"":{""value"":0.005,""currency"":""USD""}}",,reddit|tikhub,,eip155:8453|eip155:143,,False,,https://api.monid.ai/public/v1/providers/tikhub/endpoints/api/v1/reddit/app/fetch_post_details_batch
tikhub,/api/v1/reddit/app/fetch_post_details_batch_large,/api/v1/reddit/app/fetch_post_details_batch_large,GET,"{""type"":""PER_CALL"",""amount"":{""value"":0.025,""currency"":""USD""}}",,reddit|tikhub,,eip155:8453|eip155:143,,False,,https://api.monid.ai/public/v1/providers/tikhub/endpoints/api/v1/reddit/app/fetch_post_details_batch_large
tikhub,/api/v1/reddit/app/fetch_search_typeahead,/api/v1/reddit/app/fetch_search_typeahead,GET,"{""type"":""PER_CALL"",""amount"":{""value"":0.001,""currency"":""USD""}}",,reddit|tikhub,,eip155:8453|eip155:143,,False,,https://api.monid.ai/public/v1/providers/tikhub/endpoints/api/v1/reddit/app/fetch_search_typeahead
tikhub,/api/v1/reddit/app/fetch_subreddit_feed,/api/v1/reddit/app/fetch_subreddit_feed,GET,"{""type"":""PER_CALL"",""amount"":{""value"":0.001,""currency"":""USD""}}",,reddit|tikhub,,eip155:8453|eip155:143,,False,,https://api.monid.ai/public/v1/providers/tikhub/endpoints/api/v1/reddit/app/fetch_subreddit_feed
tikhub,/api/v1/reddit/app/fetch_subreddit_info,/api/v1/reddit/app/fetch_subreddit_info,GET,"{""type"":""PER_CALL"",""amount"":{""value"":0.001,""currency"":""USD""}}",,reddit|tikhub,,eip155:8453|eip155:143,,False,,https://api.monid.ai/public/v1/providers/tikhub/endpoints/api/v1/reddit/app/fetch_subreddit_info
tikhub,/api/v1/reddit/app/fetch_subreddit_post_channels,/api/v1/reddit/app/fetch_subreddit_post_channels,GET,"{""type"":""PER_CALL"",""amount"":{""value"":0.001,""currency"":""USD""}}",,reddit|tikhub,,eip155:8453|eip155:143,,False,,https://api.monid.ai/public/v1/providers/tikhub/endpoints/api/v1/reddit/app/fetch_subreddit_post_channels
tikhub,/api/v1/reddit/app/fetch_subreddit_settings,/api/v1/reddit/app/fetch_subreddit_settings,GET,"{""type"":""PER_CALL"",""amount"":{""value"":0.001,""currency"":""USD""}}",,reddit|tikhub,,eip155:8453|eip155:143,,False,,https://api.monid.ai/public/v1/providers/tikhub/endpoints/api/v1/reddit/app/fetch_subreddit_settings
tikhub,/api/v1/reddit/app/fetch_subreddit_style,/api/v1/reddit/app/fetch_subreddit_style,GET,"{""type"":""PER_CALL"",""amount"":{""value"":0.001,""currency"":""USD""}}",,reddit|tikhub,,eip155:8453|eip155:143,,False,,https://api.monid.ai/public/v1/providers/tikhub/endpoints/api/v1/reddit/app/fetch_subreddit_style
tikhub,/api/v1/reddit/app/fetch_trending_searches,/api/v1/reddit/app/fetch_trending_searches,GET,"{""type"":""PER_CALL"",""amount"":{""value"":0.001,""currency"":""USD""}}",,reddit|tikhub,,eip155:8453|eip155:143,,False,,https://api.monid.ai/public/v1/providers/tikhub/endpoints/api/v1/reddit/app/fetch_trending_searches
tikhub,/api/v1/reddit/app/fetch_user_active_subreddits,/api/v1/reddit/app/fetch_user_active_subreddits,GET,"{""type"":""PER_CALL"",""amount"":{""value"":0.001,""currency"":""USD""}}",,reddit|tikhub,,eip155:8453|eip155:143,,False,,https://api.monid.ai/public/v1/providers/tikhub/endpoints/api/v1/reddit/app/fetch_user_active_subreddits
tikhub,/api/v1/reddit/app/fetch_user_comments,/api/v1/reddit/app/fetch_user_comments,GET,"{""type"":""PER_CALL"",""amount"":{""value"":0.001,""currency"":""USD""}}",,reddit|tikhub,,eip155:8453|eip155:143,,False,,https://api.monid.ai/public/v1/providers/tikhub/endpoints/api/v1/reddit/app/fetch_user_comments
tikhub,/api/v1/reddit/app/fetch_user_posts,/api/v1/reddit/app/fetch_user_posts,GET,"{""type"":""PER_CALL"",""amount"":{""value"":0.001,""currency"":""USD""}}",,reddit|tikhub,,eip155:8453|eip155:143,,False,,https://api.monid.ai/public/v1/providers/tikhub/endpoints/api/v1/reddit/app/fetch_user_posts
tikhub,/api/v1/reddit/app/fetch_user_profile,/api/v1/reddit/app/fetch_user_profile,GET,"{""type"":""PER_CALL"",""amount"":{""value"":0.001,""currency"":""USD""}}",,reddit|tikhub,,eip155:8453|eip155:143,,False,,https://api.monid.ai/public/v1/providers/tikhub/endpoints/api/v1/reddit/app/fetch_user_profile
tikhub,/api/v1/reddit/app/fetch_user_trophies,/api/v1/reddit/app/fetch_user_trophies,GET,"{""type"":""PER_CALL"",""amount"":{""value"":0.001,""currency"":""USD""}}",,reddit|tikhub,,eip155:8453|eip155:143,,False,,https://api.monid.ai/public/v1/providers/tikhub/endpoints/api/v1/reddit/app/fetch_user_trophies
tikhub,/api/v1/telegram/web/batch_channel_info,/api/v1/telegram/web/batch_channel_info,GET,"{""type"":""PER_CALL"",""amount"":{""value"":0.008,""currency"":""USD""}}",,telegram|tikhub,,eip155:8453|eip155:143,,False,,https://api.monid.ai/public/v1/providers/tikhub/endpoints/api/v1/telegram/web/batch_channel_info
tikhub,/api/v1/telegram/web/fetch_channel_info,/api/v1/telegram/web/fetch_channel_info,GET,"{""type"":""PER_CALL"",""amount"":{""value"":0.001,""currency"":""USD""}}",,telegram|tikhub,,eip155:8453|eip155:143,,False,,https://api.monid.ai/public/v1/providers/tikhub/endpoints/api/v1/telegram/web/fetch_channel_info
tikhub,/api/v1/telegram/web/fetch_channel_posts,/api/v1/telegram/web/fetch_channel_posts,GET,"{""type"":""PER_CALL"",""amount"":{""value"":0.001,""currency"":""USD""}}",,telegram|tikhub,,eip155:8453|eip155:143,,False,,https://api.monid.ai/public/v1/providers/tikhub/endpoints/api/v1/telegram/web/fetch_channel_posts
tikhub,/api/v1/telegram/web/fetch_channel_search,/api/v1/telegram/web/fetch_channel_search,GET,"{""type"":""PER_CALL"",""amount"":{""value"":0.001,""currency"":""USD""}}",,telegram|tikhub,,eip155:8453|eip155:143,,False,,https://api.monid.ai/public/v1/providers/tikhub/endpoints/api/v1/telegram/web/fetch_channel_search
tikhub,/api/v1/telegram/web/fetch_post_comments,/api/v1/telegram/web/fetch_post_comments,GET,"{""type"":""PER_CALL"",""amount"":{""value"":0.001,""currency"":""USD""}}",,telegram|tikhub,,eip155:8453|eip155:143,,False,,https://api.monid.ai/public/v1/providers/tikhub/endpoints/api/v1/telegram/web/fetch_post_comments
tikhub,/api/v1/telegram/web/fetch_post_detail,/api/v1/telegram/web/fetch_post_detail,GET,"{""type"":""PER_CALL"",""amount"":{""value"":0.001,""currency"":""USD""}}",,telegram|tikhub,,eip155:8453|eip155:143,,False,,https://api.monid.ai/public/v1/providers/tikhub/endpoints/api/v1/telegram/web/fetch_post_detail
tikhub,/api/v1/telegram/web/fetch_similar_channels,/api/v1/telegram/web/fetch_similar_channels,GET,"{""type"":""PER_CALL"",""amount"":{""value"":0.001,""currency"":""USD""}}",,telegram|tikhub,,eip155:8453|eip155:143,,False,,https://api.monid.ai/public/v1/providers/tikhub/endpoints/api/v1/telegram/web/fetch_similar_channels
tikhub,/api/v1/threads/web/fetch_post_comments,/api/v1/threads/web/fetch_post_comments,GET,"{""type"":""PER_CALL"",""amount"":{""value"":0.002,""currency"":""USD""}}",,threads|tikhub,,eip155:8453|eip155:143,,False,,https://api.monid.ai/public/v1/providers/tikhub/endpoints/api/v1/threads/web/fetch_post_comments
tikhub,/api/v1/threads/web/fetch_post_detail,/api/v1/threads/web/fetch_post_detail,GET,"{""type"":""PER_CALL"",""amount"":{""value"":0.002,""currency"":""USD""}}",,threads|tikhub,,eip155:8453|eip155:143,,False,,https://api.monid.ai/public/v1/providers/tikhub/endpoints/api/v1/threads/web/fetch_post_detail
tikhub,/api/v1/threads/web/fetch_post_detail_v2,/api/v1/threads/web/fetch_post_detail_v2,GET,"{""type"":""PER_CALL"",""amount"":{""value"":0.002,""currency"":""USD""}}",,threads|tikhub,,eip155:8453|eip155:143,,False,,https://api.monid.ai/public/v1/providers/tikhub/endpoints/api/v1/threads/web/fetch_post_detail_v2
tikhub,/api/v1/threads/web/fetch_user_info,/api/v1/threads/web/fetch_user_info,GET,"{""type"":""PER_CALL"",""amount"":{""value"":0.002,""currency"":""USD""}}",,threads|tikhub,,eip155:8453|eip155:143,,False,,https://api.monid.ai/public/v1/providers/tikhub/endpoints/api/v1/threads/web/fetch_user_info
tikhub,/api/v1/threads/web/fetch_user_info_by_id,/api/v1/threads/web/fetch_user_info_by_id,GET,"{""type"":""PER_CALL"",""amount"":{""value"":0.002,""currency"":""USD""}}",,threads|tikhub,,eip155:8453|eip155:143,,False,,https://api.monid.ai/public/v1/providers/tikhub/endpoints/api/v1/threads/web/fetch_user_info_by_id
tikhub,/api/v1/threads/web/fetch_user_posts,/api/v1/threads/web/fetch_user_posts,GET,"{""type"":""PER_CALL"",""amount"":{""value"":0.002,""currency"":""USD""}}",,threads|tikhub,,eip155:8453|eip155:143,,False,,https://api.monid.ai/public/v1/providers/tikhub/endpoints/api/v1/threads/web/fetch_user_posts
tikhub,/api/v1/threads/web/fetch_user_replies,/api/v1/threads/web/fetch_user_replies,GET,"{""type"":""PER_CALL"",""amount"":{""value"":0.002,""currency"":""USD""}}",,threads|tikhub,,eip155:8453|eip155:143,,False,,https://api.monid.ai/public/v1/providers/tikhub/endpoints/api/v1/threads/web/fetch_user_replies
tikhub,/api/v1/threads/web/fetch_user_reposts,/api/v1/threads/web/fetch_user_reposts,GET,"{""type"":""PER_CALL"",""amount"":{""value"":0.002,""currency"":""USD""}}",,threads|tikhub,,eip155:8453|eip155:143,,False,,https://api.monid.ai/public/v1/providers/tikhub/endpoints/api/v1/threads/web/fetch_user_reposts
tikhub,/api/v1/threads/web/search_posts,/api/v1/threads/web/search_posts,GET,"{""type"":""PER_CALL"",""amount"":{""value"":0.002,""currency"":""USD""}}",,threads|tikhub,,eip155:8453|eip155:143,,False,,https://api.monid.ai/public/v1/providers/tikhub/endpoints/api/v1/threads/web/search_posts
tikhub,/api/v1/threads/web/search_profiles,/api/v1/threads/web/search_profiles,GET,"{""type"":""PER_CALL"",""amount"":{""value"":0.002,""currency"":""USD""}}",,threads|tikhub,,eip155:8453|eip155:143,,False,,https://api.monid.ai/public/v1/providers/tikhub/endpoints/api/v1/threads/web/search_profiles
tikhub,/api/v1/threads/web/search_recent,/api/v1/threads/web/search_recent,GET,"{""type"":""PER_CALL"",""amount"":{""value"":0.002,""currency"":""USD""}}",,threads|tikhub,,eip155:8453|eip155:143,,False,,https://api.monid.ai/public/v1/providers/tikhub/endpoints/api/v1/threads/web/search_recent
tikhub,/api/v1/threads/web/search_top,/api/v1/threads/web/search_top,GET,"{""type"":""PER_CALL"",""amount"":{""value"":0.002,""currency"":""USD""}}",,threads|tikhub,,eip155:8453|eip155:143,,False,,https://api.monid.ai/public/v1/providers/tikhub/endpoints/api/v1/threads/web/search_top
tikhub,/api/v1/tiktok/ads/get_ad_interactive_analysis,/api/v1/tiktok/ads/get_ad_interactive_analysis,POST,"{""type"":""PER_CALL"",""amount"":{""value"":0.001,""currency"":""USD""}}",,tikhub|tiktok,,eip155:8453|eip155:143,,False,,https://api.monid.ai/public/v1/providers/tikhub/endpoints/api/v1/tiktok/ads/get_ad_interactive_analysis
tikhub,/api/v1/tiktok/ads/get_ad_keyframe_analysis,/api/v1/tiktok/ads/get_ad_keyframe_analysis,POST,"{""type"":""PER_CALL"",""amount"":{""value"":0.001,""currency"":""USD""}}",,tikhub|tiktok,,eip155:8453|eip155:143,,False,,https://api.monid.ai/public/v1/providers/tikhub/endpoints/api/v1/tiktok/ads/get_ad_keyframe_analysis
tikhub,/api/v1/tiktok/ads/get_ad_percentile,/api/v1/tiktok/ads/get_ad_percentile,POST,"{""type"":""PER_CALL"",""amount"":{""value"":0.001,""currency"":""USD""}}",,tikhub|tiktok,,eip155:8453|eip155:143,,False,,https://api.monid.ai/public/v1/providers/tikhub/endpoints/api/v1/tiktok/ads/get_ad_percentile
tikhub,/api/v1/tiktok/ads/get_ads_detail,/api/v1/tiktok/ads/get_ads_detail,POST,"{""type"":""PER_CALL"",""amount"":{""value"":0.001,""currency"":""USD""}}",,tikhub|tiktok,,eip155:8453|eip155:143,,False,,https://api.monid.ai/public/v1/providers/tikhub/endpoints/api/v1/tiktok/ads/get_ads_detail
tikhub,/api/v1/tiktok/ads/get_configure_safety,/api/v1/tiktok/ads/get_configure_safety,POST,"{""type"":""PER_CALL"",""amount"":{""value"":0.001,""currency"":""USD""}}",,tikhub|tiktok,,eip155:8453|eip155:143,,False,,https://api.monid.ai/public/v1/providers/tikhub/endpoints/api/v1/tiktok/ads/get_configure_safety
tikhub,/api/v1/tiktok/ads/get_creators_card,/api/v1/tiktok/ads/get_creators_card,POST,"{""type"":""PER_CALL"",""amount"":{""value"":0.001,""currency"":""USD""}}",,tikhub|tiktok,,eip155:8453|eip155:143,,False,,https://api.monid.ai/public/v1/providers/tikhub/endpoints/api/v1/tiktok/ads/get_creators_card
tikhub,/api/v1/tiktok/ads/get_location_list,/api/v1/tiktok/ads/get_location_list,POST,"{""type"":""PER_CALL"",""amount"":{""value"":0.001,""currency"":""USD""}}",,tikhub|tiktok,,eip155:8453|eip155:143,,False,,https://api.monid.ai/public/v1/providers/tikhub/endpoints/api/v1/tiktok/ads/get_location_list
tikhub,/api/v1/tiktok/ads/get_query_suggestions,/api/v1/tiktok/ads/get_query_suggestions,POST,"{""type"":""PER_CALL"",""amount"":{""value"":0.001,""currency"":""USD""}}",,tikhub|tiktok,,eip155:8453|eip155:143,,False,,https://api.monid.ai/public/v1/providers/tikhub/endpoints/api/v1/tiktok/ads/get_query_suggestions
tikhub,/api/v1/tiktok/ads/get_recommended_ads,/api/v1/tiktok/ads/get_recommended_ads,POST,"{""type"":""PER_CALL"",""amount"":{""value"":0.001,""currency"":""USD""}}",,tikhub|tiktok,,eip155:8453|eip155:143,,False,,https://api.monid.ai/public/v1/providers/tikhub/endpoints/api/v1/tiktok/ads/get_recommended_ads
tikhub,/api/v1/tiktok/ads/get_top_ads_filters,/api/v1/tiktok/ads/get_top_ads_filters,POST,"{""type"":""PER_CALL"",""amount"":{""value"":0.001,""currency"":""USD""}}",,tikhub|tiktok,,eip155:8453|eip155:143,,False,,https://api.monid.ai/public/v1/providers/tikhub/endpoints/api/v1/tiktok/ads/get_top_ads_filters
tikhub,/api/v1/tiktok/ads/get_top_ads_spotlight,/api/v1/tiktok/ads/get_top_ads_spotlight,POST,"{""type"":""PER_CALL"",""amount"":{""value"":0.001,""currency"":""USD""}}",,tikhub|tiktok,,eip155:8453|eip155:143,,False,,https://api.monid.ai/public/v1/providers/tikhub/endpoints/api/v1/tiktok/ads/get_top_ads_spotlight
tikhub,/api/v1/tiktok/ads/get_top_contents_item_detail,/api/v1/tiktok/ads/get_top_contents_item_detail,POST,"{""type"":""PER_CALL"",""amount"":{""value"":0.001,""currency"":""USD""}}",,tikhub|tiktok,,eip155:8453|eip155:143,,False,,https://api.monid.ai/public/v1/providers/tikhub/endpoints/api/v1/tiktok/ads/get_top_contents_item_detail
tikhub,/api/v1/tiktok/ads/get_top_contents_list,/api/v1/tiktok/ads/get_top_contents_list,POST,"{""type"":""PER_CALL"",""amount"":{""value"":0.001,""currency"":""USD""}}",,tikhub|tiktok,,eip155:8453|eip155:143,,False,,https://api.monid.ai/public/v1/providers/tikhub/endpoints/api/v1/tiktok/ads/get_top_contents_list
tikhub,/api/v1/tiktok/ads/get_trends_hashtag_detail,/api/v1/tiktok/ads/get_trends_hashtag_detail,POST,"{""type"":""PER_CALL"",""amount"":{""value"":0.001,""currency"":""USD""}}",,tikhub|tiktok,,eip155:8453|eip155:143,,False,,https://api.monid.ai/public/v1/providers/tikhub/endpoints/api/v1/tiktok/ads/get_trends_hashtag_detail
tikhub,/api/v1/tiktok/ads/get_trends_hashtag_list,/api/v1/tiktok/ads/get_trends_hashtag_list,POST,"{""type"":""PER_CALL"",""amount"":{""value"":0.001,""currency"":""USD""}}",,tikhub|tiktok,,eip155:8453|eip155:143,,False,,https://api.monid.ai/public/v1/providers/tikhub/endpoints/api/v1/tiktok/ads/get_trends_hashtag_list
tikhub,/api/v1/tiktok/ads/search_ads,/api/v1/tiktok/ads/search_ads,POST,"{""type"":""PER_CALL"",""amount"":{""value"":0.001,""currency"":""USD""}}",,tikhub|tiktok,,eip155:8453|eip155:143,,False,,https://api.monid.ai/public/v1/providers/tikhub/endpoints/api/v1/tiktok/ads/search_ads
tikhub,/api/v1/tiktok/analytics/detect_fake_views,/api/v1/tiktok/analytics/detect_fake_views,GET,"{""type"":""PER_CALL"",""amount"":{""value"":0.01,""currency"":""USD""}}",,tikhub|tiktok,,eip155:8453|eip155:143,,False,,https://api.monid.ai/public/v1/providers/tikhub/endpoints/api/v1/tiktok/analytics/detect_fake_views
tikhub,/api/v1/tiktok/analytics/fetch_comment_keywords,/api/v1/tiktok/analytics/fetch_comment_keywords,GET,"{""type"":""PER_CALL"",""amount"":{""value"":0.001,""currency"":""USD""}}",,tikhub|tiktok,,eip155:8453|eip155:143,,False,,https://api.monid.ai/public/v1/providers/tikhub/endpoints/api/v1/tiktok/analytics/fetch_comment_keywords
tikhub,/api/v1/tiktok/analytics/fetch_creator_info_and_milestones,/api/v1/tiktok/analytics/fetch_creator_info_and_milestones,GET,"{""type"":""PER_CALL"",""amount"":{""value"":0.001,""currency"":""USD""}}",,tikhub|tiktok,,eip155:8453|eip155:143,,False,,https://api.monid.ai/public/v1/providers/tikhub/endpoints/api/v1/tiktok/analytics/fetch_creator_info_and_milestones
tikhub,/api/v1/tiktok/analytics/fetch_video_metrics,/api/v1/tiktok/analytics/fetch_video_metrics,GET,"{""type"":""PER_CALL"",""amount"":{""value"":0.001,""currency"":""USD""}}",,tikhub|tiktok,,eip155:8453|eip155:143,,False,,https://api.monid.ai/public/v1/providers/tikhub/endpoints/api/v1/tiktok/analytics/fetch_video_metrics
tikhub,/api/v1/tiktok/app/v3/TTencrypt_algorithm,/api/v1/tiktok/app/v3/TTencrypt_algorithm,POST,"{""type"":""PER_CALL"",""amount"":{""value"":0.002,""currency"":""USD""}}",,tikhub|tiktok,,eip155:8453|eip155:143,,False,,https://api.monid.ai/public/v1/providers/tikhub/endpoints/api/v1/tiktok/app/v3/TTencrypt_algorithm
tikhub,/api/v1/tiktok/app/v3/check_live_room_online,/api/v1/tiktok/app/v3/check_live_room_online,GET,"{""type"":""PER_CALL"",""amount"":{""value"":0.001,""currency"":""USD""}}",,tikhub|tiktok,,eip155:8453|eip155:143,,False,,https://api.monid.ai/public/v1/providers/tikhub/endpoints/api/v1/tiktok/app/v3/check_live_room_online
tikhub,/api/v1/tiktok/app/v3/check_live_room_online_batch,/api/v1/tiktok/app/v3/check_live_room_online_batch,POST,"{""type"":""PER_CALL"",""amount"":{""value"":0.01,""currency"":""USD""}}",,tikhub|tiktok,,eip155:8453|eip155:143,,False,,https://api.monid.ai/public/v1/providers/tikhub/endpoints/api/v1/tiktok/app/v3/check_live_room_online_batch
tikhub,/api/v1/tiktok/app/v3/encrypt_decrypt_login_request,/api/v1/tiktok/app/v3/encrypt_decrypt_login_request,POST,"{""type"":""PER_CALL"",""amount"":{""value"":0.001,""currency"":""USD""}}",,tikhub|tiktok,,eip155:8453|eip155:143,,False,,https://api.monid.ai/public/v1/providers/tikhub/endpoints/api/v1/tiktok/app/v3/encrypt_decrypt_login_request
tikhub,/api/v1/tiktok/app/v3/fetch_content_translate,/api/v1/tiktok/app/v3/fetch_content_translate,POST,"{""type"":""PER_CALL"",""amount"":{""value"":0.001,""currency"":""USD""}}",,tikhub|tiktok,,eip155:8453|eip155:143,,False,,https://api.monid.ai/public/v1/providers/tikhub/endpoints/api/v1/tiktok/app/v3/fetch_content_translate
tikhub,/api/v1/tiktok/app/v3/fetch_creator_info,/api/v1/tiktok/app/v3/fetch_creator_info,GET,"{""type"":""PER_CALL"",""amount"":{""value"":0.001,""currency"":""USD""}}",,tikhub|tiktok,,eip155:8453|eip155:143,,False,,https://api.monid.ai/public/v1/providers/tikhub/endpoints/api/v1/tiktok/app/v3/fetch_creator_info
tikhub,/api/v1/tiktok/app/v3/fetch_creator_search_insights,/api/v1/tiktok/app/v3/fetch_creator_search_insights,GET,"{""type"":""PER_CALL"",""amount"":{""value"":0.001,""currency"":""USD""}}",,tikhub|tiktok,,eip155:8453|eip155:143,,False,,https://api.monid.ai/public/v1/providers/tikhub/endpoints/api/v1/tiktok/app/v3/fetch_creator_search_insights
tikhub,/api/v1/tiktok/app/v3/fetch_creator_search_insights_detail,/api/v1/tiktok/app/v3/fetch_creator_search_insights_detail,GET,"{""type"":""PER_CALL"",""amount"":{""value"":0.001,""currency"":""USD""}}",,tikhub|tiktok,,eip155:8453|eip155:143,,False,,https://api.monid.ai/public/v1/providers/tikhub/endpoints/api/v1/tiktok/app/v3/fetch_creator_search_insights_detail
tikhub,/api/v1/tiktok/app/v3/fetch_creator_search_insights_trend,/api/v1/tiktok/app/v3/fetch_creator_search_insights_trend,GET,"{""type"":""PER_CALL"",""amount"":{""value"":0.001,""currency"":""USD""}}",,tikhub|tiktok,,eip155:8453|eip155:143,,False,,https://api.monid.ai/public/v1/providers/tikhub/endpoints/api/v1/tiktok/app/v3/fetch_creator_search_insights_trend
tikhub,/api/v1/tiktok/app/v3/fetch_creator_search_insights_videos,/api/v1/tiktok/app/v3/fetch_creator_search_insights_videos,GET,"{""type"":""PER_CALL"",""amount"":{""value"":0.001,""currency"":""USD""}}",,tikhub|tiktok,,eip155:8453|eip155:143,,False,,https://api.monid.ai/public/v1/providers/tikhub/endpoints/api/v1/tiktok/app/v3/fetch_creator_search_insights_videos
tikhub,/api/v1/tiktok/app/v3/fetch_general_search_result,/api/v1/tiktok/app/v3/fetch_general_search_result,GET,"{""type"":""PER_CALL"",""amount"":{""value"":0.001,""currency"":""USD""}}",,tikhub|tiktok,,eip155:8453|eip155:143,,False,,https://api.monid.ai/public/v1/providers/tikhub/endpoints/api/v1/tiktok/app/v3/fetch_general_search_result
tikhub,/api/v1/tiktok/app/v3/fetch_hashtag_detail,/api/v1/tiktok/app/v3/fetch_hashtag_detail,GET,"{""type"":""PER_CALL"",""amount"":{""value"":0.001,""currency"":""USD""}}",,tikhub|tiktok,,eip155:8453|eip155:143,,False,,https://api.monid.ai/public/v1/providers/tikhub/endpoints/api/v1/tiktok/app/v3/fetch_hashtag_detail
tikhub,/api/v1/tiktok/app/v3/fetch_hashtag_search_result,/api/v1/tiktok/app/v3/fetch_hashtag_search_result,GET,"{""type"":""PER_CALL"",""amount"":{""value"":0.001,""currency"":""USD""}}",,tikhub|tiktok,,eip155:8453|eip155:143,,False,,https://api.monid.ai/public/v1/providers/tikhub/endpoints/api/v1/tiktok/app/v3/fetch_hashtag_search_result
tikhub,/api/v1/tiktok/app/v3/fetch_hashtag_video_list,/api/v1/tiktok/app/v3/fetch_hashtag_video_list,GET,"{""type"":""PER_CALL"",""amount"":{""value"":0.001,""currency"":""USD""}}",,tikhub|tiktok,,eip155:8453|eip155:143,,False,,https://api.monid.ai/public/v1/providers/tikhub/endpoints/api/v1/tiktok/app/v3/fetch_hashtag_video_list
tikhub,/api/v1/tiktok/app/v3/fetch_home_feed,/api/v1/tiktok/app/v3/fetch_home_feed,POST,"{""type"":""PER_CALL"",""amount"":{""value"":0.001,""currency"":""USD""}}",,tikhub|tiktok,,eip155:8453|eip155:143,,False,,https://api.monid.ai/public/v1/providers/tikhub/endpoints/api/v1/tiktok/app/v3/fetch_home_feed
tikhub,/api/v1/tiktok/app/v3/fetch_live_daily_rank,/api/v1/tiktok/app/v3/fetch_live_daily_rank,GET,"{""type"":""PER_CALL"",""amount"":{""value"":0.001,""currency"":""USD""}}",,tikhub|tiktok,,eip155:8453|eip155:143,,False,,https://api.monid.ai/public/v1/providers/tikhub/endpoints/api/v1/tiktok/app/v3/fetch_live_daily_rank
tikhub,/api/v1/tiktok/app/v3/fetch_live_ranking_list,/api/v1/tiktok/app/v3/fetch_live_ranking_list,GET,"{""type"":""PER_CALL"",""amount"":{""value"":0.001,""currency"":""USD""}}",,tikhub|tiktok,,eip155:8453|eip155:143,,False,,https://api.monid.ai/public/v1/providers/tikhub/endpoints/api/v1/tiktok/app/v3/fetch_live_ranking_list
tikhub,/api/v1/tiktok/app/v3/fetch_live_room_info,/api/v1/tiktok/app/v3/fetch_live_room_info,GET,"{""type"":""PER_CALL"",""amount"":{""value"":0.001,""currency"":""USD""}}",,tikhub|tiktok,,eip155:8453|eip155:143,,False,,https://api.monid.ai/public/v1/providers/tikhub/endpoints/api/v1/tiktok/app/v3/fetch_live_room_info
tikhub,/api/v1/tiktok/app/v3/fetch_live_room_product_list,/api/v1/tiktok/app/v3/fetch_live_room_product_list,GET,"{""type"":""PER_CALL"",""amount"":{""value"":0.001,""currency"":""USD""}}",,tikhub|tiktok,,eip155:8453|eip155:143,,False,,https://api.monid.ai/public/v1/providers/tikhub/endpoints/api/v1/tiktok/app/v3/fetch_live_room_product_list
tikhub,/api/v1/tiktok/app/v3/fetch_live_room_product_list_v2,/api/v1/tiktok/app/v3/fetch_live_room_product_list_v2,GET,"{""type"":""PER_CALL"",""amount"":{""value"":0.001,""currency"":""USD""}}",,tikhub|tiktok,,eip155:8453|eip155:143,,False,,https://api.monid.ai/public/v1/providers/tikhub/endpoints/api/v1/tiktok/app/v3/fetch_live_room_product_list_v2
tikhub,/api/v1/tiktok/app/v3/fetch_live_search_result,/api/v1/tiktok/app/v3/fetch_live_search_result,GET,"{""type"":""PER_CALL"",""amount"":{""value"":0.001,""currency"":""USD""}}",,tikhub|tiktok,,eip155:8453|eip155:143,,False,,https://api.monid.ai/public/v1/providers/tikhub/endpoints/api/v1/tiktok/app/v3/fetch_live_search_result
tikhub,/api/v1/tiktok/app/v3/fetch_location_search,/api/v1/tiktok/app/v3/fetch_location_search,GET,"{""type"":""PER_CALL"",""amount"":{""value"":0.001,""currency"":""USD""}}",,tikhub|tiktok,,eip155:8453|eip155:143,,False,,https://api.monid.ai/public/v1/providers/tikhub/endpoints/api/v1/tiktok/app/v3/fetch_location_search
tikhub,/api/v1/tiktok/app/v3/fetch_multi_video,/api/v1/tiktok/app/v3/fetch_multi_video,POST,"{""type"":""PER_CALL"",""amount"":{""value"":0.01,""currency"":""USD""}}",,tikhub|tiktok,,eip155:8453|eip155:143,,False,,https://api.monid.ai/public/v1/providers/tikhub/endpoints/api/v1/tiktok/app/v3/fetch_multi_video
tikhub,/api/v1/tiktok/app/v3/fetch_multi_video_v2,/api/v1/tiktok/app/v3/fetch_multi_video_v2,POST,"{""type"":""PER_CALL"",""amount"":{""value"":0.025,""currency"":""USD""}}",,tikhub|tiktok,,eip155:8453|eip155:143,,False,,https://api.monid.ai/public/v1/providers/tikhub/endpoints/api/v1/tiktok/app/v3/fetch_multi_video_v2
tikhub,/api/v1/tiktok/app/v3/fetch_music_chart_list,/api/v1/tiktok/app/v3/fetch_music_chart_list,GET,"{""type"":""PER_CALL"",""amount"":{""value"":0.001,""currency"":""USD""}}",,tikhub|tiktok,,eip155:8453|eip155:143,,False,,https://api.monid.ai/public/v1/providers/tikhub/endpoints/api/v1/tiktok/app/v3/fetch_music_chart_list
tikhub,/api/v1/tiktok/app/v3/fetch_music_detail,/api/v1/tiktok/app/v3/fetch_music_detail,GET,"{""type"":""PER_CALL"",""amount"":{""value"":0.001,""currency"":""USD""}}",,tikhub|tiktok,,eip155:8453|eip155:143,,False,,https://api.monid.ai/public/v1/providers/tikhub/endpoints/api/v1/tiktok/app/v3/fetch_music_detail
tikhub,/api/v1/tiktok/app/v3/fetch_music_search_result,/api/v1/tiktok/app/v3/fetch_music_search_result,GET,"{""type"":""PER_CALL"",""amount"":{""value"":0.001,""currency"":""USD""}}",,tikhub|tiktok,,eip155:8453|eip155:143,,False,,https://api.monid.ai/public/v1/providers/tikhub/endpoints/api/v1/tiktok/app/v3/fetch_music_search_result
tikhub,/api/v1/tiktok/app/v3/fetch_music_video_list,/api/v1/tiktok/app/v3/fetch_music_video_list,GET,"{""type"":""PER_CALL"",""amount"":{""value"":0.001,""currency"":""USD""}}",,tikhub|tiktok,,eip155:8453|eip155:143,,False,,https://api.monid.ai/public/v1/providers/tikhub/endpoints/api/v1/tiktok/app/v3/fetch_music_video_list
tikhub,/api/v1/tiktok/app/v3/fetch_one_video,/api/v1/tiktok/app/v3/fetch_one_video,GET,"{""type"":""PER_CALL"",""amount"":{""value"":0.001,""currency"":""USD""}}",,tikhub|tiktok,,eip155:8453|eip155:143,,False,,https://api.monid.ai/public/v1/providers/tikhub/endpoints/api/v1/tiktok/app/v3/fetch_one_video
tikhub,/api/v1/tiktok/app/v3/fetch_one_video_by_share_url,/api/v1/tiktok/app/v3/fetch_one_video_by_share_url,GET,"{""type"":""PER_CALL"",""amount"":{""value"":0.001,""currency"":""USD""}}",,tikhub|tiktok,,eip155:8453|eip155:143,,False,,https://api.monid.ai/public/v1/providers/tikhub/endpoints/api/v1/tiktok/app/v3/fetch_one_video_by_share_url
tikhub,/api/v1/tiktok/app/v3/fetch_one_video_by_share_url_v2,/api/v1/tiktok/app/v3/fetch_one_video_by_share_url_v2,GET,"{""type"":""PER_CALL"",""amount"":{""value"":0.001,""currency"":""USD""}}",,tikhub|tiktok,,eip155:8453|eip155:143,,False,,https://api.monid.ai/public/v1/providers/tikhub/endpoints/api/v1/tiktok/app/v3/fetch_one_video_by_share_url_v2
tikhub,/api/v1/tiktok/app/v3/fetch_one_video_v2,/api/v1/tiktok/app/v3/fetch_one_video_v2,GET,"{""type"":""PER_CALL"",""amount"":{""value"":0.001,""currency"":""USD""}}",,tikhub|tiktok,,eip155:8453|eip155:143,,False,,https://api.monid.ai/public/v1/providers/tikhub/endpoints/api/v1/tiktok/app/v3/fetch_one_video_v2
tikhub,/api/v1/tiktok/app/v3/fetch_one_video_v3,/api/v1/tiktok/app/v3/fetch_one_video_v3,GET,"{""type"":""PER_CALL"",""amount"":{""value"":0.001,""currency"":""USD""}}",,tikhub|tiktok,,eip155:8453|eip155:143,,False,,https://api.monid.ai/public/v1/providers/tikhub/endpoints/api/v1/tiktok/app/v3/fetch_one_video_v3
tikhub,/api/v1/tiktok/app/v3/fetch_share_qr_code,/api/v1/tiktok/app/v3/fetch_share_qr_code,GET,"{""type"":""PER_CALL"",""amount"":{""value"":0.001,""currency"":""USD""}}",,tikhub|tiktok,,eip155:8453|eip155:143,,False,,https://api.monid.ai/public/v1/providers/tikhub/endpoints/api/v1/tiktok/app/v3/fetch_share_qr_code
tikhub,/api/v1/tiktok/app/v3/fetch_share_short_link,/api/v1/tiktok/app/v3/fetch_share_short_link,GET,"{""type"":""PER_CALL"",""amount"":{""value"":0.001,""currency"":""USD""}}",,tikhub|tiktok,,eip155:8453|eip155:143,,False,,https://api.monid.ai/public/v1/providers/tikhub/endpoints/api/v1/tiktok/app/v3/fetch_share_short_link
tikhub,/api/v1/tiktok/app/v3/fetch_similar_user_recommendations,/api/v1/tiktok/app/v3/fetch_similar_user_recommendations,GET,"{""type"":""PER_CALL"",""amount"":{""value"":0.001,""currency"":""USD""}}",,tikhub|tiktok,,eip155:8453|eip155:143,,False,,https://api.monid.ai/public/v1/providers/tikhub/endpoints/api/v1/tiktok/app/v3/fetch_similar_user_recommendations
tikhub,/api/v1/tiktok/app/v3/fetch_user_country_by_username,/api/v1/tiktok/app/v3/fetch_user_country_by_username,GET,"{""type"":""PER_CALL"",""amount"":{""value"":0.001,""currency"":""USD""}}",,tikhub|tiktok,,eip155:8453|eip155:143,,False,,https://api.monid.ai/public/v1/providers/tikhub/endpoints/api/v1/tiktok/app/v3/fetch_user_country_by_username
tikhub,/api/v1/tiktok/app/v3/fetch_user_follower_list,/api/v1/tiktok/app/v3/fetch_user_follower_list,GET,"{""type"":""PER_CALL"",""amount"":{""value"":0.001,""currency"":""USD""}}",,tikhub|tiktok,,eip155:8453|eip155:143,,False,,https://api.monid.ai/public/v1/providers/tikhub/endpoints/api/v1/tiktok/app/v3/fetch_user_follower_list
tikhub,/api/v1/tiktok/app/v3/fetch_user_following_list,/api/v1/tiktok/app/v3/fetch_user_following_list,GET,"{""type"":""PER_CALL"",""amount"":{""value"":0.001,""currency"":""USD""}}",,tikhub|tiktok,,eip155:8453|eip155:143,,False,,https://api.monid.ai/public/v1/providers/tikhub/endpoints/api/v1/tiktok/app/v3/fetch_user_following_list
tikhub,/api/v1/tiktok/app/v3/fetch_user_like_videos,/api/v1/tiktok/app/v3/fetch_user_like_videos,GET,"{""type"":""PER_CALL"",""amount"":{""value"":0.001,""currency"":""USD""}}",,tikhub|tiktok,,eip155:8453|eip155:143,,False,,https://api.monid.ai/public/v1/providers/tikhub/endpoints/api/v1/tiktok/app/v3/fetch_user_like_videos
tikhub,/api/v1/tiktok/app/v3/fetch_user_music_list,/api/v1/tiktok/app/v3/fetch_user_music_list,GET,"{""type"":""PER_CALL"",""amount"":{""value"":0.001,""currency"":""USD""}}",,tikhub|tiktok,,eip155:8453|eip155:143,,False,,https://api.monid.ai/public/v1/providers/tikhub/endpoints/api/v1/tiktok/app/v3/fetch_user_music_list
tikhub,/api/v1/tiktok/app/v3/fetch_user_post_videos,/api/v1/tiktok/app/v3/fetch_user_post_videos,GET,"{""type"":""PER_CALL"",""amount"":{""value"":0.001,""currency"":""USD""}}",,tikhub|tiktok,,eip155:8453|eip155:143,,False,,https://api.monid.ai/public/v1/providers/tikhub/endpoints/api/v1/tiktok/app/v3/fetch_user_post_videos
tikhub,/api/v1/tiktok/app/v3/fetch_user_post_videos_v2,/api/v1/tiktok/app/v3/fetch_user_post_videos_v2,GET,"{""type"":""PER_CALL"",""amount"":{""value"":0.001,""currency"":""USD""}}",,tikhub|tiktok,,eip155:8453|eip155:143,,False,,https://api.monid.ai/public/v1/providers/tikhub/endpoints/api/v1/tiktok/app/v3/fetch_user_post_videos_v2
tikhub,/api/v1/tiktok/app/v3/fetch_user_post_videos_v3,/api/v1/tiktok/app/v3/fetch_user_post_videos_v3,GET,"{""type"":""PER_CALL"",""amount"":{""value"":0.001,""currency"":""USD""}}",,tikhub|tiktok,,eip155:8453|eip155:143,,False,,https://api.monid.ai/public/v1/providers/tikhub/endpoints/api/v1/tiktok/app/v3/fetch_user_post_videos_v3
tikhub,/api/v1/tiktok/app/v3/fetch_user_repost_videos,/api/v1/tiktok/app/v3/fetch_user_repost_videos,GET,"{""type"":""PER_CALL"",""amount"":{""value"":0.001,""currency"":""USD""}}",,tikhub|tiktok,,eip155:8453|eip155:143,,False,,https://api.monid.ai/public/v1/providers/tikhub/endpoints/api/v1/tiktok/app/v3/fetch_user_repost_videos
tikhub,/api/v1/tiktok/app/v3/fetch_user_search_result,/api/v1/tiktok/app/v3/fetch_user_search_result,GET,"{""type"":""PER_CALL"",""amount"":{""value"":0.001,""currency"":""USD""}}",,tikhub|tiktok,,eip155:8453|eip155:143,,False,,https://api.monid.ai/public/v1/providers/tikhub/endpoints/api/v1/tiktok/app/v3/fetch_user_search_result
tikhub,/api/v1/tiktok/app/v3/fetch_video_comment_replies,/api/v1/tiktok/app/v3/fetch_video_comment_replies,GET,"{""type"":""PER_CALL"",""amount"":{""value"":0.001,""currency"":""USD""}}",,tikhub|tiktok,,eip155:8453|eip155:143,,False,,https://api.monid.ai/public/v1/providers/tikhub/endpoints/api/v1/tiktok/app/v3/fetch_video_comment_replies
tikhub,/api/v1/tiktok/app/v3/fetch_video_comments,/api/v1/tiktok/app/v3/fetch_video_comments,GET,"{""type"":""PER_CALL"",""amount"":{""value"":0.001,""currency"":""USD""}}",,tikhub|tiktok,,eip155:8453|eip155:143,,False,,https://api.monid.ai/public/v1/providers/tikhub/endpoints/api/v1/tiktok/app/v3/fetch_video_comments
tikhub,/api/v1/tiktok/app/v3/fetch_video_search_result,/api/v1/tiktok/app/v3/fetch_video_search_result,GET,"{""type"":""PER_CALL"",""amount"":{""value"":0.001,""currency"":""USD""}}",,tikhub|tiktok,,eip155:8453|eip155:143,,False,,https://api.monid.ai/public/v1/providers/tikhub/endpoints/api/v1/tiktok/app/v3/fetch_video_search_result
tikhub,/api/v1/tiktok/app/v3/fetch_webcast_user_info,/api/v1/tiktok/app/v3/fetch_webcast_user_info,GET,"{""type"":""PER_CALL"",""amount"":{""value"":0.001,""currency"":""USD""}}",,tikhub|tiktok,,eip155:8453|eip155:143,,False,,https://api.monid.ai/public/v1/providers/tikhub/endpoints/api/v1/tiktok/app/v3/fetch_webcast_user_info
tikhub,/api/v1/tiktok/app/v3/get_user_id_and_sec_user_id_by_username,/api/v1/tiktok/app/v3/get_user_id_and_sec_user_id_by_username,GET,"{""type"":""PER_CALL"",""amount"":{""value"":0.001,""currency"":""USD""}}",,tikhub|tiktok,,eip155:8453|eip155:143,,False,,https://api.monid.ai/public/v1/providers/tikhub/endpoints/api/v1/tiktok/app/v3/get_user_id_and_sec_user_id_by_username
tikhub,/api/v1/tiktok/app/v3/handler_user_profile,/api/v1/tiktok/app/v3/handler_user_profile,GET,"{""type"":""PER_CALL"",""amount"":{""value"":0.001,""currency"":""USD""}}",,tikhub|tiktok,,eip155:8453|eip155:143,,False,,https://api.monid.ai/public/v1/providers/tikhub/endpoints/api/v1/tiktok/app/v3/handler_user_profile
tikhub,/api/v1/tiktok/app/v3/open_tiktok_app_to_keyword_search,/api/v1/tiktok/app/v3/open_tiktok_app_to_keyword_search,GET,"{""type"":""PER_CALL"",""amount"":{""value"":0.001,""currency"":""USD""}}",,tikhub|tiktok,,eip155:8453|eip155:143,,False,,https://api.monid.ai/public/v1/providers/tikhub/endpoints/api/v1/tiktok/app/v3/open_tiktok_app_to_keyword_search
tikhub,/api/v1/tiktok/app/v3/open_tiktok_app_to_send_private_message,/api/v1/tiktok/app/v3/open_tiktok_app_to_send_private_message,GET,"{""type"":""PER_CALL"",""amount"":{""value"":0.001,""currency"":""USD""}}",,tikhub|tiktok,,eip155:8453|eip155:143,,False,,https://api.monid.ai/public/v1/providers/tikhub/endpoints/api/v1/tiktok/app/v3/open_tiktok_app_to_send_private_message
tikhub,/api/v1/tiktok/app/v3/open_tiktok_app_to_user_profile,/api/v1/tiktok/app/v3/open_tiktok_app_to_user_profile,GET,"{""type"":""PER_CALL"",""amount"":{""value"":0.001,""currency"":""USD""}}",,tikhub|tiktok,,eip155:8453|eip155:143,,False,,https://api.monid.ai/public/v1/providers/tikhub/endpoints/api/v1/tiktok/app/v3/open_tiktok_app_to_user_profile
tikhub,/api/v1/tiktok/app/v3/open_tiktok_app_to_video_detail,/api/v1/tiktok/app/v3/open_tiktok_app_to_video_detail,GET,"{""type"":""PER_CALL"",""amount"":{""value"":0.001,""currency"":""USD""}}",,tikhub|tiktok,,eip155:8453|eip155:143,,False,,https://api.monid.ai/public/v1/providers/tikhub/endpoints/api/v1/tiktok/app/v3/open_tiktok_app_to_video_detail
tikhub,/api/v1/tiktok/app/v3/search_follower_list,/api/v1/tiktok/app/v3/search_follower_list,GET,"{""type"":""PER_CALL"",""amount"":{""value"":0.001,""currency"":""USD""}}",,tikhub|tiktok,,eip155:8453|eip155:143,,False,,https://api.monid.ai/public/v1/providers/tikhub/endpoints/api/v1/tiktok/app/v3/search_follower_list
tikhub,/api/v1/tiktok/app/v3/search_following_list,/api/v1/tiktok/app/v3/search_following_list,GET,"{""type"":""PER_CALL"",""amount"":{""value"":0.001,""currency"":""USD""}}",,tikhub|tiktok,,eip155:8453|eip155:143,,False,,https://api.monid.ai/public/v1/providers/tikhub/endpoints/api/v1/tiktok/app/v3/search_following_list
tikhub,/api/v1/tiktok/creator/get_account_health_status,/api/v1/tiktok/creator/get_account_health_status,POST,"{""type"":""PER_CALL"",""amount"":{""value"":0.001,""currency"":""USD""}}",,tikhub|tiktok,,eip155:8453|eip155:143,,False,,https://api.monid.ai/public/v1/providers/tikhub/endpoints/api/v1/tiktok/creator/get_account_health_status
tikhub,/api/v1/tiktok/creator/get_account_insights_overview,/api/v1/tiktok/creator/get_account_insights_overview,POST,"{""type"":""PER_CALL"",""amount"":{""value"":0.001,""currency"":""USD""}}",,tikhub|tiktok,,eip155:8453|eip155:143,,False,,https://api.monid.ai/public/v1/providers/tikhub/endpoints/api/v1/tiktok/creator/get_account_insights_overview
tikhub,/api/v1/tiktok/creator/get_account_violation_list,/api/v1/tiktok/creator/get_account_violation_list,POST,"{""type"":""PER_CALL"",""amount"":{""value"":0.001,""currency"":""USD""}}",,tikhub|tiktok,,eip155:8453|eip155:143,,False,,https://api.monid.ai/public/v1/providers/tikhub/endpoints/api/v1/tiktok/creator/get_account_violation_list
tikhub,/api/v1/tiktok/creator/get_creator_account_info,/api/v1/tiktok/creator/get_creator_account_info,POST,"{""type"":""PER_CALL"",""amount"":{""value"":0.001,""currency"":""USD""}}",,tikhub|tiktok,,eip155:8453|eip155:143,,False,,https://api.monid.ai/public/v1/providers/tikhub/endpoints/api/v1/tiktok/creator/get_creator_account_info
tikhub,/api/v1/tiktok/creator/get_live_analytics_summary,/api/v1/tiktok/creator/get_live_analytics_summary,POST,"{""type"":""PER_CALL"",""amount"":{""value"":0.001,""currency"":""USD""}}",,tikhub|tiktok,,eip155:8453|eip155:143,,False,,https://api.monid.ai/public/v1/providers/tikhub/endpoints/api/v1/tiktok/creator/get_live_analytics_summary
tikhub,/api/v1/tiktok/creator/get_product_analytics_list,/api/v1/tiktok/creator/get_product_analytics_list,POST,"{""type"":""PER_CALL"",""amount"":{""value"":0.001,""currency"":""USD""}}",,tikhub|tiktok,,eip155:8453|eip155:143,,False,,https://api.monid.ai/public/v1/providers/tikhub/endpoints/api/v1/tiktok/creator/get_product_analytics_list
tikhub,/api/v1/tiktok/creator/get_product_related_videos,/api/v1/tiktok/creator/get_product_related_videos,POST,"{""type"":""PER_CALL"",""amount"":{""value"":0.001,""currency"":""USD""}}",,tikhub|tiktok,,eip155:8453|eip155:143,,False,,https://api.monid.ai/public/v1/providers/tikhub/endpoints/api/v1/tiktok/creator/get_product_related_videos
tikhub,/api/v1/tiktok/creator/get_showcase_product_list,/api/v1/tiktok/creator/get_showcase_product_list,POST,"{""type"":""PER_CALL"",""amount"":{""value"":0.001,""currency"":""USD""}}",,tikhub|tiktok,,eip155:8453|eip155:143,,False,,https://api.monid.ai/public/v1/providers/tikhub/endpoints/api/v1/tiktok/creator/get_showcase_product_list
tikhub,/api/v1/tiktok/creator/get_video_analytics_summary,/api/v1/tiktok/creator/get_video_analytics_summary,POST,"{""type"":""PER_CALL"",""amount"":{""value"":0.001,""currency"":""USD""}}",,tikhub|tiktok,,eip155:8453|eip155:143,,False,,https://api.monid.ai/public/v1/providers/tikhub/endpoints/api/v1/tiktok/creator/get_video_analytics_summary
tikhub,/api/v1/tiktok/creator/get_video_associated_product_list,/api/v1/tiktok/creator/get_video_associated_product_list,POST,"{""type"":""PER_CALL"",""amount"":{""value"":0.001,""currency"":""USD""}}",,tikhub|tiktok,,eip155:8453|eip155:143,,False,,https://api.monid.ai/public/v1/providers/tikhub/endpoints/api/v1/tiktok/creator/get_video_associated_product_list
tikhub,/api/v1/tiktok/creator/get_video_audience_stats,/api/v1/tiktok/creator/get_video_audience_stats,POST,"{""type"":""PER_CALL"",""amount"":{""value"":0.001,""currency"":""USD""}}",,tikhub|tiktok,,eip155:8453|eip155:143,,False,,https://api.monid.ai/public/v1/providers/tikhub/endpoints/api/v1/tiktok/creator/get_video_audience_stats
tikhub,/api/v1/tiktok/creator/get_video_detailed_stats,/api/v1/tiktok/creator/get_video_detailed_stats,POST,"{""type"":""PER_CALL"",""amount"":{""value"":0.001,""currency"":""USD""}}",,tikhub|tiktok,,eip155:8453|eip155:143,,False,,https://api.monid.ai/public/v1/providers/tikhub/endpoints/api/v1/tiktok/creator/get_video_detailed_stats
tikhub,/api/v1/tiktok/creator/get_video_list_analytics,/api/v1/tiktok/creator/get_video_list_analytics,POST,"{""type"":""PER_CALL"",""amount"":{""value"":0.001,""currency"":""USD""}}",,tikhub|tiktok,,eip155:8453|eip155:143,,False,,https://api.monid.ai/public/v1/providers/tikhub/endpoints/api/v1/tiktok/creator/get_video_list_analytics
tikhub,/api/v1/tiktok/creator/get_video_to_product_stats,/api/v1/tiktok/creator/get_video_to_product_stats,POST,"{""type"":""PER_CALL"",""amount"":{""value"":0.001,""currency"":""USD""}}",,tikhub|tiktok,,eip155:8453|eip155:143,,False,,https://api.monid.ai/public/v1/providers/tikhub/endpoints/api/v1/tiktok/creator/get_video_to_product_stats
tikhub,/api/v1/tiktok/shop/web/fetch_product_detail,/api/v1/tiktok/shop/web/fetch_product_detail,GET,"{""type"":""PER_CALL"",""amount"":{""value"":0.001,""currency"":""USD""}}",,tikhub|tiktok-shop,,eip155:8453|eip155:143,,False,,https://api.monid.ai/public/v1/providers/tikhub/endpoints/api/v1/tiktok/shop/web/fetch_product_detail
tikhub,/api/v1/tiktok/shop/web/fetch_product_detail_v3,/api/v1/tiktok/shop/web/fetch_product_detail_v3,GET,"{""type"":""PER_CALL"",""amount"":{""value"":0.001,""currency"":""USD""}}",,tikhub|tiktok-shop,,eip155:8453|eip155:143,,False,,https://api.monid.ai/public/v1/providers/tikhub/endpoints/api/v1/tiktok/shop/web/fetch_product_detail_v3
tikhub,/api/v1/tiktok/shop/web/fetch_product_id_by_share_link,/api/v1/tiktok/shop/web/fetch_product_id_by_share_link,GET,"{""type"":""PER_CALL"",""amount"":{""value"":0.001,""currency"":""USD""}}",,tikhub|tiktok-shop,,eip155:8453|eip155:143,,False,,https://api.monid.ai/public/v1/providers/tikhub/endpoints/api/v1/tiktok/shop/web/fetch_product_id_by_share_link
tikhub,/api/v1/tiktok/shop/web/fetch_product_reviews_v2,/api/v1/tiktok/shop/web/fetch_product_reviews_v2,GET,"{""type"":""PER_CALL"",""amount"":{""value"":0.001,""currency"":""USD""}}",,tikhub|tiktok-shop,,eip155:8453|eip155:143,,False,,https://api.monid.ai/public/v1/providers/tikhub/endpoints/api/v1/tiktok/shop/web/fetch_product_reviews_v2
tikhub,/api/v1/tiktok/shop/web/fetch_products_by_category_id,/api/v1/tiktok/shop/web/fetch_products_by_category_id,GET,"{""type"":""PER_CALL"",""amount"":{""value"":0.001,""currency"":""USD""}}",,tikhub|tiktok-shop,,eip155:8453|eip155:143,,False,,https://api.monid.ai/public/v1/providers/tikhub/endpoints/api/v1/tiktok/shop/web/fetch_products_by_category_id
tikhub,/api/v1/tiktok/shop/web/fetch_products_category_list,/api/v1/tiktok/shop/web/fetch_products_category_list,GET,"{""type"":""PER_CALL"",""amount"":{""value"":0.001,""currency"":""USD""}}",,tikhub|tiktok-shop,,eip155:8453|eip155:143,,False,,https://api.monid.ai/public/v1/providers/tikhub/endpoints/api/v1/tiktok/shop/web/fetch_products_category_list
tikhub,/api/v1/tiktok/shop/web/fetch_search_products_list,/api/v1/tiktok/shop/web/fetch_search_products_list,GET,"{""type"":""PER_CALL"",""amount"":{""value"":0.001,""currency"":""USD""}}",,tikhub|tiktok-shop,,eip155:8453|eip155:143,,False,,https://api.monid.ai/public/v1/providers/tikhub/endpoints/api/v1/tiktok/shop/web/fetch_search_products_list
tikhub,/api/v1/tiktok/shop/web/fetch_search_products_list_v2,/api/v1/tiktok/shop/web/fetch_search_products_list_v2,GET,"{""type"":""PER_CALL"",""amount"":{""value"":0.001,""currency"":""USD""}}",,tikhub|tiktok-shop,,eip155:8453|eip155:143,,False,,https://api.monid.ai/public/v1/providers/tikhub/endpoints/api/v1/tiktok/shop/web/fetch_search_products_list_v2
tikhub,/api/v1/tiktok/shop/web/fetch_search_word_suggestion_v2,/api/v1/tiktok/shop/web/fetch_search_word_suggestion_v2,GET,"{""type"":""PER_CALL"",""amount"":{""value"":0.001,""currency"":""USD""}}",,tikhub|tiktok-shop,,eip155:8453|eip155:143,,False,,https://api.monid.ai/public/v1/providers/tikhub/endpoints/api/v1/tiktok/shop/web/fetch_search_word_suggestion_v2
tikhub,/api/v1/tiktok/shop/web/fetch_seller_products_list,/api/v1/tiktok/shop/web/fetch_seller_products_list,GET,"{""type"":""PER_CALL"",""amount"":{""value"":0.001,""currency"":""USD""}}",,tikhub|tiktok-shop,,eip155:8453|eip155:143,,False,,https://api.monid.ai/public/v1/providers/tikhub/endpoints/api/v1/tiktok/shop/web/fetch_seller_products_list
tikhub,/api/v1/tiktok/shop/web/fetch_seller_products_list_v2,/api/v1/tiktok/shop/web/fetch_seller_products_list_v2,GET,"{""type"":""PER_CALL"",""amount"":{""value"":0.001,""currency"":""USD""}}",,tikhub|tiktok-shop,,eip155:8453|eip155:143,,False,,https://api.monid.ai/public/v1/providers/tikhub/endpoints/api/v1/tiktok/shop/web/fetch_seller_products_list_v2
tikhub,/api/v1/tiktok/shop/web/fetch_shop_id_by_share_link,/api/v1/tiktok/shop/web/fetch_shop_id_by_share_link,GET,"{""type"":""PER_CALL"",""amount"":{""value"":0.001,""currency"":""USD""}}",,tikhub|tiktok-shop,,eip155:8453|eip155:143,,False,,https://api.monid.ai/public/v1/providers/tikhub/endpoints/api/v1/tiktok/shop/web/fetch_shop_id_by_share_link
tikhub,/api/v1/tiktok/web/decrypt_strData,/api/v1/tiktok/web/decrypt_strData,GET,"{""type"":""PER_CALL"",""amount"":{""value"":0.001,""currency"":""USD""}}",,tikhub|tiktok,,eip155:8453|eip155:143,,False,,https://api.monid.ai/public/v1/providers/tikhub/endpoints/api/v1/tiktok/web/decrypt_strData
tikhub,/api/v1/tiktok/web/device_register,/api/v1/tiktok/web/device_register,GET,"{""type"":""PER_CALL"",""amount"":{""value"":0.002,""currency"":""USD""}}",,tikhub|tiktok,,eip155:8453|eip155:143,,False,,https://api.monid.ai/public/v1/providers/tikhub/endpoints/api/v1/tiktok/web/device_register
tikhub,/api/v1/tiktok/web/encrypt_strData,/api/v1/tiktok/web/encrypt_strData,GET,"{""type"":""PER_CALL"",""amount"":{""value"":0.001,""currency"":""USD""}}",,tikhub|tiktok,,eip155:8453|eip155:143,,False,,https://api.monid.ai/public/v1/providers/tikhub/endpoints/api/v1/tiktok/web/encrypt_strData
tikhub,/api/v1/tiktok/web/fetch_batch_check_live_alive,/api/v1/tiktok/web/fetch_batch_check_live_alive,GET,"{""type"":""PER_CALL"",""amount"":{""value"":0.05,""currency"":""USD""}}",,tikhub|tiktok,,eip155:8453|eip155:143,,False,,https://api.monid.ai/public/v1/providers/tikhub/endpoints/api/v1/tiktok/web/fetch_batch_check_live_alive
tikhub,/api/v1/tiktok/web/fetch_check_live_alive,/api/v1/tiktok/web/fetch_check_live_alive,GET,"{""type"":""PER_CALL"",""amount"":{""value"":0.002,""currency"":""USD""}}",,tikhub|tiktok,,eip155:8453|eip155:143,,False,,https://api.monid.ai/public/v1/providers/tikhub/endpoints/api/v1/tiktok/web/fetch_check_live_alive
tikhub,/api/v1/tiktok/web/fetch_explore_post,/api/v1/tiktok/web/fetch_explore_post,GET,"{""type"":""PER_CALL"",""amount"":{""value"":0.001,""currency"":""USD""}}",,tikhub|tiktok,,eip155:8453|eip155:143,,False,,https://api.monid.ai/public/v1/providers/tikhub/endpoints/api/v1/tiktok/web/fetch_explore_post
tikhub,/api/v1/tiktok/web/fetch_general_search,/api/v1/tiktok/web/fetch_general_search,GET,"{""type"":""PER_CALL"",""amount"":{""value"":0.001,""currency"":""USD""}}",,tikhub|tiktok,,eip155:8453|eip155:143,,False,,https://api.monid.ai/public/v1/providers/tikhub/endpoints/api/v1/tiktok/web/fetch_general_search
tikhub,/api/v1/tiktok/web/fetch_gift_name_by_id,/api/v1/tiktok/web/fetch_gift_name_by_id,POST,"{""type"":""PER_CALL"",""amount"":{""value"":0.001,""currency"":""USD""}}",,tikhub|tiktok,,eip155:8453|eip155:143,,False,,https://api.monid.ai/public/v1/providers/tikhub/endpoints/api/v1/tiktok/web/fetch_gift_name_by_id
tikhub,/api/v1/tiktok/web/fetch_gift_names_by_ids,/api/v1/tiktok/web/fetch_gift_names_by_ids,POST,"{""type"":""PER_CALL"",""amount"":{""value"":0.025,""currency"":""USD""}}",,tikhub|tiktok,,eip155:8453|eip155:143,,False,,https://api.monid.ai/public/v1/providers/tikhub/endpoints/api/v1/tiktok/web/fetch_gift_names_by_ids
tikhub,/api/v1/tiktok/web/fetch_home_feed,/api/v1/tiktok/web/fetch_home_feed,POST,"{""type"":""PER_CALL"",""amount"":{""value"":0.001,""currency"":""USD""}}",,tikhub|tiktok,,eip155:8453|eip155:143,,False,,https://api.monid.ai/public/v1/providers/tikhub/endpoints/api/v1/tiktok/web/fetch_home_feed
tikhub,/api/v1/tiktok/web/fetch_live_gift_list,/api/v1/tiktok/web/fetch_live_gift_list,GET,"{""type"":""PER_CALL"",""amount"":{""value"":0.025,""currency"":""USD""}}",,tikhub|tiktok,,eip155:8453|eip155:143,,False,,https://api.monid.ai/public/v1/providers/tikhub/endpoints/api/v1/tiktok/web/fetch_live_gift_list
tikhub,/api/v1/tiktok/web/fetch_live_im_fetch,/api/v1/tiktok/web/fetch_live_im_fetch,GET,"{""type"":""PER_CALL"",""amount"":{""value"":0.001,""currency"":""USD""}}",,tikhub|tiktok,,eip155:8453|eip155:143,,False,,https://api.monid.ai/public/v1/providers/tikhub/endpoints/api/v1/tiktok/web/fetch_live_im_fetch
tikhub,/api/v1/tiktok/web/fetch_live_recommend,/api/v1/tiktok/web/fetch_live_recommend,GET,"{""type"":""PER_CALL"",""amount"":{""value"":0.001,""currency"":""USD""}}",,tikhub|tiktok,,eip155:8453|eip155:143,,False,,https://api.monid.ai/public/v1/providers/tikhub/endpoints/api/v1/tiktok/web/fetch_live_recommend
tikhub,/api/v1/tiktok/web/fetch_live_recommend_tabs,/api/v1/tiktok/web/fetch_live_recommend_tabs,GET,"{""type"":""PER_CALL"",""amount"":{""value"":0.001,""currency"":""USD""}}",,tikhub|tiktok,,eip155:8453|eip155:143,,False,,https://api.monid.ai/public/v1/providers/tikhub/endpoints/api/v1/tiktok/web/fetch_live_recommend_tabs
tikhub,/api/v1/tiktok/web/fetch_post_ai_article,/api/v1/tiktok/web/fetch_post_ai_article,GET,"{""type"":""PER_CALL"",""amount"":{""value"":0.001,""currency"":""USD""}}",,tikhub|tiktok,,eip155:8453|eip155:143,,False,,https://api.monid.ai/public/v1/providers/tikhub/endpoints/api/v1/tiktok/web/fetch_post_ai_article
tikhub,/api/v1/tiktok/web/fetch_post_comment_reply,/api/v1/tiktok/web/fetch_post_comment_reply,GET,"{""type"":""PER_CALL"",""amount"":{""value"":0.001,""currency"":""USD""}}",,tikhub|tiktok,,eip155:8453|eip155:143,,False,,https://api.monid.ai/public/v1/providers/tikhub/endpoints/api/v1/tiktok/web/fetch_post_comment_reply
tikhub,/api/v1/tiktok/web/fetch_post_detail,/api/v1/tiktok/web/fetch_post_detail,GET,"{""type"":""PER_CALL"",""amount"":{""value"":0.001,""currency"":""USD""}}",,tikhub|tiktok,,eip155:8453|eip155:143,,False,,https://api.monid.ai/public/v1/providers/tikhub/endpoints/api/v1/tiktok/web/fetch_post_detail
tikhub,/api/v1/tiktok/web/fetch_post_detail_v2,/api/v1/tiktok/web/fetch_post_detail_v2,GET,"{""type"":""PER_CALL"",""amount"":{""value"":0.001,""currency"":""USD""}}",,tikhub|tiktok,,eip155:8453|eip155:143,,False,,https://api.monid.ai/public/v1/providers/tikhub/endpoints/api/v1/tiktok/web/fetch_post_detail_v2
tikhub,/api/v1/tiktok/web/fetch_search_keyword_suggest,/api/v1/tiktok/web/fetch_search_keyword_suggest,GET,"{""type"":""PER_CALL"",""amount"":{""value"":0.001,""currency"":""USD""}}",,tikhub|tiktok,,eip155:8453|eip155:143,,False,,https://api.monid.ai/public/v1/providers/tikhub/endpoints/api/v1/tiktok/web/fetch_search_keyword_suggest
tikhub,/api/v1/tiktok/web/fetch_search_live,/api/v1/tiktok/web/fetch_search_live,GET,"{""type"":""PER_CALL"",""amount"":{""value"":0.001,""currency"":""USD""}}",,tikhub|tiktok,,eip155:8453|eip155:143,,False,,https://api.monid.ai/public/v1/providers/tikhub/endpoints/api/v1/tiktok/web/fetch_search_live
tikhub,/api/v1/tiktok/web/fetch_search_photo,/api/v1/tiktok/web/fetch_search_photo,GET,"{""type"":""PER_CALL"",""amount"":{""value"":0.001,""currency"":""USD""}}",,tikhub|tiktok,,eip155:8453|eip155:143,,False,,https://api.monid.ai/public/v1/providers/tikhub/endpoints/api/v1/tiktok/web/fetch_search_photo
tikhub,/api/v1/tiktok/web/fetch_search_user,/api/v1/tiktok/web/fetch_search_user,GET,"{""type"":""PER_CALL"",""amount"":{""value"":0.001,""currency"":""USD""}}",,tikhub|tiktok,,eip155:8453|eip155:143,,False,,https://api.monid.ai/public/v1/providers/tikhub/endpoints/api/v1/tiktok/web/fetch_search_user
tikhub,/api/v1/tiktok/web/fetch_tag_detail,/api/v1/tiktok/web/fetch_tag_detail,GET,"{""type"":""PER_CALL"",""amount"":{""value"":0.001,""currency"":""USD""}}",,tikhub|tiktok,,eip155:8453|eip155:143,,False,,https://api.monid.ai/public/v1/providers/tikhub/endpoints/api/v1/tiktok/web/fetch_tag_detail
tikhub,/api/v1/tiktok/web/fetch_tag_post,/api/v1/tiktok/web/fetch_tag_post,GET,"{""type"":""PER_CALL"",""amount"":{""value"":0.001,""currency"":""USD""}}",,tikhub|tiktok,,eip155:8453|eip155:143,,False,,https://api.monid.ai/public/v1/providers/tikhub/endpoints/api/v1/tiktok/web/fetch_tag_post
tikhub,/api/v1/tiktok/web/fetch_tiktok_live_data,/api/v1/tiktok/web/fetch_tiktok_live_data,GET,"{""type"":""PER_CALL"",""amount"":{""value"":0.001,""currency"":""USD""}}",,tikhub|tiktok,,eip155:8453|eip155:143,,False,,https://api.monid.ai/public/v1/providers/tikhub/endpoints/api/v1/tiktok/web/fetch_tiktok_live_data
tikhub,/api/v1/tiktok/web/fetch_tiktok_web_guest_cookie,/api/v1/tiktok/web/fetch_tiktok_web_guest_cookie,GET,"{""type"":""PER_CALL"",""amount"":{""value"":0.002,""currency"":""USD""}}",,tikhub|tiktok,,eip155:8453|eip155:143,,False,,https://api.monid.ai/public/v1/providers/tikhub/endpoints/api/v1/tiktok/web/fetch_tiktok_web_guest_cookie
tikhub,/api/v1/tiktok/web/fetch_trending_searchwords,/api/v1/tiktok/web/fetch_trending_searchwords,GET,"{""type"":""PER_CALL"",""amount"":{""value"":0.001,""currency"":""USD""}}",,tikhub|tiktok,,eip155:8453|eip155:143,,False,,https://api.monid.ai/public/v1/providers/tikhub/endpoints/api/v1/tiktok/web/fetch_trending_searchwords
tikhub,/api/v1/tiktok/web/fetch_user_collect,/api/v1/tiktok/web/fetch_user_collect,GET,"{""type"":""PER_CALL"",""amount"":{""value"":0.001,""currency"":""USD""}}",,tikhub|tiktok,,eip155:8453|eip155:143,,False,,https://api.monid.ai/public/v1/providers/tikhub/endpoints/api/v1/tiktok/web/fetch_user_collect
tikhub,/api/v1/tiktok/web/fetch_user_fans,/api/v1/tiktok/web/fetch_user_fans,GET,"{""type"":""PER_CALL"",""amount"":{""value"":0.001,""currency"":""USD""}}",,tikhub|tiktok,,eip155:8453|eip155:143,,False,,https://api.monid.ai/public/v1/providers/tikhub/endpoints/api/v1/tiktok/web/fetch_user_fans
tikhub,/api/v1/tiktok/web/fetch_user_follow,/api/v1/tiktok/web/fetch_user_follow,GET,"{""type"":""PER_CALL"",""amount"":{""value"":0.001,""currency"":""USD""}}",,tikhub|tiktok,,eip155:8453|eip155:143,,False,,https://api.monid.ai/public/v1/providers/tikhub/endpoints/api/v1/tiktok/web/fetch_user_follow
tikhub,/api/v1/tiktok/web/fetch_user_like,/api/v1/tiktok/web/fetch_user_like,GET,"{""type"":""PER_CALL"",""amount"":{""value"":0.001,""currency"":""USD""}}",,tikhub|tiktok,,eip155:8453|eip155:143,,False,,https://api.monid.ai/public/v1/providers/tikhub/endpoints/api/v1/tiktok/web/fetch_user_like
tikhub,/api/v1/tiktok/web/fetch_user_live_detail,/api/v1/tiktok/web/fetch_user_live_detail,GET,"{""type"":""PER_CALL"",""amount"":{""value"":0.001,""currency"":""USD""}}",,tikhub|tiktok,,eip155:8453|eip155:143,,False,,https://api.monid.ai/public/v1/providers/tikhub/endpoints/api/v1/tiktok/web/fetch_user_live_detail
tikhub,/api/v1/tiktok/web/fetch_user_mix,/api/v1/tiktok/web/fetch_user_mix,GET,"{""type"":""PER_CALL"",""amount"":{""value"":0.001,""currency"":""USD""}}",,tikhub|tiktok,,eip155:8453|eip155:143,,False,,https://api.monid.ai/public/v1/providers/tikhub/endpoints/api/v1/tiktok/web/fetch_user_mix
tikhub,/api/v1/tiktok/web/fetch_user_play_list,/api/v1/tiktok/web/fetch_user_play_list,GET,"{""type"":""PER_CALL"",""amount"":{""value"":0.001,""currency"":""USD""}}",,tikhub|tiktok,,eip155:8453|eip155:143,,False,,https://api.monid.ai/public/v1/providers/tikhub/endpoints/api/v1/tiktok/web/fetch_user_play_list
tikhub,/api/v1/tiktok/web/fetch_user_post,/api/v1/tiktok/web/fetch_user_post,GET,"{""type"":""PER_CALL"",""amount"":{""value"":0.001,""currency"":""USD""}}",,tikhub|tiktok,,eip155:8453|eip155:143,,False,,https://api.monid.ai/public/v1/providers/tikhub/endpoints/api/v1/tiktok/web/fetch_user_post
tikhub,/api/v1/tiktok/web/fetch_user_profile,/api/v1/tiktok/web/fetch_user_profile,GET,"{""type"":""PER_CALL"",""amount"":{""value"":0.001,""currency"":""USD""}}",,tikhub|tiktok,,eip155:8453|eip155:143,,False,,https://api.monid.ai/public/v1/providers/tikhub/endpoints/api/v1/tiktok/web/fetch_user_profile
tikhub,/api/v1/tiktok/web/fetch_user_repost,/api/v1/tiktok/web/fetch_user_repost,GET,"{""type"":""PER_CALL"",""amount"":{""value"":0.001,""currency"":""USD""}}",,tikhub|tiktok,,eip155:8453|eip155:143,,False,,https://api.monid.ai/public/v1/providers/tikhub/endpoints/api/v1/tiktok/web/fetch_user_repost
tikhub,/api/v1/tiktok/web/generate_fingerprint,/api/v1/tiktok/web/generate_fingerprint,GET,"{""type"":""PER_CALL"",""amount"":{""value"":0.001,""currency"":""USD""}}",,tikhub|tiktok,,eip155:8453|eip155:143,,False,,https://api.monid.ai/public/v1/providers/tikhub/endpoints/api/v1/tiktok/web/generate_fingerprint
tikhub,/api/v1/tiktok/web/generate_hashed_id,/api/v1/tiktok/web/generate_hashed_id,GET,"{""type"":""PER_CALL"",""amount"":{""value"":0.001,""currency"":""USD""}}",,tikhub|tiktok,,eip155:8453|eip155:143,,False,,https://api.monid.ai/public/v1/providers/tikhub/endpoints/api/v1/tiktok/web/generate_hashed_id
tikhub,/api/v1/tiktok/web/generate_real_msToken,/api/v1/tiktok/web/generate_real_msToken,GET,"{""type"":""PER_CALL"",""amount"":{""value"":0.001,""currency"":""USD""}}",,tikhub|tiktok,,eip155:8453|eip155:143,,False,,https://api.monid.ai/public/v1/providers/tikhub/endpoints/api/v1/tiktok/web/generate_real_msToken
tikhub,/api/v1/tiktok/web/generate_ttwid,/api/v1/tiktok/web/generate_ttwid,GET,"{""type"":""PER_CALL"",""amount"":{""value"":0.001,""currency"":""USD""}}",,tikhub|tiktok,,eip155:8453|eip155:143,,False,,https://api.monid.ai/public/v1/providers/tikhub/endpoints/api/v1/tiktok/web/generate_ttwid
tikhub,/api/v1/tiktok/web/generate_webid,/api/v1/tiktok/web/generate_webid,GET,"{""type"":""PER_CALL"",""amount"":{""value"":0.001,""currency"":""USD""}}",,tikhub|tiktok,,eip155:8453|eip155:143,,False,,https://api.monid.ai/public/v1/providers/tikhub/endpoints/api/v1/tiktok/web/generate_webid
tikhub,/api/v1/tiktok/web/generate_wss_xb_signature,/api/v1/tiktok/web/generate_wss_xb_signature,GET,"{""type"":""PER_CALL"",""amount"":{""value"":0.001,""currency"":""USD""}}",,tikhub|tiktok,,eip155:8453|eip155:143,,False,,https://api.monid.ai/public/v1/providers/tikhub/endpoints/api/v1/tiktok/web/generate_wss_xb_signature
tikhub,/api/v1/tiktok/web/generate_x_mssdk_info,/api/v1/tiktok/web/generate_x_mssdk_info,POST,"{""type"":""PER_CALL"",""amount"":{""value"":0.002,""currency"":""USD""}}",,tikhub|tiktok,,eip155:8453|eip155:143,,False,,https://api.monid.ai/public/v1/providers/tikhub/endpoints/api/v1/tiktok/web/generate_x_mssdk_info
tikhub,/api/v1/tiktok/web/generate_xbogus,/api/v1/tiktok/web/generate_xbogus,POST,"{""type"":""PER_CALL"",""amount"":{""value"":0.001,""currency"":""USD""}}",,tikhub|tiktok,,eip155:8453|eip155:143,,False,,https://api.monid.ai/public/v1/providers/tikhub/endpoints/api/v1/tiktok/web/generate_xbogus
tikhub,/api/v1/tiktok/web/generate_xgnarly,/api/v1/tiktok/web/generate_xgnarly,POST,"{""type"":""PER_CALL"",""amount"":{""value"":0.002,""currency"":""USD""}}",,tikhub|tiktok,,eip155:8453|eip155:143,,False,,https://api.monid.ai/public/v1/providers/tikhub/endpoints/api/v1/tiktok/web/generate_xgnarly
tikhub,/api/v1/tiktok/web/generate_xgnarly_and_xbogus,/api/v1/tiktok/web/generate_xgnarly_and_xbogus,POST,"{""type"":""PER_CALL"",""amount"":{""value"":0.005,""currency"":""USD""}}",,tikhub|tiktok,,eip155:8453|eip155:143,,False,,https://api.monid.ai/public/v1/providers/tikhub/endpoints/api/v1/tiktok/web/generate_xgnarly_and_xbogus
tikhub,/api/v1/tiktok/web/get_all_aweme_id,/api/v1/tiktok/web/get_all_aweme_id,POST,"{""type"":""PER_CALL"",""amount"":{""value"":0.001,""currency"":""USD""}}",,tikhub|tiktok,,eip155:8453|eip155:143,,False,,https://api.monid.ai/public/v1/providers/tikhub/endpoints/api/v1/tiktok/web/get_all_aweme_id
tikhub,/api/v1/tiktok/web/get_all_sec_user_id,/api/v1/tiktok/web/get_all_sec_user_id,POST,"{""type"":""PER_CALL"",""amount"":{""value"":0.001,""currency"":""USD""}}",,tikhub|tiktok,,eip155:8453|eip155:143,,False,,https://api.monid.ai/public/v1/providers/tikhub/endpoints/api/v1/tiktok/web/get_all_sec_user_id
tikhub,/api/v1/tiktok/web/get_all_unique_id,/api/v1/tiktok/web/get_all_unique_id,POST,"{""type"":""PER_CALL"",""amount"":{""value"":0.001,""currency"":""USD""}}",,tikhub|tiktok,,eip155:8453|eip155:143,,False,,https://api.monid.ai/public/v1/providers/tikhub/endpoints/api/v1/tiktok/web/get_all_unique_id
tikhub,/api/v1/tiktok/web/get_aweme_id,/api/v1/tiktok/web/get_aweme_id,GET,"{""type"":""PER_CALL"",""amount"":{""value"":0.001,""currency"":""USD""}}",,tikhub|tiktok,,eip155:8453|eip155:143,,False,,https://api.monid.ai/public/v1/providers/tikhub/endpoints/api/v1/tiktok/web/get_aweme_id
tikhub,/api/v1/tiktok/web/get_live_room_id,/api/v1/tiktok/web/get_live_room_id,GET,"{""type"":""PER_CALL"",""amount"":{""value"":0.001,""currency"":""USD""}}",,tikhub|tiktok,,eip155:8453|eip155:143,,False,,https://api.monid.ai/public/v1/providers/tikhub/endpoints/api/v1/tiktok/web/get_live_room_id
tikhub,/api/v1/tiktok/web/get_sec_user_id,/api/v1/tiktok/web/get_sec_user_id,GET,"{""type"":""PER_CALL"",""amount"":{""value"":0.001,""currency"":""USD""}}",,tikhub|tiktok,,eip155:8453|eip155:143,,False,,https://api.monid.ai/public/v1/providers/tikhub/endpoints/api/v1/tiktok/web/get_sec_user_id
tikhub,/api/v1/tiktok/web/get_unique_id,/api/v1/tiktok/web/get_unique_id,GET,"{""type"":""PER_CALL"",""amount"":{""value"":0.001,""currency"":""USD""}}",,tikhub|tiktok,,eip155:8453|eip155:143,,False,,https://api.monid.ai/public/v1/providers/tikhub/endpoints/api/v1/tiktok/web/get_unique_id
tikhub,/api/v1/tiktok/web/get_user_id,/api/v1/tiktok/web/get_user_id,GET,"{""type"":""PER_CALL"",""amount"":{""value"":0.001,""currency"":""USD""}}",,tikhub|tiktok,,eip155:8453|eip155:143,,False,,https://api.monid.ai/public/v1/providers/tikhub/endpoints/api/v1/tiktok/web/get_user_id
tikhub,/api/v1/toutiao/app/get_article_info,/api/v1/toutiao/app/get_article_info,GET,"{""type"":""PER_CALL"",""amount"":{""value"":0.001,""currency"":""USD""}}",,news-search|tikhub|toutiao,,eip155:8453|eip155:143,,False,,https://api.monid.ai/public/v1/providers/tikhub/endpoints/api/v1/toutiao/app/get_article_info
tikhub,/api/v1/toutiao/app/get_comments,/api/v1/toutiao/app/get_comments,GET,"{""type"":""PER_CALL"",""amount"":{""value"":0.001,""currency"":""USD""}}",,news-search|tikhub|toutiao,,eip155:8453|eip155:143,,False,,https://api.monid.ai/public/v1/providers/tikhub/endpoints/api/v1/toutiao/app/get_comments
tikhub,/api/v1/toutiao/app/get_user_id,/api/v1/toutiao/app/get_user_id,GET,"{""type"":""PER_CALL"",""amount"":{""value"":0.001,""currency"":""USD""}}",,news-search|tikhub|toutiao,,eip155:8453|eip155:143,,False,,https://api.monid.ai/public/v1/providers/tikhub/endpoints/api/v1/toutiao/app/get_user_id
tikhub,/api/v1/toutiao/app/get_user_info,/api/v1/toutiao/app/get_user_info,GET,"{""type"":""PER_CALL"",""amount"":{""value"":0.001,""currency"":""USD""}}",,news-search|tikhub|toutiao,,eip155:8453|eip155:143,,False,,https://api.monid.ai/public/v1/providers/tikhub/endpoints/api/v1/toutiao/app/get_user_info
tikhub,/api/v1/toutiao/app/get_video_info,/api/v1/toutiao/app/get_video_info,GET,"{""type"":""PER_CALL"",""amount"":{""value"":0.001,""currency"":""USD""}}",,news-search|tikhub|toutiao,,eip155:8453|eip155:143,,False,,https://api.monid.ai/public/v1/providers/tikhub/endpoints/api/v1/toutiao/app/get_video_info
tikhub,/api/v1/toutiao/web/get_article_info,/api/v1/toutiao/web/get_article_info,GET,"{""type"":""PER_CALL"",""amount"":{""value"":0.001,""currency"":""USD""}}",,news-search|tikhub|toutiao,,eip155:8453|eip155:143,,False,,https://api.monid.ai/public/v1/providers/tikhub/endpoints/api/v1/toutiao/web/get_article_info
tikhub,/api/v1/toutiao/web/get_video_info,/api/v1/toutiao/web/get_video_info,GET,"{""type"":""PER_CALL"",""amount"":{""value"":0.001,""currency"":""USD""}}",,news-search|tikhub|toutiao,,eip155:8453|eip155:143,,False,,https://api.monid.ai/public/v1/providers/tikhub/endpoints/api/v1/toutiao/web/get_video_info
tikhub,/api/v1/wechat_channels/v2/fetch_channel_id_to_username,/api/v1/wechat_channels/v2/fetch_channel_id_to_username,POST,"{""type"":""PER_CALL"",""amount"":{""value"":0.01,""currency"":""USD""}}",,tikhub|wechat,,eip155:8453|eip155:143,,False,,https://api.monid.ai/public/v1/providers/tikhub/endpoints/api/v1/wechat_channels/v2/fetch_channel_id_to_username
tikhub,/api/v1/wechat_channels/v2/fetch_channel_info,/api/v1/wechat_channels/v2/fetch_channel_info,POST,"{""type"":""PER_CALL"",""amount"":{""value"":0.01,""currency"":""USD""}}",,tikhub|wechat,,eip155:8453|eip155:143,,False,,https://api.monid.ai/public/v1/providers/tikhub/endpoints/api/v1/wechat_channels/v2/fetch_channel_info
tikhub,/api/v1/wechat_channels/v2/fetch_collection_videos,/api/v1/wechat_channels/v2/fetch_collection_videos,POST,"{""type"":""PER_CALL"",""amount"":{""value"":0.01,""currency"":""USD""}}",,tikhub|wechat,,eip155:8453|eip155:143,,False,,https://api.monid.ai/public/v1/providers/tikhub/endpoints/api/v1/wechat_channels/v2/fetch_collection_videos
tikhub,/api/v1/wechat_channels/v2/fetch_live_detail,/api/v1/wechat_channels/v2/fetch_live_detail,POST,"{""type"":""PER_CALL"",""amount"":{""value"":0.01,""currency"":""USD""}}",,tikhub|wechat,,eip155:8453|eip155:143,,False,,https://api.monid.ai/public/v1/providers/tikhub/endpoints/api/v1/wechat_channels/v2/fetch_live_detail
tikhub,/api/v1/wechat_channels/v2/fetch_live_history,/api/v1/wechat_channels/v2/fetch_live_history,POST,"{""type"":""PER_CALL"",""amount"":{""value"":0.01,""currency"":""USD""}}",,tikhub|wechat,,eip155:8453|eip155:143,,False,,https://api.monid.ai/public/v1/providers/tikhub/endpoints/api/v1/wechat_channels/v2/fetch_live_history
tikhub,/api/v1/wechat_channels/v2/fetch_search_channel_videos,/api/v1/wechat_channels/v2/fetch_search_channel_videos,POST,"{""type"":""PER_CALL"",""amount"":{""value"":0.01,""currency"":""USD""}}",,tikhub|wechat,,eip155:8453|eip155:143,,False,,https://api.monid.ai/public/v1/providers/tikhub/endpoints/api/v1/wechat_channels/v2/fetch_search_channel_videos
tikhub,/api/v1/wechat_channels/v2/fetch_user_collections,/api/v1/wechat_channels/v2/fetch_user_collections,POST,"{""type"":""PER_CALL"",""amount"":{""value"":0.01,""currency"":""USD""}}",,tikhub|wechat,,eip155:8453|eip155:143,,False,,https://api.monid.ai/public/v1/providers/tikhub/endpoints/api/v1/wechat_channels/v2/fetch_user_collections
tikhub,/api/v1/wechat_channels/v2/fetch_user_profile,/api/v1/wechat_channels/v2/fetch_user_profile,POST,"{""type"":""PER_CALL"",""amount"":{""value"":0.01,""currency"":""USD""}}",,tikhub|wechat,,eip155:8453|eip155:143,,False,,https://api.monid.ai/public/v1/providers/tikhub/endpoints/api/v1/wechat_channels/v2/fetch_user_profile
tikhub,/api/v1/wechat_channels/v2/fetch_user_videos,/api/v1/wechat_channels/v2/fetch_user_videos,POST,"{""type"":""PER_CALL"",""amount"":{""value"":0.01,""currency"":""USD""}}",,tikhub|wechat,,eip155:8453|eip155:143,,False,,https://api.monid.ai/public/v1/providers/tikhub/endpoints/api/v1/wechat_channels/v2/fetch_user_videos
tikhub,/api/v1/wechat_channels/v2/fetch_video_comments,/api/v1/wechat_channels/v2/fetch_video_comments,POST,"{""type"":""PER_CALL"",""amount"":{""value"":0.01,""currency"":""USD""}}",,tikhub|wechat,,eip155:8453|eip155:143,,False,,https://api.monid.ai/public/v1/providers/tikhub/endpoints/api/v1/wechat_channels/v2/fetch_video_comments
tikhub,/api/v1/wechat_channels/v2/fetch_video_detail,/api/v1/wechat_channels/v2/fetch_video_detail,POST,"{""type"":""PER_CALL"",""amount"":{""value"":0.01,""currency"":""USD""}}",,tikhub|wechat,,eip155:8453|eip155:143,,False,,https://api.monid.ai/public/v1/providers/tikhub/endpoints/api/v1/wechat_channels/v2/fetch_video_detail
tikhub,/api/v1/wechat_channels/v2/fetch_video_share_url,/api/v1/wechat_channels/v2/fetch_video_share_url,POST,"{""type"":""PER_CALL"",""amount"":{""value"":0.01,""currency"":""USD""}}",,tikhub|wechat,,eip155:8453|eip155:143,,False,,https://api.monid.ai/public/v1/providers/tikhub/endpoints/api/v1/wechat_channels/v2/fetch_video_share_url
tikhub,/api/v1/wechat_mp/v2/fetch_account_articles,/api/v1/wechat_mp/v2/fetch_account_articles,POST,"{""type"":""PER_CALL"",""amount"":{""value"":0.01,""currency"":""USD""}}",,tikhub|wechat,,eip155:8453|eip155:143,,False,,https://api.monid.ai/public/v1/providers/tikhub/endpoints/api/v1/wechat_mp/v2/fetch_account_articles
tikhub,/api/v1/wechat_mp/v2/fetch_account_profile,/api/v1/wechat_mp/v2/fetch_account_profile,POST,"{""type"":""PER_CALL"",""amount"":{""value"":0.01,""currency"":""USD""}}",,tikhub|wechat,,eip155:8453|eip155:143,,False,,https://api.monid.ai/public/v1/providers/tikhub/endpoints/api/v1/wechat_mp/v2/fetch_account_profile
tikhub,/api/v1/wechat_mp/v2/fetch_account_services,/api/v1/wechat_mp/v2/fetch_account_services,POST,"{""type"":""PER_CALL"",""amount"":{""value"":0.01,""currency"":""USD""}}",,tikhub|wechat,,eip155:8453|eip155:143,,False,,https://api.monid.ai/public/v1/providers/tikhub/endpoints/api/v1/wechat_mp/v2/fetch_account_services
tikhub,/api/v1/wechat_mp/v2/fetch_article_ad,/api/v1/wechat_mp/v2/fetch_article_ad,POST,"{""type"":""PER_CALL"",""amount"":{""value"":0.01,""currency"":""USD""}}",,tikhub|wechat,,eip155:8453|eip155:143,,False,,https://api.monid.ai/public/v1/providers/tikhub/endpoints/api/v1/wechat_mp/v2/fetch_article_ad
tikhub,/api/v1/wechat_mp/v2/fetch_article_comments,/api/v1/wechat_mp/v2/fetch_article_comments,POST,"{""type"":""PER_CALL"",""amount"":{""value"":0.01,""currency"":""USD""}}",,tikhub|wechat,,eip155:8453|eip155:143,,False,,https://api.monid.ai/public/v1/providers/tikhub/endpoints/api/v1/wechat_mp/v2/fetch_article_comments
tikhub,/api/v1/wechat_mp/v2/fetch_article_detail,/api/v1/wechat_mp/v2/fetch_article_detail,POST,"{""type"":""PER_CALL"",""amount"":{""value"":0.01,""currency"":""USD""}}",,tikhub|wechat,,eip155:8453|eip155:143,,False,,https://api.monid.ai/public/v1/providers/tikhub/endpoints/api/v1/wechat_mp/v2/fetch_article_detail
tikhub,/api/v1/wechat_mp/v2/fetch_article_detail_h5,/api/v1/wechat_mp/v2/fetch_article_detail_h5,POST,"{""type"":""PER_CALL"",""amount"":{""value"":0.01,""currency"":""USD""}}",,tikhub|wechat,,eip155:8453|eip155:143,,False,,https://api.monid.ai/public/v1/providers/tikhub/endpoints/api/v1/wechat_mp/v2/fetch_article_detail_h5
tikhub,/api/v1/wechat_mp/v2/fetch_article_stats,/api/v1/wechat_mp/v2/fetch_article_stats,POST,"{""type"":""PER_CALL"",""amount"":{""value"":0.01,""currency"":""USD""}}",,tikhub|wechat,,eip155:8453|eip155:143,,False,,https://api.monid.ai/public/v1/providers/tikhub/endpoints/api/v1/wechat_mp/v2/fetch_article_stats
tikhub,/api/v1/wechat_mp/v2/fetch_article_stats_h5,/api/v1/wechat_mp/v2/fetch_article_stats_h5,POST,"{""type"":""PER_CALL"",""amount"":{""value"":0.01,""currency"":""USD""}}",,tikhub|wechat,,eip155:8453|eip155:143,,False,,https://api.monid.ai/public/v1/providers/tikhub/endpoints/api/v1/wechat_mp/v2/fetch_article_stats_h5
tikhub,/api/v1/wechat_mp/v2/fetch_comment_replies,/api/v1/wechat_mp/v2/fetch_comment_replies,POST,"{""type"":""PER_CALL"",""amount"":{""value"":0.01,""currency"":""USD""}}",,tikhub|wechat,,eip155:8453|eip155:143,,False,,https://api.monid.ai/public/v1/providers/tikhub/endpoints/api/v1/wechat_mp/v2/fetch_comment_replies
tikhub,/api/v1/wechat_mp/v2/fetch_related_articles,/api/v1/wechat_mp/v2/fetch_related_articles,POST,"{""type"":""PER_CALL"",""amount"":{""value"":0.01,""currency"":""USD""}}",,tikhub|wechat,,eip155:8453|eip155:143,,False,,https://api.monid.ai/public/v1/providers/tikhub/endpoints/api/v1/wechat_mp/v2/fetch_related_articles
tikhub,/api/v1/wechat_search/v2/fetch_search,/api/v1/wechat_search/v2/fetch_search,POST,"{""type"":""PER_CALL"",""amount"":{""value"":0.01,""currency"":""USD""}}",,tikhub|wechat,,eip155:8453|eip155:143,,False,,https://api.monid.ai/public/v1/providers/tikhub/endpoints/api/v1/wechat_search/v2/fetch_search
tikhub,/api/v1/wechat_search/v2/fetch_search_videos,/api/v1/wechat_search/v2/fetch_search_videos,POST,"{""type"":""PER_CALL"",""amount"":{""value"":0.01,""currency"":""USD""}}",,tikhub|wechat,,eip155:8453|eip155:143,,False,,https://api.monid.ai/public/v1/providers/tikhub/endpoints/api/v1/wechat_search/v2/fetch_search_videos
tikhub,/api/v1/weibo/app/fetch_ai_smart_search,/api/v1/weibo/app/fetch_ai_smart_search,GET,"{""type"":""PER_CALL"",""amount"":{""value"":0.001,""currency"":""USD""}}",,tikhub|weibo,,eip155:8453|eip155:143,,False,,https://api.monid.ai/public/v1/providers/tikhub/endpoints/api/v1/weibo/app/fetch_ai_smart_search
tikhub,/api/v1/weibo/app/fetch_home_recommend_feed,/api/v1/weibo/app/fetch_home_recommend_feed,GET,"{""type"":""PER_CALL"",""amount"":{""value"":0.001,""currency"":""USD""}}",,tikhub|weibo,,eip155:8453|eip155:143,,False,,https://api.monid.ai/public/v1/providers/tikhub/endpoints/api/v1/weibo/app/fetch_home_recommend_feed
tikhub,/api/v1/weibo/app/fetch_hot_search,/api/v1/weibo/app/fetch_hot_search,GET,"{""type"":""PER_CALL"",""amount"":{""value"":0.001,""currency"":""USD""}}",,tikhub|weibo,,eip155:8453|eip155:143,,False,,https://api.monid.ai/public/v1/providers/tikhub/endpoints/api/v1/weibo/app/fetch_hot_search
tikhub,/api/v1/weibo/app/fetch_hot_search_brief,/api/v1/weibo/app/fetch_hot_search_brief,GET,"{""type"":""PER_CALL"",""amount"":{""value"":0.001,""currency"":""USD""}}",,tikhub|weibo,,eip155:8453|eip155:143,,False,,https://api.monid.ai/public/v1/providers/tikhub/endpoints/api/v1/weibo/app/fetch_hot_search_brief
tikhub,/api/v1/weibo/app/fetch_hot_search_categories,/api/v1/weibo/app/fetch_hot_search_categories,GET,"{""type"":""PER_CALL"",""amount"":{""value"":0.001,""currency"":""USD""}}",,tikhub|weibo,,eip155:8453|eip155:143,,False,,https://api.monid.ai/public/v1/providers/tikhub/endpoints/api/v1/weibo/app/fetch_hot_search_categories
tikhub,/api/v1/weibo/app/fetch_search_all,/api/v1/weibo/app/fetch_search_all,GET,"{""type"":""PER_CALL"",""amount"":{""value"":0.001,""currency"":""USD""}}",,tikhub|weibo,,eip155:8453|eip155:143,,False,,https://api.monid.ai/public/v1/providers/tikhub/endpoints/api/v1/weibo/app/fetch_search_all
tikhub,/api/v1/weibo/app/fetch_status_comments,/api/v1/weibo/app/fetch_status_comments,GET,"{""type"":""PER_CALL"",""amount"":{""value"":0.001,""currency"":""USD""}}",,tikhub|weibo,,eip155:8453|eip155:143,,False,,https://api.monid.ai/public/v1/providers/tikhub/endpoints/api/v1/weibo/app/fetch_status_comments
tikhub,/api/v1/weibo/app/fetch_status_detail,/api/v1/weibo/app/fetch_status_detail,GET,"{""type"":""PER_CALL"",""amount"":{""value"":0.001,""currency"":""USD""}}",,tikhub|weibo,,eip155:8453|eip155:143,,False,,https://api.monid.ai/public/v1/providers/tikhub/endpoints/api/v1/weibo/app/fetch_status_detail
tikhub,/api/v1/weibo/app/fetch_status_likes,/api/v1/weibo/app/fetch_status_likes,GET,"{""type"":""PER_CALL"",""amount"":{""value"":0.001,""currency"":""USD""}}",,tikhub|weibo,,eip155:8453|eip155:143,,False,,https://api.monid.ai/public/v1/providers/tikhub/endpoints/api/v1/weibo/app/fetch_status_likes
tikhub,/api/v1/weibo/app/fetch_status_reposts,/api/v1/weibo/app/fetch_status_reposts,GET,"{""type"":""PER_CALL"",""amount"":{""value"":0.001,""currency"":""USD""}}",,tikhub|weibo,,eip155:8453|eip155:143,,False,,https://api.monid.ai/public/v1/providers/tikhub/endpoints/api/v1/weibo/app/fetch_status_reposts
tikhub,/api/v1/weibo/app/fetch_user_album,/api/v1/weibo/app/fetch_user_album,GET,"{""type"":""PER_CALL"",""amount"":{""value"":0.001,""currency"":""USD""}}",,tikhub|weibo,,eip155:8453|eip155:143,,False,,https://api.monid.ai/public/v1/providers/tikhub/endpoints/api/v1/weibo/app/fetch_user_album
tikhub,/api/v1/weibo/app/fetch_user_articles,/api/v1/weibo/app/fetch_user_articles,GET,"{""type"":""PER_CALL"",""amount"":{""value"":0.001,""currency"":""USD""}}",,tikhub|weibo,,eip155:8453|eip155:143,,False,,https://api.monid.ai/public/v1/providers/tikhub/endpoints/api/v1/weibo/app/fetch_user_articles
tikhub,/api/v1/weibo/app/fetch_user_audios,/api/v1/weibo/app/fetch_user_audios,GET,"{""type"":""PER_CALL"",""amount"":{""value"":0.001,""currency"":""USD""}}",,tikhub|weibo,,eip155:8453|eip155:143,,False,,https://api.monid.ai/public/v1/providers/tikhub/endpoints/api/v1/weibo/app/fetch_user_audios
tikhub,/api/v1/weibo/app/fetch_user_followers,/api/v1/weibo/app/fetch_user_followers,GET,"{""type"":""PER_CALL"",""amount"":{""value"":0.001,""currency"":""USD""}}",,tikhub|weibo,,eip155:8453|eip155:143,,False,,https://api.monid.ai/public/v1/providers/tikhub/endpoints/api/v1/weibo/app/fetch_user_followers
tikhub,/api/v1/weibo/app/fetch_user_following,/api/v1/weibo/app/fetch_user_following,GET,"{""type"":""PER_CALL"",""amount"":{""value"":0.001,""currency"":""USD""}}",,tikhub|weibo,,eip155:8453|eip155:143,,False,,https://api.monid.ai/public/v1/providers/tikhub/endpoints/api/v1/weibo/app/fetch_user_following
tikhub,/api/v1/weibo/app/fetch_user_info,/api/v1/weibo/app/fetch_user_info,GET,"{""type"":""PER_CALL"",""amount"":{""value"":0.001,""currency"":""USD""}}",,tikhub|weibo,,eip155:8453|eip155:143,,False,,https://api.monid.ai/public/v1/providers/tikhub/endpoints/api/v1/weibo/app/fetch_user_info
tikhub,/api/v1/weibo/app/fetch_user_info_detail,/api/v1/weibo/app/fetch_user_info_detail,GET,"{""type"":""PER_CALL"",""amount"":{""value"":0.001,""currency"":""USD""}}",,tikhub|weibo,,eip155:8453|eip155:143,,False,,https://api.monid.ai/public/v1/providers/tikhub/endpoints/api/v1/weibo/app/fetch_user_info_detail
tikhub,/api/v1/weibo/app/fetch_user_profile_feed,/api/v1/weibo/app/fetch_user_profile_feed,GET,"{""type"":""PER_CALL"",""amount"":{""value"":0.001,""currency"":""USD""}}",,tikhub|weibo,,eip155:8453|eip155:143,,False,,https://api.monid.ai/public/v1/providers/tikhub/endpoints/api/v1/weibo/app/fetch_user_profile_feed
tikhub,/api/v1/weibo/app/fetch_user_super_topics,/api/v1/weibo/app/fetch_user_super_topics,GET,"{""type"":""PER_CALL"",""amount"":{""value"":0.001,""currency"":""USD""}}",,tikhub|weibo,,eip155:8453|eip155:143,,False,,https://api.monid.ai/public/v1/providers/tikhub/endpoints/api/v1/weibo/app/fetch_user_super_topics
tikhub,/api/v1/weibo/app/fetch_user_timeline,/api/v1/weibo/app/fetch_user_timeline,GET,"{""type"":""PER_CALL"",""amount"":{""value"":0.001,""currency"":""USD""}}",,tikhub|weibo,,eip155:8453|eip155:143,,False,,https://api.monid.ai/public/v1/providers/tikhub/endpoints/api/v1/weibo/app/fetch_user_timeline
tikhub,/api/v1/weibo/app/fetch_user_videos,/api/v1/weibo/app/fetch_user_videos,GET,"{""type"":""PER_CALL"",""amount"":{""value"":0.001,""currency"":""USD""}}",,tikhub|weibo,,eip155:8453|eip155:143,,False,,https://api.monid.ai/public/v1/providers/tikhub/endpoints/api/v1/weibo/app/fetch_user_videos
tikhub,/api/v1/weibo/app/fetch_video_detail,/api/v1/weibo/app/fetch_video_detail,GET,"{""type"":""PER_CALL"",""amount"":{""value"":0.001,""currency"":""USD""}}",,tikhub|weibo,,eip155:8453|eip155:143,,False,,https://api.monid.ai/public/v1/providers/tikhub/endpoints/api/v1/weibo/app/fetch_video_detail
tikhub,/api/v1/weibo/app/fetch_video_featured_feed,/api/v1/weibo/app/fetch_video_featured_feed,GET,"{""type"":""PER_CALL"",""amount"":{""value"":0.001,""currency"":""USD""}}",,tikhub|weibo,,eip155:8453|eip155:143,,False,,https://api.monid.ai/public/v1/providers/tikhub/endpoints/api/v1/weibo/app/fetch_video_featured_feed
tikhub,/api/v1/weibo/web_v2/check_allow_comment_with_pic,/api/v1/weibo/web_v2/check_allow_comment_with_pic,GET,"{""type"":""PER_CALL"",""amount"":{""value"":0.001,""currency"":""USD""}}",,tikhub|weibo,,eip155:8453|eip155:143,,False,,https://api.monid.ai/public/v1/providers/tikhub/endpoints/api/v1/weibo/web_v2/check_allow_comment_with_pic
tikhub,/api/v1/weibo/web_v2/fetch_advanced_search,/api/v1/weibo/web_v2/fetch_advanced_search,GET,"{""type"":""PER_CALL"",""amount"":{""value"":0.001,""currency"":""USD""}}",,tikhub|weibo,,eip155:8453|eip155:143,,False,,https://api.monid.ai/public/v1/providers/tikhub/endpoints/api/v1/weibo/web_v2/fetch_advanced_search
tikhub,/api/v1/weibo/web_v2/fetch_ai_related_search,/api/v1/weibo/web_v2/fetch_ai_related_search,GET,"{""type"":""PER_CALL"",""amount"":{""value"":0.001,""currency"":""USD""}}",,tikhub|weibo,,eip155:8453|eip155:143,,False,,https://api.monid.ai/public/v1/providers/tikhub/endpoints/api/v1/weibo/web_v2/fetch_ai_related_search
tikhub,/api/v1/weibo/web_v2/fetch_ai_search,/api/v1/weibo/web_v2/fetch_ai_search,GET,"{""type"":""PER_CALL"",""amount"":{""value"":0.001,""currency"":""USD""}}",,tikhub|weibo,,eip155:8453|eip155:143,,False,,https://api.monid.ai/public/v1/providers/tikhub/endpoints/api/v1/weibo/web_v2/fetch_ai_search
tikhub,/api/v1/weibo/web_v2/fetch_all_groups,/api/v1/weibo/web_v2/fetch_all_groups,GET,"{""type"":""PER_CALL"",""amount"":{""value"":0.001,""currency"":""USD""}}",,tikhub|weibo,,eip155:8453|eip155:143,,False,,https://api.monid.ai/public/v1/providers/tikhub/endpoints/api/v1/weibo/web_v2/fetch_all_groups
tikhub,/api/v1/weibo/web_v2/fetch_city_list,/api/v1/weibo/web_v2/fetch_city_list,GET,"{""type"":""PER_CALL"",""amount"":{""value"":0.001,""currency"":""USD""}}",,tikhub|weibo,,eip155:8453|eip155:143,,False,,https://api.monid.ai/public/v1/providers/tikhub/endpoints/api/v1/weibo/web_v2/fetch_city_list
tikhub,/api/v1/weibo/web_v2/fetch_entertainment_ranking,/api/v1/weibo/web_v2/fetch_entertainment_ranking,GET,"{""type"":""PER_CALL"",""amount"":{""value"":0.001,""currency"":""USD""}}",,tikhub|weibo,,eip155:8453|eip155:143,,False,,https://api.monid.ai/public/v1/providers/tikhub/endpoints/api/v1/weibo/web_v2/fetch_entertainment_ranking
tikhub,/api/v1/weibo/web_v2/fetch_hot_ranking_timeline,/api/v1/weibo/web_v2/fetch_hot_ranking_timeline,GET,"{""type"":""PER_CALL"",""amount"":{""value"":0.001,""currency"":""USD""}}",,tikhub|weibo,,eip155:8453|eip155:143,,False,,https://api.monid.ai/public/v1/providers/tikhub/endpoints/api/v1/weibo/web_v2/fetch_hot_ranking_timeline
tikhub,/api/v1/weibo/web_v2/fetch_hot_search,/api/v1/weibo/web_v2/fetch_hot_search,GET,"{""type"":""PER_CALL"",""amount"":{""value"":0.001,""currency"":""USD""}}",,tikhub|weibo,,eip155:8453|eip155:143,,False,,https://api.monid.ai/public/v1/providers/tikhub/endpoints/api/v1/weibo/web_v2/fetch_hot_search
tikhub,/api/v1/weibo/web_v2/fetch_hot_search_index,/api/v1/weibo/web_v2/fetch_hot_search_index,GET,"{""type"":""PER_CALL"",""amount"":{""value"":0.001,""currency"":""USD""}}",,tikhub|weibo,,eip155:8453|eip155:143,,False,,https://api.monid.ai/public/v1/providers/tikhub/endpoints/api/v1/weibo/web_v2/fetch_hot_search_index
tikhub,/api/v1/weibo/web_v2/fetch_hot_search_summary,/api/v1/weibo/web_v2/fetch_hot_search_summary,GET,"{""type"":""PER_CALL"",""amount"":{""value"":0.0015,""currency"":""USD""}}",,tikhub|weibo,,eip155:8453|eip155:143,,False,,https://api.monid.ai/public/v1/providers/tikhub/endpoints/api/v1/weibo/web_v2/fetch_hot_search_summary
tikhub,/api/v1/weibo/web_v2/fetch_life_ranking,/api/v1/weibo/web_v2/fetch_life_ranking,GET,"{""type"":""PER_CALL"",""amount"":{""value"":0.001,""currency"":""USD""}}",,tikhub|weibo,,eip155:8453|eip155:143,,False,,https://api.monid.ai/public/v1/providers/tikhub/endpoints/api/v1/weibo/web_v2/fetch_life_ranking
tikhub,/api/v1/weibo/web_v2/fetch_pic_search,/api/v1/weibo/web_v2/fetch_pic_search,GET,"{""type"":""PER_CALL"",""amount"":{""value"":0.001,""currency"":""USD""}}",,tikhub|weibo,,eip155:8453|eip155:143,,False,,https://api.monid.ai/public/v1/providers/tikhub/endpoints/api/v1/weibo/web_v2/fetch_pic_search
tikhub,/api/v1/weibo/web_v2/fetch_post_comments,/api/v1/weibo/web_v2/fetch_post_comments,GET,"{""type"":""PER_CALL"",""amount"":{""value"":0.001,""currency"":""USD""}}",,tikhub|weibo,,eip155:8453|eip155:143,,False,,https://api.monid.ai/public/v1/providers/tikhub/endpoints/api/v1/weibo/web_v2/fetch_post_comments
tikhub,/api/v1/weibo/web_v2/fetch_post_detail,/api/v1/weibo/web_v2/fetch_post_detail,GET,"{""type"":""PER_CALL"",""amount"":{""value"":0.001,""currency"":""USD""}}",,tikhub|weibo,,eip155:8453|eip155:143,,False,,https://api.monid.ai/public/v1/providers/tikhub/endpoints/api/v1/weibo/web_v2/fetch_post_detail
tikhub,/api/v1/weibo/web_v2/fetch_post_sub_comments,/api/v1/weibo/web_v2/fetch_post_sub_comments,GET,"{""type"":""PER_CALL"",""amount"":{""value"":0.001,""currency"":""USD""}}",,tikhub|weibo,,eip155:8453|eip155:143,,False,,https://api.monid.ai/public/v1/providers/tikhub/endpoints/api/v1/weibo/web_v2/fetch_post_sub_comments
tikhub,/api/v1/weibo/web_v2/fetch_realtime_search,/api/v1/weibo/web_v2/fetch_realtime_search,GET,"{""type"":""PER_CALL"",""amount"":{""value"":0.001,""currency"":""USD""}}",,tikhub|weibo,,eip155:8453|eip155:143,,False,,https://api.monid.ai/public/v1/providers/tikhub/endpoints/api/v1/weibo/web_v2/fetch_realtime_search
tikhub,/api/v1/weibo/web_v2/fetch_similar_search,/api/v1/weibo/web_v2/fetch_similar_search,GET,"{""type"":""PER_CALL"",""amount"":{""value"":0.001,""currency"":""USD""}}",,tikhub|weibo,,eip155:8453|eip155:143,,False,,https://api.monid.ai/public/v1/providers/tikhub/endpoints/api/v1/weibo/web_v2/fetch_similar_search
tikhub,/api/v1/weibo/web_v2/fetch_social_ranking,/api/v1/weibo/web_v2/fetch_social_ranking,GET,"{""type"":""PER_CALL"",""amount"":{""value"":0.001,""currency"":""USD""}}",,tikhub|weibo,,eip155:8453|eip155:143,,False,,https://api.monid.ai/public/v1/providers/tikhub/endpoints/api/v1/weibo/web_v2/fetch_social_ranking
tikhub,/api/v1/weibo/web_v2/fetch_topic_search,/api/v1/weibo/web_v2/fetch_topic_search,GET,"{""type"":""PER_CALL"",""amount"":{""value"":0.001,""currency"":""USD""}}",,tikhub|weibo,,eip155:8453|eip155:143,,False,,https://api.monid.ai/public/v1/providers/tikhub/endpoints/api/v1/weibo/web_v2/fetch_topic_search
tikhub,/api/v1/weibo/web_v2/fetch_user_basic_info,/api/v1/weibo/web_v2/fetch_user_basic_info,GET,"{""type"":""PER_CALL"",""amount"":{""value"":0.001,""currency"":""USD""}}",,tikhub|weibo,,eip155:8453|eip155:143,,False,,https://api.monid.ai/public/v1/providers/tikhub/endpoints/api/v1/weibo/web_v2/fetch_user_basic_info
tikhub,/api/v1/weibo/web_v2/fetch_user_fans,/api/v1/weibo/web_v2/fetch_user_fans,GET,"{""type"":""PER_CALL"",""amount"":{""value"":0.001,""currency"":""USD""}}",,tikhub|weibo,,eip155:8453|eip155:143,,False,,https://api.monid.ai/public/v1/providers/tikhub/endpoints/api/v1/weibo/web_v2/fetch_user_fans
tikhub,/api/v1/weibo/web_v2/fetch_user_following,/api/v1/weibo/web_v2/fetch_user_following,GET,"{""type"":""PER_CALL"",""amount"":{""value"":0.001,""currency"":""USD""}}",,tikhub|weibo,,eip155:8453|eip155:143,,False,,https://api.monid.ai/public/v1/providers/tikhub/endpoints/api/v1/weibo/web_v2/fetch_user_following
tikhub,/api/v1/weibo/web_v2/fetch_user_info,/api/v1/weibo/web_v2/fetch_user_info,GET,"{""type"":""PER_CALL"",""amount"":{""value"":0.001,""currency"":""USD""}}",,tikhub|weibo,,eip155:8453|eip155:143,,False,,https://api.monid.ai/public/v1/providers/tikhub/endpoints/api/v1/weibo/web_v2/fetch_user_info
tikhub,/api/v1/weibo/web_v2/fetch_user_original_posts,/api/v1/weibo/web_v2/fetch_user_original_posts,GET,"{""type"":""PER_CALL"",""amount"":{""value"":0.001,""currency"":""USD""}}",,tikhub|weibo,,eip155:8453|eip155:143,,False,,https://api.monid.ai/public/v1/providers/tikhub/endpoints/api/v1/weibo/web_v2/fetch_user_original_posts
tikhub,/api/v1/weibo/web_v2/fetch_user_posts,/api/v1/weibo/web_v2/fetch_user_posts,GET,"{""type"":""PER_CALL"",""amount"":{""value"":0.001,""currency"":""USD""}}",,tikhub|weibo,,eip155:8453|eip155:143,,False,,https://api.monid.ai/public/v1/providers/tikhub/endpoints/api/v1/weibo/web_v2/fetch_user_posts
tikhub,/api/v1/weibo/web_v2/fetch_user_recommend_timeline,/api/v1/weibo/web_v2/fetch_user_recommend_timeline,GET,"{""type"":""PER_CALL"",""amount"":{""value"":0.001,""currency"":""USD""}}",,tikhub|weibo,,eip155:8453|eip155:143,,False,,https://api.monid.ai/public/v1/providers/tikhub/endpoints/api/v1/weibo/web_v2/fetch_user_recommend_timeline
tikhub,/api/v1/weibo/web_v2/fetch_user_search,/api/v1/weibo/web_v2/fetch_user_search,GET,"{""type"":""PER_CALL"",""amount"":{""value"":0.001,""currency"":""USD""}}",,tikhub|weibo,,eip155:8453|eip155:143,,False,,https://api.monid.ai/public/v1/providers/tikhub/endpoints/api/v1/weibo/web_v2/fetch_user_search
tikhub,/api/v1/weibo/web_v2/fetch_user_video_collection_detail,/api/v1/weibo/web_v2/fetch_user_video_collection_detail,GET,"{""type"":""PER_CALL"",""amount"":{""value"":0.001,""currency"":""USD""}}",,tikhub|weibo,,eip155:8453|eip155:143,,False,,https://api.monid.ai/public/v1/providers/tikhub/endpoints/api/v1/weibo/web_v2/fetch_user_video_collection_detail
tikhub,/api/v1/weibo/web_v2/fetch_user_video_collection_list,/api/v1/weibo/web_v2/fetch_user_video_collection_list,GET,"{""type"":""PER_CALL"",""amount"":{""value"":0.001,""currency"":""USD""}}",,tikhub|weibo,,eip155:8453|eip155:143,,False,,https://api.monid.ai/public/v1/providers/tikhub/endpoints/api/v1/weibo/web_v2/fetch_user_video_collection_list
tikhub,/api/v1/weibo/web_v2/fetch_user_video_list,/api/v1/weibo/web_v2/fetch_user_video_list,GET,"{""type"":""PER_CALL"",""amount"":{""value"":0.001,""currency"":""USD""}}",,tikhub|weibo,,eip155:8453|eip155:143,,False,,https://api.monid.ai/public/v1/providers/tikhub/endpoints/api/v1/weibo/web_v2/fetch_user_video_list
tikhub,/api/v1/weibo/web_v2/fetch_video_search,/api/v1/weibo/web_v2/fetch_video_search,GET,"{""type"":""PER_CALL"",""amount"":{""value"":0.001,""currency"":""USD""}}",,tikhub|weibo,,eip155:8453|eip155:143,,False,,https://api.monid.ai/public/v1/providers/tikhub/endpoints/api/v1/weibo/web_v2/fetch_video_search
tikhub,/api/v1/weibo/web_v2/search_user_posts,/api/v1/weibo/web_v2/search_user_posts,GET,"{""type"":""PER_CALL"",""amount"":{""value"":0.001,""currency"":""USD""}}",,tikhub|weibo,,eip155:8453|eip155:143,,False,,https://api.monid.ai/public/v1/providers/tikhub/endpoints/api/v1/weibo/web_v2/search_user_posts
tikhub,/api/v1/xiaohongshu/app_v2/get_creator_hot_inspiration_feed,/api/v1/xiaohongshu/app_v2/get_creator_hot_inspiration_feed,GET,"{""type"":""PER_CALL"",""amount"":{""value"":0.01,""currency"":""USD""}}",,tikhub|xiaohongshu,,eip155:8453|eip155:143,,False,,https://api.monid.ai/public/v1/providers/tikhub/endpoints/api/v1/xiaohongshu/app_v2/get_creator_hot_inspiration_feed
tikhub,/api/v1/xiaohongshu/app_v2/get_creator_inspiration_feed,/api/v1/xiaohongshu/app_v2/get_creator_inspiration_feed,GET,"{""type"":""PER_CALL"",""amount"":{""value"":0.01,""currency"":""USD""}}",,tikhub|xiaohongshu,,eip155:8453|eip155:143,,False,,https://api.monid.ai/public/v1/providers/tikhub/endpoints/api/v1/xiaohongshu/app_v2/get_creator_inspiration_feed
tikhub,/api/v1/xiaohongshu/app_v2/get_image_note_detail,/api/v1/xiaohongshu/app_v2/get_image_note_detail,GET,"{""type"":""PER_CALL"",""amount"":{""value"":0.01,""currency"":""USD""}}",,tikhub|xiaohongshu,,eip155:8453|eip155:143,,False,,https://api.monid.ai/public/v1/providers/tikhub/endpoints/api/v1/xiaohongshu/app_v2/get_image_note_detail
tikhub,/api/v1/xiaohongshu/app_v2/get_note_comments,/api/v1/xiaohongshu/app_v2/get_note_comments,GET,"{""type"":""PER_CALL"",""amount"":{""value"":0.01,""currency"":""USD""}}",,tikhub|xiaohongshu,,eip155:8453|eip155:143,,False,,https://api.monid.ai/public/v1/providers/tikhub/endpoints/api/v1/xiaohongshu/app_v2/get_note_comments
tikhub,/api/v1/xiaohongshu/app_v2/get_note_sub_comments,/api/v1/xiaohongshu/app_v2/get_note_sub_comments,GET,"{""type"":""PER_CALL"",""amount"":{""value"":0.01,""currency"":""USD""}}",,tikhub|xiaohongshu,,eip155:8453|eip155:143,,False,,https://api.monid.ai/public/v1/providers/tikhub/endpoints/api/v1/xiaohongshu/app_v2/get_note_sub_comments
tikhub,/api/v1/xiaohongshu/app_v2/get_product_detail,/api/v1/xiaohongshu/app_v2/get_product_detail,GET,"{""type"":""PER_CALL"",""amount"":{""value"":0.01,""currency"":""USD""}}",,tikhub|xiaohongshu,,eip155:8453|eip155:143,,False,,https://api.monid.ai/public/v1/providers/tikhub/endpoints/api/v1/xiaohongshu/app_v2/get_product_detail
tikhub,/api/v1/xiaohongshu/app_v2/get_product_recommendations,/api/v1/xiaohongshu/app_v2/get_product_recommendations,GET,"{""type"":""PER_CALL"",""amount"":{""value"":0.01,""currency"":""USD""}}",,tikhub|xiaohongshu,,eip155:8453|eip155:143,,False,,https://api.monid.ai/public/v1/providers/tikhub/endpoints/api/v1/xiaohongshu/app_v2/get_product_recommendations
tikhub,/api/v1/xiaohongshu/app_v2/get_product_review_overview,/api/v1/xiaohongshu/app_v2/get_product_review_overview,GET,"{""type"":""PER_CALL"",""amount"":{""value"":0.01,""currency"":""USD""}}",,tikhub|xiaohongshu,,eip155:8453|eip155:143,,False,,https://api.monid.ai/public/v1/providers/tikhub/endpoints/api/v1/xiaohongshu/app_v2/get_product_review_overview
tikhub,/api/v1/xiaohongshu/app_v2/get_product_reviews,/api/v1/xiaohongshu/app_v2/get_product_reviews,GET,"{""type"":""PER_CALL"",""amount"":{""value"":0.01,""currency"":""USD""}}",,tikhub|xiaohongshu,,eip155:8453|eip155:143,,False,,https://api.monid.ai/public/v1/providers/tikhub/endpoints/api/v1/xiaohongshu/app_v2/get_product_reviews
tikhub,/api/v1/xiaohongshu/app_v2/get_topic_feed,/api/v1/xiaohongshu/app_v2/get_topic_feed,GET,"{""type"":""PER_CALL"",""amount"":{""value"":0.01,""currency"":""USD""}}",,tikhub|xiaohongshu,,eip155:8453|eip155:143,,False,,https://api.monid.ai/public/v1/providers/tikhub/endpoints/api/v1/xiaohongshu/app_v2/get_topic_feed
tikhub,/api/v1/xiaohongshu/app_v2/get_topic_info,/api/v1/xiaohongshu/app_v2/get_topic_info,GET,"{""type"":""PER_CALL"",""amount"":{""value"":0.01,""currency"":""USD""}}",,tikhub|xiaohongshu,,eip155:8453|eip155:143,,False,,https://api.monid.ai/public/v1/providers/tikhub/endpoints/api/v1/xiaohongshu/app_v2/get_topic_info
tikhub,/api/v1/xiaohongshu/app_v2/get_user_faved_notes,/api/v1/xiaohongshu/app_v2/get_user_faved_notes,GET,"{""type"":""PER_CALL"",""amount"":{""value"":0.01,""currency"":""USD""}}",,tikhub|xiaohongshu,,eip155:8453|eip155:143,,False,,https://api.monid.ai/public/v1/providers/tikhub/endpoints/api/v1/xiaohongshu/app_v2/get_user_faved_notes
tikhub,/api/v1/xiaohongshu/app_v2/get_user_info,/api/v1/xiaohongshu/app_v2/get_user_info,GET,"{""type"":""PER_CALL"",""amount"":{""value"":0.01,""currency"":""USD""}}",,tikhub|xiaohongshu,,eip155:8453|eip155:143,,False,,https://api.monid.ai/public/v1/providers/tikhub/endpoints/api/v1/xiaohongshu/app_v2/get_user_info
tikhub,/api/v1/xiaohongshu/app_v2/get_user_posted_notes,/api/v1/xiaohongshu/app_v2/get_user_posted_notes,GET,"{""type"":""PER_CALL"",""amount"":{""value"":0.01,""currency"":""USD""}}",,tikhub|xiaohongshu,,eip155:8453|eip155:143,,False,,https://api.monid.ai/public/v1/providers/tikhub/endpoints/api/v1/xiaohongshu/app_v2/get_user_posted_notes
tikhub,/api/v1/xiaohongshu/app_v2/get_video_note_detail,/api/v1/xiaohongshu/app_v2/get_video_note_detail,GET,"{""type"":""PER_CALL"",""amount"":{""value"":0.01,""currency"":""USD""}}",,tikhub|xiaohongshu,,eip155:8453|eip155:143,,False,,https://api.monid.ai/public/v1/providers/tikhub/endpoints/api/v1/xiaohongshu/app_v2/get_video_note_detail
tikhub,/api/v1/xiaohongshu/app_v2/search_groups,/api/v1/xiaohongshu/app_v2/search_groups,GET,"{""type"":""PER_CALL"",""amount"":{""value"":0.01,""currency"":""USD""}}",,tikhub|xiaohongshu,,eip155:8453|eip155:143,,False,,https://api.monid.ai/public/v1/providers/tikhub/endpoints/api/v1/xiaohongshu/app_v2/search_groups
tikhub,/api/v1/xiaohongshu/app_v2/search_images,/api/v1/xiaohongshu/app_v2/search_images,GET,"{""type"":""PER_CALL"",""amount"":{""value"":0.01,""currency"":""USD""}}",,tikhub|xiaohongshu,,eip155:8453|eip155:143,,False,,https://api.monid.ai/public/v1/providers/tikhub/endpoints/api/v1/xiaohongshu/app_v2/search_images
tikhub,/api/v1/xiaohongshu/app_v2/search_notes,/api/v1/xiaohongshu/app_v2/search_notes,GET,"{""type"":""PER_CALL"",""amount"":{""value"":0.01,""currency"":""USD""}}",,tikhub|xiaohongshu,,eip155:8453|eip155:143,,False,,https://api.monid.ai/public/v1/providers/tikhub/endpoints/api/v1/xiaohongshu/app_v2/search_notes
tikhub,/api/v1/xiaohongshu/app_v2/search_products,/api/v1/xiaohongshu/app_v2/search_products,GET,"{""type"":""PER_CALL"",""amount"":{""value"":0.01,""currency"":""USD""}}",,tikhub|xiaohongshu,,eip155:8453|eip155:143,,False,,https://api.monid.ai/public/v1/providers/tikhub/endpoints/api/v1/xiaohongshu/app_v2/search_products
tikhub,/api/v1/xiaohongshu/app_v2/search_users,/api/v1/xiaohongshu/app_v2/search_users,GET,"{""type"":""PER_CALL"",""amount"":{""value"":0.01,""currency"":""USD""}}",,tikhub|xiaohongshu,,eip155:8453|eip155:143,,False,,https://api.monid.ai/public/v1/providers/tikhub/endpoints/api/v1/xiaohongshu/app_v2/search_users
tikhub,/api/v1/xiaohongshu/pgy/get_blogger_core_data,/api/v1/xiaohongshu/pgy/get_blogger_core_data,POST,"{""type"":""PER_CALL"",""amount"":{""value"":0.02,""currency"":""USD""}}",,tikhub|xiaohongshu,,eip155:8453|eip155:143,,False,,https://api.monid.ai/public/v1/providers/tikhub/endpoints/api/v1/xiaohongshu/pgy/get_blogger_core_data
tikhub,/api/v1/xiaohongshu/pgy/get_blogger_data_summary,/api/v1/xiaohongshu/pgy/get_blogger_data_summary,POST,"{""type"":""PER_CALL"",""amount"":{""value"":0.02,""currency"":""USD""}}",,tikhub|xiaohongshu,,eip155:8453|eip155:143,,False,,https://api.monid.ai/public/v1/providers/tikhub/endpoints/api/v1/xiaohongshu/pgy/get_blogger_data_summary
tikhub,/api/v1/xiaohongshu/pgy/get_blogger_detail,/api/v1/xiaohongshu/pgy/get_blogger_detail,POST,"{""type"":""PER_CALL"",""amount"":{""value"":0.02,""currency"":""USD""}}",,tikhub|xiaohongshu,,eip155:8453|eip155:143,,False,,https://api.monid.ai/public/v1/providers/tikhub/endpoints/api/v1/xiaohongshu/pgy/get_blogger_detail
tikhub,/api/v1/xiaohongshu/pgy/get_blogger_fans_history,/api/v1/xiaohongshu/pgy/get_blogger_fans_history,POST,"{""type"":""PER_CALL"",""amount"":{""value"":0.02,""currency"":""USD""}}",,tikhub|xiaohongshu,,eip155:8453|eip155:143,,False,,https://api.monid.ai/public/v1/providers/tikhub/endpoints/api/v1/xiaohongshu/pgy/get_blogger_fans_history
tikhub,/api/v1/xiaohongshu/pgy/get_blogger_fans_profile,/api/v1/xiaohongshu/pgy/get_blogger_fans_profile,POST,"{""type"":""PER_CALL"",""amount"":{""value"":0.02,""currency"":""USD""}}",,tikhub|xiaohongshu,,eip155:8453|eip155:143,,False,,https://api.monid.ai/public/v1/providers/tikhub/endpoints/api/v1/xiaohongshu/pgy/get_blogger_fans_profile
tikhub,/api/v1/xiaohongshu/pgy/get_blogger_fans_summary,/api/v1/xiaohongshu/pgy/get_blogger_fans_summary,POST,"{""type"":""PER_CALL"",""amount"":{""value"":0.02,""currency"":""USD""}}",,tikhub|xiaohongshu,,eip155:8453|eip155:143,,False,,https://api.monid.ai/public/v1/providers/tikhub/endpoints/api/v1/xiaohongshu/pgy/get_blogger_fans_summary
tikhub,/api/v1/xiaohongshu/pgy/get_blogger_filter_options,/api/v1/xiaohongshu/pgy/get_blogger_filter_options,POST,"{""type"":""PER_CALL"",""amount"":{""value"":0.02,""currency"":""USD""}}",,tikhub|xiaohongshu,,eip155:8453|eip155:143,,False,,https://api.monid.ai/public/v1/providers/tikhub/endpoints/api/v1/xiaohongshu/pgy/get_blogger_filter_options
tikhub,/api/v1/xiaohongshu/pgy/get_blogger_list,/api/v1/xiaohongshu/pgy/get_blogger_list,POST,"{""type"":""PER_CALL"",""amount"":{""value"":0.02,""currency"":""USD""}}",,tikhub|xiaohongshu,,eip155:8453|eip155:143,,False,,https://api.monid.ai/public/v1/providers/tikhub/endpoints/api/v1/xiaohongshu/pgy/get_blogger_list
tikhub,/api/v1/xiaohongshu/pgy/get_blogger_notes,/api/v1/xiaohongshu/pgy/get_blogger_notes,POST,"{""type"":""PER_CALL"",""amount"":{""value"":0.02,""currency"":""USD""}}",,tikhub|xiaohongshu,,eip155:8453|eip155:143,,False,,https://api.monid.ai/public/v1/providers/tikhub/endpoints/api/v1/xiaohongshu/pgy/get_blogger_notes
tikhub,/api/v1/xiaohongshu/pgy/get_blogger_notes_rate,/api/v1/xiaohongshu/pgy/get_blogger_notes_rate,POST,"{""type"":""PER_CALL"",""amount"":{""value"":0.02,""currency"":""USD""}}",,tikhub|xiaohongshu,,eip155:8453|eip155:143,,False,,https://api.monid.ai/public/v1/providers/tikhub/endpoints/api/v1/xiaohongshu/pgy/get_blogger_notes_rate
tikhub,/api/v1/xiaohongshu/pgy/get_blogger_notes_v2,/api/v1/xiaohongshu/pgy/get_blogger_notes_v2,POST,"{""type"":""PER_CALL"",""amount"":{""value"":0.02,""currency"":""USD""}}",,tikhub|xiaohongshu,,eip155:8453|eip155:143,,False,,https://api.monid.ai/public/v1/providers/tikhub/endpoints/api/v1/xiaohongshu/pgy/get_blogger_notes_v2
tikhub,/api/v1/xiaohongshu/pgy/get_blogger_similar,/api/v1/xiaohongshu/pgy/get_blogger_similar,POST,"{""type"":""PER_CALL"",""amount"":{""value"":0.02,""currency"":""USD""}}",,tikhub|xiaohongshu,,eip155:8453|eip155:143,,False,,https://api.monid.ai/public/v1/providers/tikhub/endpoints/api/v1/xiaohongshu/pgy/get_blogger_similar
tikhub,/api/v1/xiaohongshu/pgy/get_content_square,/api/v1/xiaohongshu/pgy/get_content_square,POST,"{""type"":""PER_CALL"",""amount"":{""value"":0.02,""currency"":""USD""}}",,tikhub|xiaohongshu,,eip155:8453|eip155:143,,False,,https://api.monid.ai/public/v1/providers/tikhub/endpoints/api/v1/xiaohongshu/pgy/get_content_square
tikhub,/api/v1/xiaohongshu/pgy/get_keyword_daily,/api/v1/xiaohongshu/pgy/get_keyword_daily,POST,"{""type"":""PER_CALL"",""amount"":{""value"":0.02,""currency"":""USD""}}",,tikhub|xiaohongshu,,eip155:8453|eip155:143,,False,,https://api.monid.ai/public/v1/providers/tikhub/endpoints/api/v1/xiaohongshu/pgy/get_keyword_daily
tikhub,/api/v1/xiaohongshu/pgy/get_keyword_related,/api/v1/xiaohongshu/pgy/get_keyword_related,POST,"{""type"":""PER_CALL"",""amount"":{""value"":0.02,""currency"":""USD""}}",,tikhub|xiaohongshu,,eip155:8453|eip155:143,,False,,https://api.monid.ai/public/v1/providers/tikhub/endpoints/api/v1/xiaohongshu/pgy/get_keyword_related
tikhub,/api/v1/xiaohongshu/pgy/get_keyword_stat,/api/v1/xiaohongshu/pgy/get_keyword_stat,POST,"{""type"":""PER_CALL"",""amount"":{""value"":0.02,""currency"":""USD""}}",,tikhub|xiaohongshu,,eip155:8453|eip155:143,,False,,https://api.monid.ai/public/v1/providers/tikhub/endpoints/api/v1/xiaohongshu/pgy/get_keyword_stat
tikhub,/api/v1/xiaohongshu/pgy/get_live_blogger_list,/api/v1/xiaohongshu/pgy/get_live_blogger_list,POST,"{""type"":""PER_CALL"",""amount"":{""value"":0.02,""currency"":""USD""}}",,tikhub|xiaohongshu,,eip155:8453|eip155:143,,False,,https://api.monid.ai/public/v1/providers/tikhub/endpoints/api/v1/xiaohongshu/pgy/get_live_blogger_list
tikhub,/api/v1/xiaohongshu/pgy/get_note_comments,/api/v1/xiaohongshu/pgy/get_note_comments,POST,"{""type"":""PER_CALL"",""amount"":{""value"":0.01,""currency"":""USD""}}",,tikhub|xiaohongshu,,eip155:8453|eip155:143,,False,,https://api.monid.ai/public/v1/providers/tikhub/endpoints/api/v1/xiaohongshu/pgy/get_note_comments
tikhub,/api/v1/xiaohongshu/pgy/get_note_components,/api/v1/xiaohongshu/pgy/get_note_components,POST,"{""type"":""PER_CALL"",""amount"":{""value"":0,""currency"":""USD""}}",,tikhub|xiaohongshu,,eip155:8453|eip155:143,,False,,https://api.monid.ai/public/v1/providers/tikhub/endpoints/api/v1/xiaohongshu/pgy/get_note_components
tikhub,/api/v1/xiaohongshu/pgy/get_note_detail,/api/v1/xiaohongshu/pgy/get_note_detail,POST,"{""type"":""PER_CALL"",""amount"":{""value"":0.02,""currency"":""USD""}}",,tikhub|xiaohongshu,,eip155:8453|eip155:143,,False,,https://api.monid.ai/public/v1/providers/tikhub/endpoints/api/v1/xiaohongshu/pgy/get_note_detail
tikhub,/api/v1/xiaohongshu/web_v3/fetch_homefeed,/api/v1/xiaohongshu/web_v3/fetch_homefeed,GET,"{""type"":""PER_CALL"",""amount"":{""value"":0.01,""currency"":""USD""}}",,tikhub|xiaohongshu,,eip155:8453|eip155:143,,False,,https://api.monid.ai/public/v1/providers/tikhub/endpoints/api/v1/xiaohongshu/web_v3/fetch_homefeed
tikhub,/api/v1/xiaohongshu/web_v3/fetch_homefeed_categories,/api/v1/xiaohongshu/web_v3/fetch_homefeed_categories,GET,"{""type"":""PER_CALL"",""amount"":{""value"":0.01,""currency"":""USD""}}",,tikhub|xiaohongshu,,eip155:8453|eip155:143,,False,,https://api.monid.ai/public/v1/providers/tikhub/endpoints/api/v1/xiaohongshu/web_v3/fetch_homefeed_categories
tikhub,/api/v1/xiaohongshu/web_v3/fetch_note_detail,/api/v1/xiaohongshu/web_v3/fetch_note_detail,GET,"{""type"":""PER_CALL"",""amount"":{""value"":0.01,""currency"":""USD""}}",,tikhub|xiaohongshu,,eip155:8453|eip155:143,,False,,https://api.monid.ai/public/v1/providers/tikhub/endpoints/api/v1/xiaohongshu/web_v3/fetch_note_detail
tikhub,/api/v1/xiaohongshu/web_v3/fetch_search_suggest,/api/v1/xiaohongshu/web_v3/fetch_search_suggest,GET,"{""type"":""PER_CALL"",""amount"":{""value"":0.01,""currency"":""USD""}}",,tikhub|xiaohongshu,,eip155:8453|eip155:143,,False,,https://api.monid.ai/public/v1/providers/tikhub/endpoints/api/v1/xiaohongshu/web_v3/fetch_search_suggest
tikhub,/api/v1/xiaohongshu/web_v3/fetch_user_info,/api/v1/xiaohongshu/web_v3/fetch_user_info,GET,"{""type"":""PER_CALL"",""amount"":{""value"":0.01,""currency"":""USD""}}",,tikhub|xiaohongshu,,eip155:8453|eip155:143,,False,,https://api.monid.ai/public/v1/providers/tikhub/endpoints/api/v1/xiaohongshu/web_v3/fetch_user_info
tikhub,/api/v1/xigua/app/v2/fetch_one_video,/api/v1/xigua/app/v2/fetch_one_video,GET,"{""type"":""PER_CALL"",""amount"":{""value"":0.001,""currency"":""USD""}}",,tikhub|xigua,,eip155:8453|eip155:143,,False,,https://api.monid.ai/public/v1/providers/tikhub/endpoints/api/v1/xigua/app/v2/fetch_one_video
tikhub,/api/v1/xigua/app/v2/fetch_one_video_play_url,/api/v1/xigua/app/v2/fetch_one_video_play_url,GET,"{""type"":""PER_CALL"",""amount"":{""value"":0.001,""currency"":""USD""}}",,tikhub|xigua,,eip155:8453|eip155:143,,False,,https://api.monid.ai/public/v1/providers/tikhub/endpoints/api/v1/xigua/app/v2/fetch_one_video_play_url
tikhub,/api/v1/xigua/app/v2/fetch_one_video_v2,/api/v1/xigua/app/v2/fetch_one_video_v2,GET,"{""type"":""PER_CALL"",""amount"":{""value"":0.001,""currency"":""USD""}}",,tikhub|xigua,,eip155:8453|eip155:143,,False,,https://api.monid.ai/public/v1/providers/tikhub/endpoints/api/v1/xigua/app/v2/fetch_one_video_v2
tikhub,/api/v1/xigua/app/v2/fetch_user_info,/api/v1/xigua/app/v2/fetch_user_info,GET,"{""type"":""PER_CALL"",""amount"":{""value"":0.001,""currency"":""USD""}}",,tikhub|xigua,,eip155:8453|eip155:143,,False,,https://api.monid.ai/public/v1/providers/tikhub/endpoints/api/v1/xigua/app/v2/fetch_user_info
tikhub,/api/v1/xigua/app/v2/fetch_user_post_list,/api/v1/xigua/app/v2/fetch_user_post_list,GET,"{""type"":""PER_CALL"",""amount"":{""value"":0.001,""currency"":""USD""}}",,tikhub|xigua,,eip155:8453|eip155:143,,False,,https://api.monid.ai/public/v1/providers/tikhub/endpoints/api/v1/xigua/app/v2/fetch_user_post_list
tikhub,/api/v1/xigua/app/v2/fetch_video_comment_list,/api/v1/xigua/app/v2/fetch_video_comment_list,GET,"{""type"":""PER_CALL"",""amount"":{""value"":0.001,""currency"":""USD""}}",,tikhub|xigua,,eip155:8453|eip155:143,,False,,https://api.monid.ai/public/v1/providers/tikhub/endpoints/api/v1/xigua/app/v2/fetch_video_comment_list
tikhub,/api/v1/xigua/app/v2/search_video,/api/v1/xigua/app/v2/search_video,GET,"{""type"":""PER_CALL"",""amount"":{""value"":0.001,""currency"":""USD""}}",,tikhub|xigua,,eip155:8453|eip155:143,,False,,https://api.monid.ai/public/v1/providers/tikhub/endpoints/api/v1/xigua/app/v2/search_video
tikhub,/api/v1/youtube/web/get_channel_id,/api/v1/youtube/web/get_channel_id,GET,"{""type"":""PER_CALL"",""amount"":{""value"":0.001,""currency"":""USD""}}",,tikhub|youtube,,eip155:8453|eip155:143,,False,,https://api.monid.ai/public/v1/providers/tikhub/endpoints/api/v1/youtube/web/get_channel_id
tikhub,/api/v1/youtube/web/get_channel_id_v2,/api/v1/youtube/web/get_channel_id_v2,GET,"{""type"":""PER_CALL"",""amount"":{""value"":0.001,""currency"":""USD""}}",,tikhub|youtube,,eip155:8453|eip155:143,,False,,https://api.monid.ai/public/v1/providers/tikhub/endpoints/api/v1/youtube/web/get_channel_id_v2
tikhub,/api/v1/youtube/web/get_channel_info,/api/v1/youtube/web/get_channel_info,GET,"{""type"":""PER_CALL"",""amount"":{""value"":0.001,""currency"":""USD""}}",,tikhub|youtube,,eip155:8453|eip155:143,,False,,https://api.monid.ai/public/v1/providers/tikhub/endpoints/api/v1/youtube/web/get_channel_info
tikhub,/api/v1/youtube/web/get_channel_short_videos,/api/v1/youtube/web/get_channel_short_videos,GET,"{""type"":""PER_CALL"",""amount"":{""value"":0.001,""currency"":""USD""}}",,tikhub|youtube,,eip155:8453|eip155:143,,False,,https://api.monid.ai/public/v1/providers/tikhub/endpoints/api/v1/youtube/web/get_channel_short_videos
tikhub,/api/v1/youtube/web/get_channel_url,/api/v1/youtube/web/get_channel_url,GET,"{""type"":""PER_CALL"",""amount"":{""value"":0.001,""currency"":""USD""}}",,tikhub|youtube,,eip155:8453|eip155:143,,False,,https://api.monid.ai/public/v1/providers/tikhub/endpoints/api/v1/youtube/web/get_channel_url
tikhub,/api/v1/youtube/web/get_relate_video,/api/v1/youtube/web/get_relate_video,GET,"{""type"":""PER_CALL"",""amount"":{""value"":0.001,""currency"":""USD""}}",,tikhub|youtube,,eip155:8453|eip155:143,,False,,https://api.monid.ai/public/v1/providers/tikhub/endpoints/api/v1/youtube/web/get_relate_video
tikhub,/api/v1/youtube/web/search_channel,/api/v1/youtube/web/search_channel,GET,"{""type"":""PER_CALL"",""amount"":{""value"":0.001,""currency"":""USD""}}",,tikhub|youtube,,eip155:8453|eip155:143,,False,,https://api.monid.ai/public/v1/providers/tikhub/endpoints/api/v1/youtube/web/search_channel
tikhub,/api/v1/youtube/web/search_video,/api/v1/youtube/web/search_video,GET,"{""type"":""PER_CALL"",""amount"":{""value"":0.001,""currency"":""USD""}}",,tikhub|youtube,,eip155:8453|eip155:143,,False,,https://api.monid.ai/public/v1/providers/tikhub/endpoints/api/v1/youtube/web/search_video
tikhub,/api/v1/youtube/web_v2/get_channel_community_posts,/api/v1/youtube/web_v2/get_channel_community_posts,GET,"{""type"":""PER_CALL"",""amount"":{""value"":0.001,""currency"":""USD""}}",,tikhub|youtube,,eip155:8453|eip155:143,,False,,https://api.monid.ai/public/v1/providers/tikhub/endpoints/api/v1/youtube/web_v2/get_channel_community_posts
tikhub,/api/v1/youtube/web_v2/get_channel_description,/api/v1/youtube/web_v2/get_channel_description,GET,"{""type"":""PER_CALL"",""amount"":{""value"":0.001,""currency"":""USD""}}",,tikhub|youtube,,eip155:8453|eip155:143,,False,,https://api.monid.ai/public/v1/providers/tikhub/endpoints/api/v1/youtube/web_v2/get_channel_description
tikhub,/api/v1/youtube/web_v2/get_channel_id,/api/v1/youtube/web_v2/get_channel_id,GET,"{""type"":""PER_CALL"",""amount"":{""value"":0.001,""currency"":""USD""}}",,tikhub|youtube,,eip155:8453|eip155:143,,False,,https://api.monid.ai/public/v1/providers/tikhub/endpoints/api/v1/youtube/web_v2/get_channel_id
tikhub,/api/v1/youtube/web_v2/get_channel_shorts,/api/v1/youtube/web_v2/get_channel_shorts,GET,"{""type"":""PER_CALL"",""amount"":{""value"":0.001,""currency"":""USD""}}",,tikhub|youtube,,eip155:8453|eip155:143,,False,,https://api.monid.ai/public/v1/providers/tikhub/endpoints/api/v1/youtube/web_v2/get_channel_shorts
tikhub,/api/v1/youtube/web_v2/get_channel_url,/api/v1/youtube/web_v2/get_channel_url,GET,"{""type"":""PER_CALL"",""amount"":{""value"":0.001,""currency"":""USD""}}",,tikhub|youtube,,eip155:8453|eip155:143,,False,,https://api.monid.ai/public/v1/providers/tikhub/endpoints/api/v1/youtube/web_v2/get_channel_url
tikhub,/api/v1/youtube/web_v2/get_channel_videos,/api/v1/youtube/web_v2/get_channel_videos,GET,"{""type"":""PER_CALL"",""amount"":{""value"":0.001,""currency"":""USD""}}",,tikhub|youtube,,eip155:8453|eip155:143,,False,,https://api.monid.ai/public/v1/providers/tikhub/endpoints/api/v1/youtube/web_v2/get_channel_videos
tikhub,/api/v1/youtube/web_v2/get_general_search,/api/v1/youtube/web_v2/get_general_search,GET,"{""type"":""PER_CALL"",""amount"":{""value"":0.001,""currency"":""USD""}}",,tikhub|youtube,,eip155:8453|eip155:143,,False,,https://api.monid.ai/public/v1/providers/tikhub/endpoints/api/v1/youtube/web_v2/get_general_search
tikhub,/api/v1/youtube/web_v2/get_general_search_v2,/api/v1/youtube/web_v2/get_general_search_v2,GET,"{""type"":""PER_CALL"",""amount"":{""value"":0.002,""currency"":""USD""}}",,tikhub|youtube,,eip155:8453|eip155:143,,False,,https://api.monid.ai/public/v1/providers/tikhub/endpoints/api/v1/youtube/web_v2/get_general_search_v2
tikhub,/api/v1/youtube/web_v2/get_post_comment_replies,/api/v1/youtube/web_v2/get_post_comment_replies,GET,"{""type"":""PER_CALL"",""amount"":{""value"":0.001,""currency"":""USD""}}",,tikhub|youtube,,eip155:8453|eip155:143,,False,,https://api.monid.ai/public/v1/providers/tikhub/endpoints/api/v1/youtube/web_v2/get_post_comment_replies
tikhub,/api/v1/youtube/web_v2/get_post_comments,/api/v1/youtube/web_v2/get_post_comments,GET,"{""type"":""PER_CALL"",""amount"":{""value"":0.001,""currency"":""USD""}}",,tikhub|youtube,,eip155:8453|eip155:143,,False,,https://api.monid.ai/public/v1/providers/tikhub/endpoints/api/v1/youtube/web_v2/get_post_comments
tikhub,/api/v1/youtube/web_v2/get_post_detail,/api/v1/youtube/web_v2/get_post_detail,GET,"{""type"":""PER_CALL"",""amount"":{""value"":0.001,""currency"":""USD""}}",,tikhub|youtube,,eip155:8453|eip155:143,,False,,https://api.monid.ai/public/v1/providers/tikhub/endpoints/api/v1/youtube/web_v2/get_post_detail
tikhub,/api/v1/youtube/web_v2/get_related_videos,/api/v1/youtube/web_v2/get_related_videos,GET,"{""type"":""PER_CALL"",""amount"":{""value"":0.001,""currency"":""USD""}}",,tikhub|youtube,,eip155:8453|eip155:143,,False,,https://api.monid.ai/public/v1/providers/tikhub/endpoints/api/v1/youtube/web_v2/get_related_videos
tikhub,/api/v1/youtube/web_v2/get_search_suggestions,/api/v1/youtube/web_v2/get_search_suggestions,GET,"{""type"":""PER_CALL"",""amount"":{""value"":0.001,""currency"":""USD""}}",,tikhub|youtube,,eip155:8453|eip155:143,,False,,https://api.monid.ai/public/v1/providers/tikhub/endpoints/api/v1/youtube/web_v2/get_search_suggestions
tikhub,/api/v1/youtube/web_v2/get_shorts_search,/api/v1/youtube/web_v2/get_shorts_search,GET,"{""type"":""PER_CALL"",""amount"":{""value"":0.001,""currency"":""USD""}}",,tikhub|youtube,,eip155:8453|eip155:143,,False,,https://api.monid.ai/public/v1/providers/tikhub/endpoints/api/v1/youtube/web_v2/get_shorts_search
tikhub,/api/v1/youtube/web_v2/get_shorts_search_v2,/api/v1/youtube/web_v2/get_shorts_search_v2,GET,"{""type"":""PER_CALL"",""amount"":{""value"":0.002,""currency"":""USD""}}",,tikhub|youtube,,eip155:8453|eip155:143,,False,,https://api.monid.ai/public/v1/providers/tikhub/endpoints/api/v1/youtube/web_v2/get_shorts_search_v2
tikhub,/api/v1/youtube/web_v2/get_signed_stream_url,/api/v1/youtube/web_v2/get_signed_stream_url,GET,"{""type"":""PER_CALL"",""amount"":{""value"":0.001,""currency"":""USD""}}",,tikhub|youtube,,eip155:8453|eip155:143,,False,,https://api.monid.ai/public/v1/providers/tikhub/endpoints/api/v1/youtube/web_v2/get_signed_stream_url
tikhub,/api/v1/youtube/web_v2/get_video_captions,/api/v1/youtube/web_v2/get_video_captions,GET,"{""type"":""PER_CALL"",""amount"":{""value"":0.008,""currency"":""USD""}}",,tikhub|youtube,,eip155:8453|eip155:143,,False,,https://api.monid.ai/public/v1/providers/tikhub/endpoints/api/v1/youtube/web_v2/get_video_captions
tikhub,/api/v1/youtube/web_v2/get_video_captions_result,/api/v1/youtube/web_v2/get_video_captions_result,GET,"{""type"":""PER_CALL"",""amount"":{""value"":0,""currency"":""USD""}}",,tikhub|youtube,,eip155:8453|eip155:143,,False,,https://api.monid.ai/public/v1/providers/tikhub/endpoints/api/v1/youtube/web_v2/get_video_captions_result
tikhub,/api/v1/youtube/web_v2/get_video_comment_replies,/api/v1/youtube/web_v2/get_video_comment_replies,GET,"{""type"":""PER_CALL"",""amount"":{""value"":0.001,""currency"":""USD""}}",,tikhub|youtube,,eip155:8453|eip155:143,,False,,https://api.monid.ai/public/v1/providers/tikhub/endpoints/api/v1/youtube/web_v2/get_video_comment_replies
tikhub,/api/v1/youtube/web_v2/get_video_comments,/api/v1/youtube/web_v2/get_video_comments,GET,"{""type"":""PER_CALL"",""amount"":{""value"":0.001,""currency"":""USD""}}",,tikhub|youtube,,eip155:8453|eip155:143,,False,,https://api.monid.ai/public/v1/providers/tikhub/endpoints/api/v1/youtube/web_v2/get_video_comments
tikhub,/api/v1/youtube/web_v2/get_video_info,/api/v1/youtube/web_v2/get_video_info,GET,"{""type"":""PER_CALL"",""amount"":{""value"":0.001,""currency"":""USD""}}",,tikhub|youtube,,eip155:8453|eip155:143,,False,,https://api.monid.ai/public/v1/providers/tikhub/endpoints/api/v1/youtube/web_v2/get_video_info
tikhub,/api/v1/youtube/web_v2/get_video_info_v2,/api/v1/youtube/web_v2/get_video_info_v2,GET,"{""type"":""PER_CALL"",""amount"":{""value"":0.001,""currency"":""USD""}}",,tikhub|youtube,,eip155:8453|eip155:143,,False,,https://api.monid.ai/public/v1/providers/tikhub/endpoints/api/v1/youtube/web_v2/get_video_info_v2
tikhub,/api/v1/youtube/web_v2/get_video_streams,/api/v1/youtube/web_v2/get_video_streams,GET,"{""type"":""PER_CALL"",""amount"":{""value"":0.001,""currency"":""USD""}}",,tikhub|youtube,,eip155:8453|eip155:143,,False,,https://api.monid.ai/public/v1/providers/tikhub/endpoints/api/v1/youtube/web_v2/get_video_streams
tikhub,/api/v1/youtube/web_v2/get_video_streams_v2,/api/v1/youtube/web_v2/get_video_streams_v2,GET,"{""type"":""PER_CALL"",""amount"":{""value"":0.004,""currency"":""USD""}}",,tikhub|youtube,,eip155:8453|eip155:143,,False,,https://api.monid.ai/public/v1/providers/tikhub/endpoints/api/v1/youtube/web_v2/get_video_streams_v2
tikhub,/api/v1/youtube/web_v2/get_video_streams_v3,/api/v1/youtube/web_v2/get_video_streams_v3,POST,"{""type"":""PER_CALL"",""amount"":{""value"":0.003,""currency"":""USD""}}",,tikhub|youtube,,eip155:8453|eip155:143,,False,,https://api.monid.ai/public/v1/providers/tikhub/endpoints/api/v1/youtube/web_v2/get_video_streams_v3
tikhub,/api/v1/youtube/web_v2/search_channels,/api/v1/youtube/web_v2/search_channels,GET,"{""type"":""PER_CALL"",""amount"":{""value"":0.001,""currency"":""USD""}}",,tikhub|youtube,,eip155:8453|eip155:143,,False,,https://api.monid.ai/public/v1/providers/tikhub/endpoints/api/v1/youtube/web_v2/search_channels
tikhub,/api/v1/zhihu/web/fetch_ai_search_stream,/api/v1/zhihu/web/fetch_ai_search_stream,GET,"{""type"":""PER_CALL"",""amount"":{""value"":0.005,""currency"":""USD""}}",,tikhub|zhihu,,eip155:8453|eip155:143,,False,,https://api.monid.ai/public/v1/providers/tikhub/endpoints/api/v1/zhihu/web/fetch_ai_search_stream
tikhub,/api/v1/zhihu/web/fetch_answer_detail,/api/v1/zhihu/web/fetch_answer_detail,GET,"{""type"":""PER_CALL"",""amount"":{""value"":0.001,""currency"":""USD""}}",,tikhub|zhihu,,eip155:8453|eip155:143,,False,,https://api.monid.ai/public/v1/providers/tikhub/endpoints/api/v1/zhihu/web/fetch_answer_detail
tikhub,/api/v1/zhihu/web/fetch_article_search_v3,/api/v1/zhihu/web/fetch_article_search_v3,GET,"{""type"":""PER_CALL"",""amount"":{""value"":0.001,""currency"":""USD""}}",,tikhub|zhihu,,eip155:8453|eip155:143,,False,,https://api.monid.ai/public/v1/providers/tikhub/endpoints/api/v1/zhihu/web/fetch_article_search_v3
tikhub,/api/v1/zhihu/web/fetch_column_article_detail,/api/v1/zhihu/web/fetch_column_article_detail,GET,"{""type"":""PER_CALL"",""amount"":{""value"":0.001,""currency"":""USD""}}",,tikhub|zhihu,,eip155:8453|eip155:143,,False,,https://api.monid.ai/public/v1/providers/tikhub/endpoints/api/v1/zhihu/web/fetch_column_article_detail
tikhub,/api/v1/zhihu/web/fetch_column_articles,/api/v1/zhihu/web/fetch_column_articles,GET,"{""type"":""PER_CALL"",""amount"":{""value"":0.001,""currency"":""USD""}}",,tikhub|zhihu,,eip155:8453|eip155:143,,False,,https://api.monid.ai/public/v1/providers/tikhub/endpoints/api/v1/zhihu/web/fetch_column_articles
tikhub,/api/v1/zhihu/web/fetch_column_comment_config,/api/v1/zhihu/web/fetch_column_comment_config,GET,"{""type"":""PER_CALL"",""amount"":{""value"":0.001,""currency"":""USD""}}",,tikhub|zhihu,,eip155:8453|eip155:143,,False,,https://api.monid.ai/public/v1/providers/tikhub/endpoints/api/v1/zhihu/web/fetch_column_comment_config
tikhub,/api/v1/zhihu/web/fetch_column_recommend,/api/v1/zhihu/web/fetch_column_recommend,GET,"{""type"":""PER_CALL"",""amount"":{""value"":0.001,""currency"":""USD""}}",,tikhub|zhihu,,eip155:8453|eip155:143,,False,,https://api.monid.ai/public/v1/providers/tikhub/endpoints/api/v1/zhihu/web/fetch_column_recommend
tikhub,/api/v1/zhihu/web/fetch_column_relationship,/api/v1/zhihu/web/fetch_column_relationship,GET,"{""type"":""PER_CALL"",""amount"":{""value"":0.001,""currency"":""USD""}}",,tikhub|zhihu,,eip155:8453|eip155:143,,False,,https://api.monid.ai/public/v1/providers/tikhub/endpoints/api/v1/zhihu/web/fetch_column_relationship
tikhub,/api/v1/zhihu/web/fetch_column_search_v3,/api/v1/zhihu/web/fetch_column_search_v3,GET,"{""type"":""PER_CALL"",""amount"":{""value"":0.001,""currency"":""USD""}}",,tikhub|zhihu,,eip155:8453|eip155:143,,False,,https://api.monid.ai/public/v1/providers/tikhub/endpoints/api/v1/zhihu/web/fetch_column_search_v3
tikhub,/api/v1/zhihu/web/fetch_comment_v5,/api/v1/zhihu/web/fetch_comment_v5,GET,"{""type"":""PER_CALL"",""amount"":{""value"":0.001,""currency"":""USD""}}",,tikhub|zhihu,,eip155:8453|eip155:143,,False,,https://api.monid.ai/public/v1/providers/tikhub/endpoints/api/v1/zhihu/web/fetch_comment_v5
tikhub,/api/v1/zhihu/web/fetch_ebook_search_v3,/api/v1/zhihu/web/fetch_ebook_search_v3,GET,"{""type"":""PER_CALL"",""amount"":{""value"":0.001,""currency"":""USD""}}",,tikhub|zhihu,,eip155:8453|eip155:143,,False,,https://api.monid.ai/public/v1/providers/tikhub/endpoints/api/v1/zhihu/web/fetch_ebook_search_v3
tikhub,/api/v1/zhihu/web/fetch_hot_list,/api/v1/zhihu/web/fetch_hot_list,GET,"{""type"":""PER_CALL"",""amount"":{""value"":0.001,""currency"":""USD""}}",,tikhub|zhihu,,eip155:8453|eip155:143,,False,,https://api.monid.ai/public/v1/providers/tikhub/endpoints/api/v1/zhihu/web/fetch_hot_list
tikhub,/api/v1/zhihu/web/fetch_hot_recommend,/api/v1/zhihu/web/fetch_hot_recommend,GET,"{""type"":""PER_CALL"",""amount"":{""value"":0.001,""currency"":""USD""}}",,tikhub|zhihu,,eip155:8453|eip155:143,,False,,https://api.monid.ai/public/v1/providers/tikhub/endpoints/api/v1/zhihu/web/fetch_hot_recommend
tikhub,/api/v1/zhihu/web/fetch_pin_comments,/api/v1/zhihu/web/fetch_pin_comments,GET,"{""type"":""PER_CALL"",""amount"":{""value"":0.001,""currency"":""USD""}}",,tikhub|zhihu,,eip155:8453|eip155:143,,False,,https://api.monid.ai/public/v1/providers/tikhub/endpoints/api/v1/zhihu/web/fetch_pin_comments
tikhub,/api/v1/zhihu/web/fetch_pin_detail,/api/v1/zhihu/web/fetch_pin_detail,GET,"{""type"":""PER_CALL"",""amount"":{""value"":0.001,""currency"":""USD""}}",,tikhub|zhihu,,eip155:8453|eip155:143,,False,,https://api.monid.ai/public/v1/providers/tikhub/endpoints/api/v1/zhihu/web/fetch_pin_detail
tikhub,/api/v1/zhihu/web/fetch_preset_search,/api/v1/zhihu/web/fetch_preset_search,GET,"{""type"":""PER_CALL"",""amount"":{""value"":0.001,""currency"":""USD""}}",,tikhub|zhihu,,eip155:8453|eip155:143,,False,,https://api.monid.ai/public/v1/providers/tikhub/endpoints/api/v1/zhihu/web/fetch_preset_search
tikhub,/api/v1/zhihu/web/fetch_question_answers,/api/v1/zhihu/web/fetch_question_answers,GET,"{""type"":""PER_CALL"",""amount"":{""value"":0.001,""currency"":""USD""}}",,tikhub|zhihu,,eip155:8453|eip155:143,,False,,https://api.monid.ai/public/v1/providers/tikhub/endpoints/api/v1/zhihu/web/fetch_question_answers
tikhub,/api/v1/zhihu/web/fetch_question_detail,/api/v1/zhihu/web/fetch_question_detail,GET,"{""type"":""PER_CALL"",""amount"":{""value"":0.001,""currency"":""USD""}}",,tikhub|zhihu,,eip155:8453|eip155:143,,False,,https://api.monid.ai/public/v1/providers/tikhub/endpoints/api/v1/zhihu/web/fetch_question_detail
tikhub,/api/v1/zhihu/web/fetch_recommend_followees,/api/v1/zhihu/web/fetch_recommend_followees,GET,"{""type"":""PER_CALL"",""amount"":{""value"":0.001,""currency"":""USD""}}",,tikhub|zhihu,,eip155:8453|eip155:143,,False,,https://api.monid.ai/public/v1/providers/tikhub/endpoints/api/v1/zhihu/web/fetch_recommend_followees
tikhub,/api/v1/zhihu/web/fetch_salt_search_v3,/api/v1/zhihu/web/fetch_salt_search_v3,GET,"{""type"":""PER_CALL"",""amount"":{""value"":0.001,""currency"":""USD""}}",,tikhub|zhihu,,eip155:8453|eip155:143,,False,,https://api.monid.ai/public/v1/providers/tikhub/endpoints/api/v1/zhihu/web/fetch_salt_search_v3
tikhub,/api/v1/zhihu/web/fetch_scholar_search_v3,/api/v1/zhihu/web/fetch_scholar_search_v3,POST,"{""type"":""PER_CALL"",""amount"":{""value"":0.001,""currency"":""USD""}}",,tikhub|zhihu,,eip155:8453|eip155:143,,False,,https://api.monid.ai/public/v1/providers/tikhub/endpoints/api/v1/zhihu/web/fetch_scholar_search_v3
tikhub,/api/v1/zhihu/web/fetch_search_recommend,/api/v1/zhihu/web/fetch_search_recommend,GET,"{""type"":""PER_CALL"",""amount"":{""value"":0.001,""currency"":""USD""}}",,tikhub|zhihu,,eip155:8453|eip155:143,,False,,https://api.monid.ai/public/v1/providers/tikhub/endpoints/api/v1/zhihu/web/fetch_search_recommend
tikhub,/api/v1/zhihu/web/fetch_search_suggest,/api/v1/zhihu/web/fetch_search_suggest,GET,"{""type"":""PER_CALL"",""amount"":{""value"":0.001,""currency"":""USD""}}",,tikhub|zhihu,,eip155:8453|eip155:143,,False,,https://api.monid.ai/public/v1/providers/tikhub/endpoints/api/v1/zhihu/web/fetch_search_suggest
tikhub,/api/v1/zhihu/web/fetch_sub_comment_v5,/api/v1/zhihu/web/fetch_sub_comment_v5,GET,"{""type"":""PER_CALL"",""amount"":{""value"":0.001,""currency"":""USD""}}",,tikhub|zhihu,,eip155:8453|eip155:143,,False,,https://api.monid.ai/public/v1/providers/tikhub/endpoints/api/v1/zhihu/web/fetch_sub_comment_v5
tikhub,/api/v1/zhihu/web/fetch_topic_search_v3,/api/v1/zhihu/web/fetch_topic_search_v3,GET,"{""type"":""PER_CALL"",""amount"":{""value"":0.001,""currency"":""USD""}}",,tikhub|zhihu,,eip155:8453|eip155:143,,False,,https://api.monid.ai/public/v1/providers/tikhub/endpoints/api/v1/zhihu/web/fetch_topic_search_v3
tikhub,/api/v1/zhihu/web/fetch_user_answers,/api/v1/zhihu/web/fetch_user_answers,GET,"{""type"":""PER_CALL"",""amount"":{""value"":0.001,""currency"":""USD""}}",,tikhub|zhihu,,eip155:8453|eip155:143,,False,,https://api.monid.ai/public/v1/providers/tikhub/endpoints/api/v1/zhihu/web/fetch_user_answers
tikhub,/api/v1/zhihu/web/fetch_user_articles,/api/v1/zhihu/web/fetch_user_articles,GET,"{""type"":""PER_CALL"",""amount"":{""value"":0.001,""currency"":""USD""}}",,tikhub|zhihu,,eip155:8453|eip155:143,,False,,https://api.monid.ai/public/v1/providers/tikhub/endpoints/api/v1/zhihu/web/fetch_user_articles
tikhub,/api/v1/zhihu/web/fetch_user_collections,/api/v1/zhihu/web/fetch_user_collections,GET,"{""type"":""PER_CALL"",""amount"":{""value"":0.001,""currency"":""USD""}}",,tikhub|zhihu,,eip155:8453|eip155:143,,False,,https://api.monid.ai/public/v1/providers/tikhub/endpoints/api/v1/zhihu/web/fetch_user_collections
tikhub,/api/v1/zhihu/web/fetch_user_follow_collections,/api/v1/zhihu/web/fetch_user_follow_collections,GET,"{""type"":""PER_CALL"",""amount"":{""value"":0.001,""currency"":""USD""}}",,tikhub|zhihu,,eip155:8453|eip155:143,,False,,https://api.monid.ai/public/v1/providers/tikhub/endpoints/api/v1/zhihu/web/fetch_user_follow_collections
tikhub,/api/v1/zhihu/web/fetch_user_follow_columns,/api/v1/zhihu/web/fetch_user_follow_columns,GET,"{""type"":""PER_CALL"",""amount"":{""value"":0.001,""currency"":""USD""}}",,tikhub|zhihu,,eip155:8453|eip155:143,,False,,https://api.monid.ai/public/v1/providers/tikhub/endpoints/api/v1/zhihu/web/fetch_user_follow_columns
tikhub,/api/v1/zhihu/web/fetch_user_follow_questions,/api/v1/zhihu/web/fetch_user_follow_questions,GET,"{""type"":""PER_CALL"",""amount"":{""value"":0.001,""currency"":""USD""}}",,tikhub|zhihu,,eip155:8453|eip155:143,,False,,https://api.monid.ai/public/v1/providers/tikhub/endpoints/api/v1/zhihu/web/fetch_user_follow_questions
tikhub,/api/v1/zhihu/web/fetch_user_follow_topics,/api/v1/zhihu/web/fetch_user_follow_topics,GET,"{""type"":""PER_CALL"",""amount"":{""value"":0.001,""currency"":""USD""}}",,tikhub|zhihu,,eip155:8453|eip155:143,,False,,https://api.monid.ai/public/v1/providers/tikhub/endpoints/api/v1/zhihu/web/fetch_user_follow_topics
tikhub,/api/v1/zhihu/web/fetch_user_followees,/api/v1/zhihu/web/fetch_user_followees,GET,"{""type"":""PER_CALL"",""amount"":{""value"":0.001,""currency"":""USD""}}",,tikhub|zhihu,,eip155:8453|eip155:143,,False,,https://api.monid.ai/public/v1/providers/tikhub/endpoints/api/v1/zhihu/web/fetch_user_followees
tikhub,/api/v1/zhihu/web/fetch_user_followers,/api/v1/zhihu/web/fetch_user_followers,GET,"{""type"":""PER_CALL"",""amount"":{""value"":0.001,""currency"":""USD""}}",,tikhub|zhihu,,eip155:8453|eip155:143,,False,,https://api.monid.ai/public/v1/providers/tikhub/endpoints/api/v1/zhihu/web/fetch_user_followers
tikhub,/api/v1/zhihu/web/fetch_user_included_articles,/api/v1/zhihu/web/fetch_user_included_articles,GET,"{""type"":""PER_CALL"",""amount"":{""value"":0.001,""currency"":""USD""}}",,tikhub|zhihu,,eip155:8453|eip155:143,,False,,https://api.monid.ai/public/v1/providers/tikhub/endpoints/api/v1/zhihu/web/fetch_user_included_articles
tikhub,/api/v1/zhihu/web/fetch_user_info,/api/v1/zhihu/web/fetch_user_info,GET,"{""type"":""PER_CALL"",""amount"":{""value"":0.001,""currency"":""USD""}}",,tikhub|zhihu,,eip155:8453|eip155:143,,False,,https://api.monid.ai/public/v1/providers/tikhub/endpoints/api/v1/zhihu/web/fetch_user_info
tikhub,/api/v1/zhihu/web/fetch_user_pins,/api/v1/zhihu/web/fetch_user_pins,GET,"{""type"":""PER_CALL"",""amount"":{""value"":0.001,""currency"":""USD""}}",,tikhub|zhihu,,eip155:8453|eip155:143,,False,,https://api.monid.ai/public/v1/providers/tikhub/endpoints/api/v1/zhihu/web/fetch_user_pins
tikhub,/api/v1/zhihu/web/fetch_user_search_v3,/api/v1/zhihu/web/fetch_user_search_v3,GET,"{""type"":""PER_CALL"",""amount"":{""value"":0.001,""currency"":""USD""}}",,tikhub|zhihu,,eip155:8453|eip155:143,,False,,https://api.monid.ai/public/v1/providers/tikhub/endpoints/api/v1/zhihu/web/fetch_user_search_v3
tikhub,/api/v1/zhihu/web/fetch_user_segments,/api/v1/zhihu/web/fetch_user_segments,GET,"{""type"":""PER_CALL"",""amount"":{""value"":0.001,""currency"":""USD""}}",,tikhub|zhihu,,eip155:8453|eip155:143,,False,,https://api.monid.ai/public/v1/providers/tikhub/endpoints/api/v1/zhihu/web/fetch_user_segments
tikhub,/api/v1/zhihu/web/fetch_video_list,/api/v1/zhihu/web/fetch_video_list,GET,"{""type"":""PER_CALL"",""amount"":{""value"":0.001,""currency"":""USD""}}",,tikhub|zhihu,,eip155:8453|eip155:143,,False,,https://api.monid.ai/public/v1/providers/tikhub/endpoints/api/v1/zhihu/web/fetch_video_list
tikhub,/api/v1/zhihu/web/fetch_video_search_v3,/api/v1/zhihu/web/fetch_video_search_v3,GET,"{""type"":""PER_CALL"",""amount"":{""value"":0.001,""currency"":""USD""}}",,tikhub|zhihu,,eip155:8453|eip155:143,,False,,https://api.monid.ai/public/v1/providers/tikhub/endpoints/api/v1/zhihu/web/fetch_video_search_v3
tinyfish,/automation/run,TinyFish Browser Agent,POST,"{""type"":""PER_UNIT"",""amount"":{""value"":0.016,""currency"":""USD""},""per"":1,""unit"":""step""}",verified,browser-automation|tinyfish|web-extraction,TinyfishBrowserProfile,,,False,https://docs.tinyfish.ai/agent-api/reference,https://api.monid.ai/public/v1/providers/tinyfish/endpoints/automation/run
tinyfish,/browser-profiles/provision,Create Browser Profile,POST,"{""type"":""PER_CALL"",""amount"":{""value"":0,""currency"":""USD""}}",verified,browser-automation|tinyfish,TinyfishBrowserProfile,,,False,https://docs.tinyfish.ai/agent-api/browser-context-profiles,https://api.monid.ai/public/v1/providers/tinyfish/endpoints/browser-profiles/provision
tinyfish,/browser-profiles/release,Delete Browser Profile,DELETE,"{""type"":""PER_CALL"",""amount"":{""value"":0,""currency"":""USD""}}",verified,browser-automation|tinyfish,TinyfishBrowserProfile,,,False,https://docs.tinyfish.ai/agent-api/browser-context-profiles,https://api.monid.ai/public/v1/providers/tinyfish/endpoints/browser-profiles/release
tinyfish,/browser-profiles/setup-cancel,Cancel Profile Login Session,POST,"{""type"":""PER_CALL"",""amount"":{""value"":0,""currency"":""USD""}}",verified,browser-automation|tinyfish,TinyfishBrowserProfile,,,False,https://docs.tinyfish.ai/agent-api/browser-context-profiles,https://api.monid.ai/public/v1/providers/tinyfish/endpoints/browser-profiles/setup-cancel
tinyfish,/browser-profiles/setup-save,Save Profile Login Session,POST,"{""type"":""PER_CALL"",""amount"":{""value"":0,""currency"":""USD""}}",verified,browser-automation|tinyfish,TinyfishBrowserProfile,,,False,https://docs.tinyfish.ai/agent-api/browser-context-profiles,https://api.monid.ai/public/v1/providers/tinyfish/endpoints/browser-profiles/setup-save
tinyfish,/browser-profiles/setup-session,Start Profile Login Session,POST,"{""type"":""PER_CALL"",""amount"":{""value"":0,""currency"":""USD""}}",verified,browser-automation|tinyfish,TinyfishBrowserProfile,,,False,https://docs.tinyfish.ai/agent-api/browser-context-profiles,https://api.monid.ai/public/v1/providers/tinyfish/endpoints/browser-profiles/setup-session
tinyfish,/browser-sessions/provision,Rent Remote Browser Session,POST,"{""type"":""PER_CALL"",""amount"":{""value"":0,""currency"":""USD""}}",verified,browser-automation|tinyfish,TinyfishBrowserSession,,,False,https://docs.tinyfish.ai/browser-api/reference,https://api.monid.ai/public/v1/providers/tinyfish/endpoints/browser-sessions/provision
tinyfish,/browser-sessions/release,Release Remote Browser Session,DELETE,"{""type"":""PER_CALL"",""amount"":{""value"":0,""currency"":""USD""}}",verified,browser-automation|tinyfish,TinyfishBrowserSession,,,False,https://docs.tinyfish.ai/browser-api/reference,https://api.monid.ai/public/v1/providers/tinyfish/endpoints/browser-sessions/release
tinyfish,/fetch,TinyFish Fetch,POST,"{""type"":""PER_CALL"",""amount"":{""value"":0,""currency"":""USD""}}",verified,tinyfish|web-extraction,,eip155:8453|eip155:143,,False,https://docs.tinyfish.ai/fetch-api/reference,https://api.monid.ai/public/v1/providers/tinyfish/endpoints/fetch
tinyfish,/search,TinyFish Web Search,GET,"{""type"":""PER_CALL"",""amount"":{""value"":0,""currency"":""USD""}}",verified,news-search|tinyfish|web-search,,eip155:8453|eip155:143,,False,https://docs.tinyfish.ai/search-api/reference,https://api.monid.ai/public/v1/providers/tinyfish/endpoints/search
topaz,/image/denoise,Denoise Image,POST,"{""type"":""PER_UNIT"",""amount"":{""value"":0.1,""currency"":""USD""},""per"":1,""unit"":""credit""}",verified,image-enhancement|topaz,,eip155:8453|eip155:143,,False,https://developer.topazlabs.com/image-models/denoise,https://api.monid.ai/public/v1/providers/topaz/endpoints/image/denoise
topaz,/image/denoise-generative,Denoise Image with Detail Recovery,POST,"{""type"":""PER_UNIT"",""amount"":{""value"":0.1,""currency"":""USD""},""per"":1,""unit"":""credit""}",verified,image-enhancement|topaz,,eip155:8453|eip155:143,,False,https://developer.topazlabs.com/image-models/denoise/max,https://api.monid.ai/public/v1/providers/topaz/endpoints/image/denoise-generative
topaz,/image/lighting,Fix Image Lighting and Color,POST,"{""type"":""PER_UNIT"",""amount"":{""value"":0.1,""currency"":""USD""},""per"":1,""unit"":""credit""}",verified,image-enhancement|topaz,,eip155:8453|eip155:143,,False,https://developer.topazlabs.com/image-models/color-and-lighting,https://api.monid.ai/public/v1/providers/topaz/endpoints/image/lighting
topaz,/image/remove-background,Remove Image Background,POST,"{""type"":""PER_UNIT"",""amount"":{""value"":0.1,""currency"":""USD""},""per"":1,""unit"":""credit""}",verified,image-enhancement|topaz,,eip155:8453|eip155:143,,False,https://developer.topazlabs.com/image-models/removal-and-cleanup/background-removal,https://api.monid.ai/public/v1/providers/topaz/endpoints/image/remove-background
topaz,/image/restore,Restore Old Photo,POST,"{""type"":""PER_UNIT"",""amount"":{""value"":0.1,""currency"":""USD""},""per"":1,""unit"":""credit""}",verified,image-enhancement|topaz,,eip155:8453|eip155:143,,False,https://developer.topazlabs.com/image-models/removal-and-cleanup/dust-and-scratch-2,https://api.monid.ai/public/v1/providers/topaz/endpoints/image/restore
topaz,/image/sharpen,Sharpen Image,POST,"{""type"":""PER_UNIT"",""amount"":{""value"":0.1,""currency"":""USD""},""per"":1,""unit"":""credit""}",verified,image-enhancement|topaz,,eip155:8453|eip155:143,,False,https://developer.topazlabs.com/image-models/sharpen,https://api.monid.ai/public/v1/providers/topaz/endpoints/image/sharpen
topaz,/image/sharpen-generative,Recover Focus in Blurry Image,POST,"{""type"":""PER_UNIT"",""amount"":{""value"":0.1,""currency"":""USD""},""per"":1,""unit"":""credit""}",verified,image-enhancement|topaz,,eip155:8453|eip155:143,,False,https://developer.topazlabs.com/image-models/sharpen/super-focus-3,https://api.monid.ai/public/v1/providers/topaz/endpoints/image/sharpen-generative
topaz,/image/upscale,Upscale Image,POST,"{""type"":""PER_UNIT"",""amount"":{""value"":0.1,""currency"":""USD""},""per"":1,""unit"":""credit""}",verified,image-enhancement|topaz,,eip155:8453|eip155:143,,False,https://developer.topazlabs.com/image-models/gigapixel,https://api.monid.ai/public/v1/providers/topaz/endpoints/image/upscale
topaz,/image/upscale-creative,Upscale Image with Creative Detail,POST,"{""type"":""PER_UNIT"",""amount"":{""value"":0.1,""currency"":""USD""},""per"":1,""unit"":""credit""}",verified,image-enhancement|topaz,,eip155:8453|eip155:143,,False,https://developer.topazlabs.com/image-models/bloom,https://api.monid.ai/public/v1/providers/topaz/endpoints/image/upscale-creative
topaz,/image/upscale-generative,Upscale Image with Realistic Detail,POST,"{""type"":""PER_UNIT"",""amount"":{""value"":0.1,""currency"":""USD""},""per"":1,""unit"":""credit""}",verified,image-enhancement|topaz,,eip155:8453|eip155:143,,False,https://developer.topazlabs.com/image-models/wonder/wonder-3.5-new,https://api.monid.ai/public/v1/providers/topaz/endpoints/image/upscale-generative
topaz,/image/upscale-transparent,Upscale Transparent PNG,POST,"{""type"":""PER_UNIT"",""amount"":{""value"":0.1,""currency"":""USD""},""per"":1,""unit"":""credit""}",verified,image-enhancement|topaz,,eip155:8453|eip155:143,,False,https://developer.topazlabs.com/image-models/gigapixel/transparent-image-upscale,https://api.monid.ai/public/v1/providers/topaz/endpoints/image/upscale-transparent
topaz,/video/colorize,Colorize Black and White Video,POST,"{""type"":""PER_UNIT"",""amount"":{""value"":0.1,""currency"":""USD""},""per"":1,""unit"":""credit""}",verified,topaz|video-enhancement,,eip155:8453|eip155:143,,False,https://developer.topazlabs.com/video-models/video-utilities/video-colorization,https://api.monid.ai/public/v1/providers/topaz/endpoints/video/colorize
topaz,/video/deblur,Remove Motion Blur from Video,POST,"{""type"":""PER_UNIT"",""amount"":{""value"":0.1,""currency"":""USD""},""per"":1,""unit"":""credit""}",verified,topaz|video-enhancement,,eip155:8453|eip155:143,,False,https://developer.topazlabs.com/video-models/video-utilities/themis-2-motion-deblur,https://api.monid.ai/public/v1/providers/topaz/endpoints/video/deblur
topaz,/video/deinterlace,Deinterlace and Upscale Old Footage,POST,"{""type"":""PER_UNIT"",""amount"":{""value"":0.1,""currency"":""USD""},""per"":1,""unit"":""credit""}",verified,topaz|video-enhancement,,eip155:8453|eip155:143,,False,https://developer.topazlabs.com/video-models/proteus/dione,https://api.monid.ai/public/v1/providers/topaz/endpoints/video/deinterlace
topaz,/video/denoise,Denoise Video,POST,"{""type"":""PER_UNIT"",""amount"":{""value"":0.1,""currency"":""USD""},""per"":1,""unit"":""credit""}",verified,topaz|video-enhancement,,eip155:8453|eip155:143,,False,https://developer.topazlabs.com/video-models/denoise,https://api.monid.ai/public/v1/providers/topaz/endpoints/video/denoise
topaz,/video/fix-artifacts,Upscale and Fix Video Artifacts,POST,"{""type"":""PER_UNIT"",""amount"":{""value"":0.1,""currency"":""USD""},""per"":1,""unit"":""credit""}",verified,topaz|video-enhancement,,eip155:8453|eip155:143,,False,https://developer.topazlabs.com/video-models/proteus/artemis,https://api.monid.ai/public/v1/providers/topaz/endpoints/video/fix-artifacts
topaz,/video/frame-interpolation,Slow Motion and Frame Rate Conversion,POST,"{""type"":""PER_UNIT"",""amount"":{""value"":0.1,""currency"":""USD""},""per"":1,""unit"":""credit""}",verified,topaz|video-enhancement,,eip155:8453|eip155:143,,False,https://developer.topazlabs.com/video-models/frame-interpolation/apollo,https://api.monid.ai/public/v1/providers/topaz/endpoints/video/frame-interpolation
topaz,/video/recover-faces,Recover Faces in Video,POST,"{""type"":""PER_UNIT"",""amount"":{""value"":0.1,""currency"":""USD""},""per"":1,""unit"":""credit""}",verified,topaz|video-enhancement,,eip155:8453|eip155:143,,False,https://developer.topazlabs.com/video-models/proteus/iris,https://api.monid.ai/public/v1/providers/topaz/endpoints/video/recover-faces
topaz,/video/sdr-to-hdr,Convert Video from SDR to HDR,POST,"{""type"":""PER_UNIT"",""amount"":{""value"":0.1,""currency"":""USD""},""per"":1,""unit"":""credit""}",verified,topaz|video-enhancement,,eip155:8453|eip155:143,,False,https://developer.topazlabs.com/video-models/video-utilities/hyperion-sdr-to-hdr,https://api.monid.ai/public/v1/providers/topaz/endpoints/video/sdr-to-hdr
topaz,/video/upscale,Upscale Video,POST,"{""type"":""PER_UNIT"",""amount"":{""value"":0.1,""currency"":""USD""},""per"":1,""unit"":""credit""}",verified,topaz|video-enhancement,,eip155:8453|eip155:143,,False,https://developer.topazlabs.com/video-models/proteus,https://api.monid.ai/public/v1/providers/topaz/endpoints/video/upscale
topaz,/video/upscale-animation,Upscale Animation and CG Video,POST,"{""type"":""PER_UNIT"",""amount"":{""value"":0.1,""currency"":""USD""},""per"":1,""unit"":""credit""}",verified,topaz|video-enhancement,,eip155:8453|eip155:143,,False,https://developer.topazlabs.com/video-models/proteus/gaia,https://api.monid.ai/public/v1/providers/topaz/endpoints/video/upscale-animation
topaz,/video/upscale-creative,Upscale Video with Creative Detail,POST,"{""type"":""PER_UNIT"",""amount"":{""value"":0.1,""currency"":""USD""},""per"":1,""unit"":""credit""}",verified,topaz|video-enhancement,,eip155:8453|eip155:143,,False,https://developer.topazlabs.com/video-models/astra/astra-2,https://api.monid.ai/public/v1/providers/topaz/endpoints/video/upscale-creative
topaz,/video/upscale-generative,Upscale Video with Realistic Detail,POST,"{""type"":""PER_UNIT"",""amount"":{""value"":0.1,""currency"":""USD""},""per"":1,""unit"":""credit""}",verified,topaz|video-enhancement,,eip155:8453|eip155:143,,False,https://developer.topazlabs.com/video-models/starlight/starlight-precise-2.6,https://api.monid.ai/public/v1/providers/topaz/endpoints/video/upscale-generative
trustpilot,/get_categories,List categories,GET,"{""type"":""PER_CALL"",""amount"":{""value"":0.01,""currency"":""USD""}}",verified,company-reviews|trustpilot,,eip155:8453|eip155:143,,False,https://parse.bot/marketplace/trustpilot-com-api,https://api.monid.ai/public/v1/providers/trustpilot/endpoints/get_categories
trustpilot,/get_companies_by_category,List companies by category,GET,"{""type"":""PER_CALL"",""amount"":{""value"":0.01,""currency"":""USD""}}",verified,company-reviews|trustpilot,,eip155:8453|eip155:143,,False,https://parse.bot/marketplace/trustpilot-com-api,https://api.monid.ai/public/v1/providers/trustpilot/endpoints/get_companies_by_category
trustpilot,/get_company_overview,Get company overview,GET,"{""type"":""PER_CALL"",""amount"":{""value"":0.03,""currency"":""USD""}}",verified,company-reviews|trustpilot,,eip155:8453|eip155:143,,False,https://parse.bot/marketplace/trustpilot-com-api,https://api.monid.ai/public/v1/providers/trustpilot/endpoints/get_company_overview
trustpilot,/get_company_review_summary,Get review summary,GET,"{""type"":""PER_CALL"",""amount"":{""value"":0.05,""currency"":""USD""}}",verified,company-reviews|trustpilot,,eip155:8453|eip155:143,,False,https://parse.bot/marketplace/trustpilot-com-api,https://api.monid.ai/public/v1/providers/trustpilot/endpoints/get_company_review_summary
trustpilot,/get_company_reviews,Get company reviews,GET,"{""type"":""PER_CALL"",""amount"":{""value"":0.03,""currency"":""USD""}}",verified,company-reviews|trustpilot,,eip155:8453|eip155:143,,False,https://parse.bot/marketplace/trustpilot-com-api,https://api.monid.ai/public/v1/providers/trustpilot/endpoints/get_company_reviews
trustpilot,/get_user_profile,Get reviewer profile,GET,"{""type"":""PER_CALL"",""amount"":{""value"":0.01,""currency"":""USD""}}",verified,company-reviews|trustpilot,,eip155:8453|eip155:143,,False,https://parse.bot/marketplace/trustpilot-com-api,https://api.monid.ai/public/v1/providers/trustpilot/endpoints/get_user_profile
trustpilot,/search_companies,Search companies,GET,"{""type"":""PER_CALL"",""amount"":{""value"":0.03,""currency"":""USD""}}",verified,company-reviews|trustpilot,,eip155:8453|eip155:143,,False,https://parse.bot/marketplace/trustpilot-com-api,https://api.monid.ai/public/v1/providers/trustpilot/endpoints/search_companies
typesafe,/systemone,Jev System One Evaluation,POST,"{""type"":""PER_UNIT_MATRIX"",""amount"":{""value"":0.042,""currency"":""USD""},""selectors"":[{""label"":""Model"",""key"":""model"",""in"":""body""}],""variants"":[{""when"":{""model"":""jev-latest""},""price"":{""type"":""PER_UNIT"",""amount"":{""value"":0.042,""currency"":""USD""},""per"":1000000,""unit"":""token""},""label"":""jev-latest \u2014 current stable release (alias)""},{""when"":{""model"":""jev-preview""},""price"":{""type"":""PER_UNIT"",""amount"":{""value"":0.042,""currency"":""USD""},""per"":1000000,""unit"":""token""},""label"":""jev-preview \u2014 newest release, including previews (alias)""},{""when"":{""model"":""jev-1.13.0""},""price"":{""type"":""PER_UNIT"",""amount"":{""value"":0.042,""currency"":""USD""},""per"":1000000,""unit"":""token""},""label"":""jev-1.13.0 \u2014 pinned version""}]}",verified,decision-models|typesafe,,eip155:8453|eip155:143,,False,https://docs.typesafe.ai/api,https://api.monid.ai/public/v1/providers/typesafe/endpoints/systemone
vaquill,/us/statutes/count,Count Sections in Scope,POST,"{""type"":""PER_CALL"",""amount"":{""value"":0.01,""currency"":""USD""}}",verified,legal-research|vaquill,,eip155:8453|eip155:143,,False,https://www.vaquill.ai/docs/api-reference/us-statutes/count-the-sections-in-a-scope,https://api.monid.ai/public/v1/providers/vaquill/endpoints/us/statutes/count
vaquill,/us/statutes/coverage,List Corpus Coverage,GET,"{""type"":""PER_CALL"",""amount"":{""value"":0,""currency"":""USD""}}",verified,legal-research|vaquill,,eip155:8453|eip155:143,,False,https://www.vaquill.ai/docs/api-reference/us-statutes/coverage-matrix-by-jurisdiction-and-corpustype,https://api.monid.ai/public/v1/providers/vaquill/endpoints/us/statutes/coverage
vaquill,/us/statutes/divisions,Browse Statutory Hierarchy,GET,"{""type"":""PER_CALL"",""amount"":{""value"":0.01,""currency"":""USD""}}",verified,legal-research|vaquill,,eip155:8453|eip155:143,,False,https://www.vaquill.ai/docs/api-reference/us-statutes/browse-the-statutory-hierarchy,https://api.monid.ai/public/v1/providers/vaquill/endpoints/us/statutes/divisions
vaquill,/us/statutes/resolve,Resolve Legal Citations,POST,"{""type"":""PER_RESULT"",""amount"":{""value"":0.02,""currency"":""USD""}}",verified,legal-research|vaquill,,eip155:8453|eip155:143,,False,https://www.vaquill.ai/docs/api-reference/us-statutes/resolve-many-citations-at-once,https://api.monid.ai/public/v1/providers/vaquill/endpoints/us/statutes/resolve
vaquill,/us/statutes/search,Search US Law,POST,"{""type"":""TIERED"",""amount"":{""value"":0.04,""currency"":""USD""},""default"":{""type"":""PER_CALL"",""amount"":{""value"":0.04,""currency"":""USD""}},""tiers"":[{""label"":""Inline full text"",""when"":{""includeBody"":true},""selector"":{""label"":""Inline full text"",""key"":""bodyUnits"",""in"":""output""},""price"":{""type"":""PER_CALL"",""amount"":{""value"":0.06,""currency"":""USD""}}}]}",verified,legal-research|vaquill,,eip155:8453|eip155:143,,False,https://www.vaquill.ai/docs/api-reference/us-statutes/search-us-statutes-constitutions-court-rules-and-executive-actions,https://api.monid.ai/public/v1/providers/vaquill/endpoints/us/statutes/search
vaquill,/us/statutes/section/{act_id},Get Section Metadata,GET,"{""type"":""PER_CALL"",""amount"":{""value"":0.02,""currency"":""USD""}}",verified,legal-research|vaquill,,eip155:8453|eip155:143,,False,https://www.vaquill.ai/docs/api-reference/us-statutes/get-statute-section-metadata,https://api.monid.ai/public/v1/providers/vaquill/endpoints/us/statutes/section/%7Bact_id%7D
vaquill,/us/statutes/section/{act_id}/body,Get Section Text,GET,"{""type"":""PER_CALL"",""amount"":{""value"":0.06,""currency"":""USD""}}",verified,legal-research|vaquill,,eip155:8453|eip155:143,,False,https://www.vaquill.ai/docs/api-reference/us-statutes/get-statute-full-text,https://api.monid.ai/public/v1/providers/vaquill/endpoints/us/statutes/section/%7Bact_id%7D/body
vaquill,/us/statutes/section/{act_id}/changes,Get Section Change History,GET,"{""type"":""PER_CALL"",""amount"":{""value"":0.01,""currency"":""USD""}}",verified,legal-research|vaquill,,eip155:8453|eip155:143,,False,https://www.vaquill.ai/docs/api-reference/us-statutes/get-this-sections-change-history,https://api.monid.ai/public/v1/providers/vaquill/endpoints/us/statutes/section/%7Bact_id%7D/changes
vaquill,/us/statutes/section/{act_id}/cited-by,Find Citing Sections,GET,"{""type"":""PER_CALL"",""amount"":{""value"":0.02,""currency"":""USD""}}",verified,legal-research|vaquill,,eip155:8453|eip155:143,,False,https://www.vaquill.ai/docs/api-reference/us-statutes/find-the-sections-that-cite-this-one,https://api.monid.ai/public/v1/providers/vaquill/endpoints/us/statutes/section/%7Bact_id%7D/cited-by
vaquill,/us/statutes/section/{act_id}/cross-state,Compare Across States,GET,"{""type"":""PER_CALL"",""amount"":{""value"":0.06,""currency"":""USD""}}",verified,legal-research|vaquill,,eip155:8453|eip155:143,,False,https://www.vaquill.ai/docs/api-reference/us-statutes/compare-this-provision-against-other-states,https://api.monid.ai/public/v1/providers/vaquill/endpoints/us/statutes/section/%7Bact_id%7D/cross-state
vaquill,/us/statutes/section/{act_id}/definitions,Get Defined Terms,GET,"{""type"":""PER_CALL"",""amount"":{""value"":0.04,""currency"":""USD""}}",verified,legal-research|vaquill,,eip155:8453|eip155:143,,False,https://www.vaquill.ai/docs/api-reference/us-statutes/get-the-defined-terms-that-govern-this-section,https://api.monid.ai/public/v1/providers/vaquill/endpoints/us/statutes/section/%7Bact_id%7D/definitions
vaquill,/us/statutes/section/{act_id}/related,Get Neighboring Sections,GET,"{""type"":""PER_CALL"",""amount"":{""value"":0.02,""currency"":""USD""}}",verified,legal-research|vaquill,,eip155:8453|eip155:143,,False,https://www.vaquill.ai/docs/api-reference/us-statutes/get-the-sections-around-this-one,https://api.monid.ai/public/v1/providers/vaquill/endpoints/us/statutes/section/%7Bact_id%7D/related
vaquill,/us/statutes/sections,Get Sections in Bulk,POST,"{""type"":""TIERED"",""amount"":{""value"":0.02,""currency"":""USD""},""default"":{""type"":""PER_RESULT"",""amount"":{""value"":0.02,""currency"":""USD""}},""tiers"":[{""label"":""Inline full text"",""when"":{""includeBody"":true},""selector"":{""label"":""Inline full text"",""key"":""bodyUnits"",""in"":""output""},""price"":{""type"":""PER_CALL"",""amount"":{""value"":0.06,""currency"":""USD""}}}]}",verified,legal-research|vaquill,,eip155:8453|eip155:143,,False,https://www.vaquill.ai/docs/api-reference/us-statutes/get-metadata-for-many-statute-sections,https://api.monid.ai/public/v1/providers/vaquill/endpoints/us/statutes/sections
weather-underground,/get_airport_temperature_updates_batch,get_airport_temperature_updates_batch,GET,"{""type"":""PER_CALL"",""amount"":{""value"":0.01,""currency"":""USD""}}",verified,weather|weather-underground,,eip155:8453|eip155:143,,False,https://parse.bot/marketplace/wunderground-com-api,https://api.monid.ai/public/v1/providers/weather-underground/endpoints/get_airport_temperature_updates_batch
weather-underground,/get_current_weather,Get current conditions,GET,"{""type"":""PER_CALL"",""amount"":{""value"":0.01,""currency"":""USD""}}",verified,weather|weather-underground,,eip155:8453|eip155:143,,False,https://parse.bot/marketplace/wunderground-com-api,https://api.monid.ai/public/v1/providers/weather-underground/endpoints/get_current_weather
weather-underground,/get_forecast,Get forecast,GET,"{""type"":""PER_CALL"",""amount"":{""value"":0.02,""currency"":""USD""}}",verified,weather|weather-underground,,eip155:8453|eip155:143,,False,https://parse.bot/marketplace/wunderground-com-api,https://api.monid.ai/public/v1/providers/weather-underground/endpoints/get_forecast
weather-underground,/get_historical_airport,Get airport station history,GET,"{""type"":""PER_CALL"",""amount"":{""value"":0.01,""currency"":""USD""}}",verified,weather|weather-underground,,eip155:8453|eip155:143,,False,https://parse.bot/marketplace/wunderground-com-api,https://api.monid.ai/public/v1/providers/weather-underground/endpoints/get_historical_airport
weather-underground,/get_historical_airport_daily_maxima,Get daily maxima,GET,"{""type"":""PER_CALL"",""amount"":{""value"":0.01,""currency"":""USD""}}",verified,weather|weather-underground,,eip155:8453|eip155:143,,False,https://parse.bot/marketplace/wunderground-com-api,https://api.monid.ai/public/v1/providers/weather-underground/endpoints/get_historical_airport_daily_maxima
weather-underground,/get_historical_airport_temperature_series,Get temperature series,GET,"{""type"":""PER_CALL"",""amount"":{""value"":0.01,""currency"":""USD""}}",verified,weather|weather-underground,,eip155:8453|eip155:143,,False,https://parse.bot/marketplace/wunderground-com-api,https://api.monid.ai/public/v1/providers/weather-underground/endpoints/get_historical_airport_temperature_series
weather-underground,/get_monthly_observations,Get monthly observations,GET,"{""type"":""PER_CALL"",""amount"":{""value"":0.01,""currency"":""USD""}}",verified,weather|weather-underground,,eip155:8453|eip155:143,,False,https://parse.bot/marketplace/wunderground-com-api,https://api.monid.ai/public/v1/providers/weather-underground/endpoints/get_monthly_observations
weather-underground,/get_pws_hourly_history,Get station hourly history,GET,"{""type"":""PER_CALL"",""amount"":{""value"":0.01,""currency"":""USD""}}",verified,weather|weather-underground,,eip155:8453|eip155:143,,False,https://parse.bot/marketplace/wunderground-com-api,https://api.monid.ai/public/v1/providers/weather-underground/endpoints/get_pws_hourly_history
weather-underground,/search,Search locations,GET,"{""type"":""PER_CALL"",""amount"":{""value"":0.01,""currency"":""USD""}}",verified,weather|weather-underground,,eip155:8453|eip155:143,,False,https://parse.bot/marketplace/wunderground-com-api,https://api.monid.ai/public/v1/providers/weather-underground/endpoints/search
weather-underground,/search_nearby_stations,Find nearby stations,GET,"{""type"":""PER_CALL"",""amount"":{""value"":0.01,""currency"":""USD""}}",verified,weather|weather-underground,,eip155:8453|eip155:143,,False,https://parse.bot/marketplace/wunderground-com-api,https://api.monid.ai/public/v1/providers/weather-underground/endpoints/search_nearby_stations
web3.career,/get_company_jobs,List jobs at a company,GET,"{""type"":""PER_CALL"",""amount"":{""value"":0.01,""currency"":""USD""}}",verified,jobs|web3-career,,eip155:8453|eip155:143,,False,https://parse.bot/marketplace/web3-career-api,https://api.monid.ai/public/v1/providers/web3.career/endpoints/get_company_jobs
web3.career,/get_intelligence_report,Get market intelligence report,GET,"{""type"":""PER_CALL"",""amount"":{""value"":0.01,""currency"":""USD""}}",verified,jobs|web3-career,,eip155:8453|eip155:143,,False,https://parse.bot/marketplace/web3-career-api,https://api.monid.ai/public/v1/providers/web3.career/endpoints/get_intelligence_report
web3.career,/get_job_detail,Get job detail,GET,"{""type"":""PER_CALL"",""amount"":{""value"":0.01,""currency"":""USD""}}",verified,jobs|web3-career,,eip155:8453|eip155:143,,False,https://parse.bot/marketplace/web3-career-api,https://api.monid.ai/public/v1/providers/web3.career/endpoints/get_job_detail
web3.career,/get_job_listings,List job postings,GET,"{""type"":""PER_CALL"",""amount"":{""value"":0.01,""currency"":""USD""}}",verified,jobs|web3-career,,eip155:8453|eip155:143,,False,https://parse.bot/marketplace/web3-career-api,https://api.monid.ai/public/v1/providers/web3.career/endpoints/get_job_listings
web3.career,/get_jobs_by_tag,List jobs by tag,GET,"{""type"":""PER_CALL"",""amount"":{""value"":0.01,""currency"":""USD""}}",verified,jobs|web3-career,,eip155:8453|eip155:143,,False,https://parse.bot/marketplace/web3-career-api,https://api.monid.ai/public/v1/providers/web3.career/endpoints/get_jobs_by_tag
web3.career,/get_remote_jobs,List remote jobs,GET,"{""type"":""PER_CALL"",""amount"":{""value"":0.01,""currency"":""USD""}}",verified,jobs|web3-career,,eip155:8453|eip155:143,,False,https://parse.bot/marketplace/web3-career-api,https://api.monid.ai/public/v1/providers/web3.career/endpoints/get_remote_jobs
web3.career,/get_web3_companies,List Web3 companies,GET,"{""type"":""PER_CALL"",""amount"":{""value"":0.01,""currency"":""USD""}}",verified,jobs|web3-career,,eip155:8453|eip155:143,,False,https://parse.bot/marketplace/web3-career-api,https://api.monid.ai/public/v1/providers/web3.career/endpoints/get_web3_companies
web3.career,/get_web3_salaries,Get Web3 salaries,GET,"{""type"":""PER_CALL"",""amount"":{""value"":0.01,""currency"":""USD""}}",verified,jobs|web3-career,,eip155:8453|eip155:143,,False,https://parse.bot/marketplace/web3-career-api,https://api.monid.ai/public/v1/providers/web3.career/endpoints/get_web3_salaries
web3.career,/search_jobs,Search jobs,GET,"{""type"":""PER_CALL"",""amount"":{""value"":0.01,""currency"":""USD""}}",verified,jobs|web3-career,,eip155:8453|eip155:143,,False,https://parse.bot/marketplace/web3-career-api,https://api.monid.ai/public/v1/providers/web3.career/endpoints/search_jobs
wellfound,/get_company_jobs,List jobs at a startup,GET,"{""type"":""PER_CALL"",""amount"":{""value"":0.02,""currency"":""USD""}}",verified,jobs|wellfound,,eip155:8453|eip155:143,,False,https://parse.bot/marketplace/wellfound-com-api,https://api.monid.ai/public/v1/providers/wellfound/endpoints/get_company_jobs
wellfound,/get_company_profile,Get startup profile,GET,"{""type"":""PER_CALL"",""amount"":{""value"":0.02,""currency"":""USD""}}",verified,jobs|wellfound,,eip155:8453|eip155:143,,False,https://parse.bot/marketplace/wellfound-com-api,https://api.monid.ai/public/v1/providers/wellfound/endpoints/get_company_profile
wellfound,/get_job_application_form,get_job_application_form,GET,"{""type"":""PER_CALL"",""amount"":{""value"":0.1,""currency"":""USD""}}",verified,jobs|wellfound,,eip155:8453|eip155:143,,False,https://parse.bot/marketplace/wellfound-com-api,https://api.monid.ai/public/v1/providers/wellfound/endpoints/get_job_application_form
wellfound,/get_job_autocomplete_roles,Autocomplete job roles,GET,"{""type"":""PER_CALL"",""amount"":{""value"":0.01,""currency"":""USD""}}",verified,jobs|wellfound,,eip155:8453|eip155:143,,False,https://parse.bot/marketplace/wellfound-com-api,https://api.monid.ai/public/v1/providers/wellfound/endpoints/get_job_autocomplete_roles
wellfound,/get_job_details,Get job detail,GET,"{""type"":""PER_CALL"",""amount"":{""value"":0.01,""currency"":""USD""}}",verified,jobs|wellfound,,eip155:8453|eip155:143,,False,https://parse.bot/marketplace/wellfound-com-api,https://api.monid.ai/public/v1/providers/wellfound/endpoints/get_job_details
wellfound,/get_trending_jobs,List trending jobs,GET,"{""type"":""PER_CALL"",""amount"":{""value"":0.01,""currency"":""USD""}}",verified,jobs|wellfound,,eip155:8453|eip155:143,,False,https://parse.bot/marketplace/wellfound-com-api,https://api.monid.ai/public/v1/providers/wellfound/endpoints/get_trending_jobs
wellfound,/get_trending_startups,List trending startups,GET,"{""type"":""PER_CALL"",""amount"":{""value"":0.02,""currency"":""USD""}}",verified,jobs|wellfound,,eip155:8453|eip155:143,,False,https://parse.bot/marketplace/wellfound-com-api,https://api.monid.ai/public/v1/providers/wellfound/endpoints/get_trending_startups
wellfound,/search_jobs,Search startup jobs,GET,"{""type"":""PER_CALL"",""amount"":{""value"":0.03,""currency"":""USD""}}",verified,jobs|wellfound,,eip155:8453|eip155:143,,False,https://parse.bot/marketplace/wellfound-com-api,https://api.monid.ai/public/v1/providers/wellfound/endpoints/search_jobs
www.capminal.ai,/api/x402/research,Research,GET,"{""type"":""PER_CALL"",""amount"":{""value"":0.011,""currency"":""USD""}}",,,,eip155:8453|eip155:143,,False,https://www.capminal.ai/api/x402/research,https://api.monid.ai/public/v1/providers/www.capminal.ai/endpoints/api/x402/research
x402.browserbase.com,/browser/session/create,Create,POST,"{""type"":""PER_CALL"",""amount"":{""value"":0.011,""currency"":""USD""}}",verified,browser-automation|browserbase,,eip155:8453|eip155:143,,False,https://x402.browserbase.com/browser/session/create,https://api.monid.ai/public/v1/providers/x402.browserbase.com/endpoints/browser/session/create
x402.browserbase.com,/browser/session/sess_7f3a9c2e/extend,Extend,POST,"{""type"":""PER_CALL"",""amount"":{""value"":0.011,""currency"":""USD""}}",verified,browser-automation|browserbase,,eip155:8453|eip155:143,,False,https://x402.browserbase.com/browser/session/sess_7f3a9c2e/extend,https://api.monid.ai/public/v1/providers/x402.browserbase.com/endpoints/browser/session/sess_7f3a9c2e/extend
x402.browserbase.com,/browser/session/sess_7f3a9c2e1b4d/extend,Extend,POST,"{""type"":""PER_CALL"",""amount"":{""value"":0.011,""currency"":""USD""}}",verified,browser-automation|browserbase,,eip155:8453|eip155:143,,False,https://x402.browserbase.com/browser/session/sess_7f3a9c2e1b4d/extend,https://api.monid.ai/public/v1/providers/x402.browserbase.com/endpoints/browser/session/sess_7f3a9c2e1b4d/extend
x402.browserbase.com,/browser/session/sess_7f3a9c2e1b8d4f6a/extend,Extend,POST,"{""type"":""PER_CALL"",""amount"":{""value"":0.011,""currency"":""USD""}}",verified,browser-automation|browserbase,,eip155:8453|eip155:143,,False,https://x402.browserbase.com/browser/session/sess_7f3a9c2e1b8d4f6a/extend,https://api.monid.ai/public/v1/providers/x402.browserbase.com/endpoints/browser/session/sess_7f3a9c2e1b8d4f6a/extend
x402.browserbase.com,/browser/session/sess_7f3a9d2e1b48c6/extend,Extend,POST,"{""type"":""PER_CALL"",""amount"":{""value"":0.011,""currency"":""USD""}}",verified,browser-automation|browserbase,,eip155:8453|eip155:143,,False,https://x402.browserbase.com/browser/session/sess_7f3a9d2e1b48c6/extend,https://api.monid.ai/public/v1/providers/x402.browserbase.com/endpoints/browser/session/sess_7f3a9d2e1b48c6/extend
x402.browserbase.com,/browser/session/sess_8f3a2b91-random-test-id/extend,Extend,POST,"{""type"":""PER_CALL"",""amount"":{""value"":0.011,""currency"":""USD""}}",verified,browser-automation|browserbase,,eip155:8453|eip155:143,,False,https://x402.browserbase.com/browser/session/sess_8f3a2b91-random-test-id/extend,https://api.monid.ai/public/v1/providers/x402.browserbase.com/endpoints/browser/session/sess_8f3a2b91-random-test-id/extend
x402.browserbase.com,/browser/session/session_3af76894-52db-4722-9d21-03e18ff366da/extend,Extend,POST,"{""type"":""PER_CALL"",""amount"":{""value"":0.011,""currency"":""USD""}}",verified,browser-automation|browserbase,,eip155:8453|eip155:143,,False,https://x402.browserbase.com/browser/session/session_3af76894-52db-4722-9d21-03e18ff366da/extend,https://api.monid.ai/public/v1/providers/x402.browserbase.com/endpoints/browser/session/session_3af76894-52db-4722-9d21-03e18ff366da/extend
x402.browserbase.com,/browser/session/session_77578795-4fbb-40c4-a9d2-ac64a9fb0150/extend,Extend,POST,"{""type"":""PER_CALL"",""amount"":{""value"":0.011,""currency"":""USD""}}",verified,browser-automation|browserbase,,eip155:8453|eip155:143,,False,https://x402.browserbase.com/browser/session/session_77578795-4fbb-40c4-a9d2-ac64a9fb0150/extend,https://api.monid.ai/public/v1/providers/x402.browserbase.com/endpoints/browser/session/session_77578795-4fbb-40c4-a9d2-ac64a9fb0150/extend
x402.browserbase.com,/browser/session/session_7982a8bc-9ca2-4314-9527-355e3f46fc8c/extend,Extend,POST,"{""type"":""PER_CALL"",""amount"":{""value"":0.011,""currency"":""USD""}}",verified,browser-automation|browserbase,,eip155:8453|eip155:143,,False,https://x402.browserbase.com/browser/session/session_7982a8bc-9ca2-4314-9527-355e3f46fc8c/extend,https://api.monid.ai/public/v1/providers/x402.browserbase.com/endpoints/browser/session/session_7982a8bc-9ca2-4314-9527-355e3f46fc8c/extend
x402.browserbase.com,/browser/session/test-session-4471/extend,Extend,POST,"{""type"":""PER_CALL"",""amount"":{""value"":0.011,""currency"":""USD""}}",verified,browser-automation|browserbase,,eip155:8453|eip155:143,,False,https://x402.browserbase.com/browser/session/test-session-4471/extend,https://api.monid.ai/public/v1/providers/x402.browserbase.com/endpoints/browser/session/test-session-4471/extend
x402.browserbase.com,/fetch,Fetch,POST,"{""type"":""PER_CALL"",""amount"":{""value"":0.011,""currency"":""USD""}}",verified,browser-automation|browserbase,,eip155:8453|eip155:143,,False,https://x402.browserbase.com/fetch,https://api.monid.ai/public/v1/providers/x402.browserbase.com/endpoints/fetch
x402.browserbase.com,/search,Search,POST,"{""type"":""PER_CALL"",""amount"":{""value"":0.011,""currency"":""USD""}}",verified,browser-automation|browserbase,,eip155:8453|eip155:143,,False,https://x402.browserbase.com/search,https://api.monid.ai/public/v1/providers/x402.browserbase.com/endpoints/search
x402.quicknode.com,/base-mainnet,QuickNode (x402),POST,"{""type"":""PER_CALL"",""amount"":{""value"":1.1,""currency"":""USD""}}",,onchain-data|quicknode,,eip155:8453|eip155:143,,False,https://x402.quicknode.com/base-mainnet,https://api.monid.ai/public/v1/providers/x402.quicknode.com/endpoints/base-mainnet
x402.quicknode.com,/solana-mainnet,Solana Mainnet,POST,"{""type"":""PER_CALL"",""amount"":{""value"":1.1,""currency"":""USD""}}",,onchain-data|quicknode,,eip155:8453|eip155:143,,False,https://x402.quicknode.com/solana-mainnet,https://api.monid.ai/public/v1/providers/x402.quicknode.com/endpoints/solana-mainnet
yahoo-finance,/get_closing_price,get_closing_price,GET,"{""type"":""PER_CALL"",""amount"":{""value"":0.05,""currency"":""USD""}}",verified,equities|yahoo-finance,,eip155:8453|eip155:143,,False,https://parse.bot/marketplace/yahoofinance-com-api,https://api.monid.ai/public/v1/providers/yahoo-finance/endpoints/get_closing_price
yahoo-finance,/get_company_profile,Get company profile,GET,"{""type"":""PER_CALL"",""amount"":{""value"":0.05,""currency"":""USD""}}",verified,equities|yahoo-finance,,eip155:8453|eip155:143,,False,https://parse.bot/marketplace/yahoofinance-com-api,https://api.monid.ai/public/v1/providers/yahoo-finance/endpoints/get_company_profile
yahoo-finance,/get_historical_data,Get historical prices,GET,"{""type"":""PER_CALL"",""amount"":{""value"":0.05,""currency"":""USD""}}",verified,equities|yahoo-finance,,eip155:8453|eip155:143,,False,https://parse.bot/marketplace/yahoofinance-com-api,https://api.monid.ai/public/v1/providers/yahoo-finance/endpoints/get_historical_data
yahoo-finance,/get_quote,Get quote,GET,"{""type"":""PER_CALL"",""amount"":{""value"":0.05,""currency"":""USD""}}",verified,equities|yahoo-finance,,eip155:8453|eip155:143,,False,https://parse.bot/marketplace/yahoofinance-com-api,https://api.monid.ai/public/v1/providers/yahoo-finance/endpoints/get_quote
yahoo-finance,/get_stock_news,Get market news,GET,"{""type"":""PER_CALL"",""amount"":{""value"":0.05,""currency"":""USD""}}",verified,equities|yahoo-finance,,eip155:8453|eip155:143,,False,https://parse.bot/marketplace/yahoofinance-com-api,https://api.monid.ai/public/v1/providers/yahoo-finance/endpoints/get_stock_news
yahoo-finance,/search_tickers,Search tickers,GET,"{""type"":""PER_CALL"",""amount"":{""value"":0.05,""currency"":""USD""}}",verified,equities|yahoo-finance,,eip155:8453|eip155:143,,False,https://parse.bot/marketplace/yahoofinance-com-api,https://api.monid.ai/public/v1/providers/yahoo-finance/endpoints/search_tickers
ycombinator,/get_company,Get YC company profile,GET,"{""type"":""PER_CALL"",""amount"":{""value"":0.01,""currency"":""USD""}}",verified,company-enrichment|ycombinator,,eip155:8453|eip155:143,,False,https://parse.bot/marketplace/ycombinator-com-api,https://api.monid.ai/public/v1/providers/ycombinator/endpoints/get_company
ycombinator,/get_partners,List YC partners,GET,"{""type"":""PER_CALL"",""amount"":{""value"":0.01,""currency"":""USD""}}",verified,people-enrichment|ycombinator,,eip155:8453|eip155:143,,False,https://parse.bot/marketplace/ycombinator-com-api,https://api.monid.ai/public/v1/providers/ycombinator/endpoints/get_partners
ycombinator,/get_person_detail,Get YC partner profile,GET,"{""type"":""PER_CALL"",""amount"":{""value"":0.01,""currency"":""USD""}}",verified,people-enrichment|ycombinator,,eip155:8453|eip155:143,,False,https://parse.bot/marketplace/ycombinator-com-api,https://api.monid.ai/public/v1/providers/ycombinator/endpoints/get_person_detail
ycombinator,/search_companies,Search YC companies,GET,"{""type"":""PER_CALL"",""amount"":{""value"":0.01,""currency"":""USD""}}",verified,company-enrichment|ycombinator,,eip155:8453|eip155:143,,False,https://parse.bot/marketplace/ycombinator-com-api,https://api.monid.ai/public/v1/providers/ycombinator/endpoints/search_companies
ycombinator,/search_founders,Search YC founders,GET,"{""type"":""PER_CALL"",""amount"":{""value"":0.01,""currency"":""USD""}}",verified,people-enrichment|ycombinator,,eip155:8453|eip155:143,,False,https://parse.bot/marketplace/ycombinator-com-api,https://api.monid.ai/public/v1/providers/ycombinator/endpoints/search_founders
ycombinator,/search_jobs,Search YC startup jobs,GET,"{""type"":""PER_CALL"",""amount"":{""value"":0.01,""currency"":""USD""}}",verified,jobs|ycombinator,,eip155:8453|eip155:143,,False,https://parse.bot/marketplace/ycombinator-com-api,https://api.monid.ai/public/v1/providers/ycombinator/endpoints/search_jobs
zillow,/get_agent_profile,Get agent profile,GET,"{""type"":""PER_CALL"",""amount"":{""value"":0.01,""currency"":""USD""}}",verified,real-estate|zillow,,eip155:8453|eip155:143,,False,https://parse.bot/marketplace/zillow-com-api,https://api.monid.ai/public/v1/providers/zillow/endpoints/get_agent_profile
zillow,/get_mortgage_rates,Get mortgage rates,GET,"{""type"":""PER_CALL"",""amount"":{""value"":0.05,""currency"":""USD""}}",verified,real-estate|zillow,,eip155:8453|eip155:143,,False,https://parse.bot/marketplace/zillow-com-api,https://api.monid.ai/public/v1/providers/zillow/endpoints/get_mortgage_rates
zillow,/get_property_details,Get property details,GET,"{""type"":""PER_CALL"",""amount"":{""value"":0.01,""currency"":""USD""}}",verified,real-estate|zillow,,eip155:8453|eip155:143,,False,https://parse.bot/marketplace/zillow-com-api,https://api.monid.ai/public/v1/providers/zillow/endpoints/get_property_details
zillow,/get_zestimate,Get Zestimate valuation,GET,"{""type"":""PER_CALL"",""amount"":{""value"":0.03,""currency"":""USD""}}",verified,real-estate|zillow,,eip155:8453|eip155:143,,False,https://parse.bot/marketplace/zillow-com-api,https://api.monid.ai/public/v1/providers/zillow/endpoints/get_zestimate
zillow,/search_agents,Search agents,GET,"{""type"":""PER_CALL"",""amount"":{""value"":0.01,""currency"":""USD""}}",verified,real-estate|zillow,,eip155:8453|eip155:143,,False,https://parse.bot/marketplace/zillow-com-api,https://api.monid.ai/public/v1/providers/zillow/endpoints/search_agents
zillow,/search_homes_for_rent,Search homes for rent,GET,"{""type"":""PER_CALL"",""amount"":{""value"":0.03,""currency"":""USD""}}",verified,real-estate|zillow,,eip155:8453|eip155:143,,False,https://parse.bot/marketplace/zillow-com-api,https://api.monid.ai/public/v1/providers/zillow/endpoints/search_homes_for_rent
zillow,/search_homes_for_sale,Search homes for sale,GET,"{""type"":""PER_CALL"",""amount"":{""value"":0.05,""currency"":""USD""}}",verified,real-estate|zillow,,eip155:8453|eip155:143,,False,https://parse.bot/marketplace/zillow-com-api,https://api.monid.ai/public/v1/providers/zillow/endpoints/search_homes_for_sale
zillow,/search_recently_sold,Search recently sold homes,GET,"{""type"":""PER_CALL"",""amount"":{""value"":0.05,""currency"":""USD""}}",verified,real-estate|zillow,,eip155:8453|eip155:143,,False,https://parse.bot/marketplace/zillow-com-api,https://api.monid.ai/public/v1/providers/zillow/endpoints/search_recently_sold
