id,provider,endpoint,display_name,method,upstream_url,origin,auth,auth_key,credential_field,credential_schema_fields,input_locations,class,input_transform,lifecycle_start,lifecycle_poll,lifecycle_stop,owned_resource,response_transform,error_transform,usage_consolidate,usage_kind,complex_query_fields,workflow_extra_keywords,workflow_type_union,hook_free_http_shape,conservative_conversion_example,present_in_release,hosted_exact_match,hosted_match_with_declared_provider_alias,categories,docs_url,source_url
ahrefs#site-explorer/ai-responses-count,ahrefs,/site-explorer/ai-responses-count,AI Answer Citations,GET,https://api.ahrefs.com/v3/site-explorer/ai-responses-count,https://api.ahrefs.com,bearer,Authorization,apiKey,apiKey,queryParams,start_hook_adapter,True,True,False,False,False,False,True,True,COMPOSITE,,$schema|format|maxLength|minLength|pattern,False,False,False,True,True,True,geo,https://docs.ahrefs.com/en/api/reference/site-explorer/get-ai-responses-count,https://github.com/monid-ai/monid/blob/c57aa3d4b2036f518cbc7d3879a097ac1c8af4ea/connectors/ahrefs/endpoints/ai-responses-count/endpoint.ts
ahrefs#site-explorer/all-backlinks,ahrefs,/site-explorer/all-backlinks,Backlinks,GET,https://api.ahrefs.com/v3/site-explorer/all-backlinks,https://api.ahrefs.com,bearer,Authorization,apiKey,apiKey,queryParams,start_hook_adapter,True,True,False,False,False,False,True,True,COMPOSITE,,$schema|maximum|minLength|minimum|pattern,False,False,False,True,True,True,seo,https://docs.ahrefs.com/en/api/reference/site-explorer/get-all-backlinks,https://github.com/monid-ai/monid/blob/c57aa3d4b2036f518cbc7d3879a097ac1c8af4ea/connectors/ahrefs/endpoints/all-backlinks/endpoint.ts
ahrefs#site-explorer/anchors,ahrefs,/site-explorer/anchors,Backlink Anchors,GET,https://api.ahrefs.com/v3/site-explorer/anchors,https://api.ahrefs.com,bearer,Authorization,apiKey,apiKey,queryParams,start_hook_adapter,True,True,False,False,False,False,True,True,COMPOSITE,,$schema|maximum|minLength|minimum|pattern,False,False,False,True,True,True,seo,https://docs.ahrefs.com/en/api/reference/site-explorer/get-anchors,https://github.com/monid-ai/monid/blob/c57aa3d4b2036f518cbc7d3879a097ac1c8af4ea/connectors/ahrefs/endpoints/all-backlinks/endpoint.ts
ahrefs#site-explorer/backlinks-stats,ahrefs,/site-explorer/backlinks-stats,Backlink Totals,GET,https://api.ahrefs.com/v3/site-explorer/backlinks-stats,https://api.ahrefs.com,bearer,Authorization,apiKey,apiKey,queryParams,start_hook_adapter,False,True,False,False,False,False,True,True,COMPOSITE,,$schema|format|minLength|pattern,False,False,False,True,True,True,seo,https://docs.ahrefs.com/en/api/reference/site-explorer/get-backlinks-stats,https://github.com/monid-ai/monid/blob/c57aa3d4b2036f518cbc7d3879a097ac1c8af4ea/connectors/ahrefs/endpoints/ai-responses-count/endpoint.ts
ahrefs#batch-analysis/batch-analysis,ahrefs,/batch-analysis/batch-analysis,Batch Target Analysis,POST,https://api.ahrefs.com/v3/batch-analysis/batch-analysis,https://api.ahrefs.com,bearer,Authorization,apiKey,apiKey,body,start_hook_adapter,True,True,False,False,False,False,True,True,COMPOSITE,,$schema|maxItems|maxLength|minItems|minLength,False,False,False,True,True,True,seo,https://docs.ahrefs.com/en/api/reference/batch-analysis/post-batch-analysis,https://github.com/monid-ai/monid/blob/c57aa3d4b2036f518cbc7d3879a097ac1c8af4ea/connectors/ahrefs/endpoints/batch-analysis/endpoint.ts
ahrefs#site-explorer/broken-backlinks,ahrefs,/site-explorer/broken-backlinks,Broken Backlinks,GET,https://api.ahrefs.com/v3/site-explorer/broken-backlinks,https://api.ahrefs.com,bearer,Authorization,apiKey,apiKey,queryParams,start_hook_adapter,True,True,False,False,False,False,True,True,COMPOSITE,,$schema|maximum|minLength|minimum|pattern,False,False,False,True,True,True,seo,https://docs.ahrefs.com/en/api/reference/site-explorer/get-broken-backlinks,https://github.com/monid-ai/monid/blob/c57aa3d4b2036f518cbc7d3879a097ac1c8af4ea/connectors/ahrefs/endpoints/all-backlinks/endpoint.ts
ahrefs#site-explorer/crawled-pages,ahrefs,/site-explorer/crawled-pages,Crawled Pages,GET,https://api.ahrefs.com/v3/site-explorer/crawled-pages,https://api.ahrefs.com,bearer,Authorization,apiKey,apiKey,queryParams,start_hook_adapter,True,True,False,False,False,False,True,True,COMPOSITE,,$schema|maximum|minLength|minimum|pattern,False,False,False,True,True,True,seo,https://docs.ahrefs.com/en/api/reference/site-explorer/get-crawled-pages,https://github.com/monid-ai/monid/blob/c57aa3d4b2036f518cbc7d3879a097ac1c8af4ea/connectors/ahrefs/endpoints/all-backlinks/endpoint.ts
ahrefs#site-explorer/domain-rating,ahrefs,/site-explorer/domain-rating,Domain Rating,GET,https://api.ahrefs.com/v3/site-explorer/domain-rating,https://api.ahrefs.com,bearer,Authorization,apiKey,apiKey,queryParams,start_hook_adapter,False,True,False,False,False,False,True,True,COMPOSITE,,$schema|format|minLength|pattern,False,False,False,True,True,True,seo,https://docs.ahrefs.com/en/api/reference/site-explorer/get-domain-rating,https://github.com/monid-ai/monid/blob/c57aa3d4b2036f518cbc7d3879a097ac1c8af4ea/connectors/ahrefs/endpoints/ai-responses-count/endpoint.ts
ahrefs#site-explorer/domain-rating-history,ahrefs,/site-explorer/domain-rating-history,Domain Rating History,GET,https://api.ahrefs.com/v3/site-explorer/domain-rating-history,https://api.ahrefs.com,bearer,Authorization,apiKey,apiKey,queryParams,start_hook_adapter,False,True,False,False,False,False,True,True,COMPOSITE,,$schema|format|minLength|pattern,False,False,False,True,True,True,seo,https://docs.ahrefs.com/en/api/reference/site-explorer/get-domain-rating-history,https://github.com/monid-ai/monid/blob/c57aa3d4b2036f518cbc7d3879a097ac1c8af4ea/connectors/ahrefs/endpoints/domain-rating-history/endpoint.ts
ahrefs#site-explorer/keywords-history,ahrefs,/site-explorer/keywords-history,Keyword Positions History,GET,https://api.ahrefs.com/v3/site-explorer/keywords-history,https://api.ahrefs.com,bearer,Authorization,apiKey,apiKey,queryParams,start_hook_adapter,True,True,False,False,False,False,True,True,COMPOSITE,,$schema|format|maxLength|minLength|pattern,False,False,False,True,True,True,seo,https://docs.ahrefs.com/en/api/reference/site-explorer/get-keywords-history,https://github.com/monid-ai/monid/blob/c57aa3d4b2036f518cbc7d3879a097ac1c8af4ea/connectors/ahrefs/endpoints/domain-rating-history/endpoint.ts
ahrefs#site-explorer/linked-anchors-external,ahrefs,/site-explorer/linked-anchors-external,Outbound Anchors,GET,https://api.ahrefs.com/v3/site-explorer/linked-anchors-external,https://api.ahrefs.com,bearer,Authorization,apiKey,apiKey,queryParams,start_hook_adapter,True,True,False,False,False,False,True,True,COMPOSITE,,$schema|maximum|minLength|minimum|pattern,False,False,False,True,True,True,seo,https://docs.ahrefs.com/en/api/reference/site-explorer/get-linked-anchors-external,https://github.com/monid-ai/monid/blob/c57aa3d4b2036f518cbc7d3879a097ac1c8af4ea/connectors/ahrefs/endpoints/all-backlinks/endpoint.ts
ahrefs#site-explorer/linked-anchors-internal,ahrefs,/site-explorer/linked-anchors-internal,Internal Anchors,GET,https://api.ahrefs.com/v3/site-explorer/linked-anchors-internal,https://api.ahrefs.com,bearer,Authorization,apiKey,apiKey,queryParams,start_hook_adapter,True,True,False,False,False,False,True,True,COMPOSITE,,$schema|maximum|minLength|minimum|pattern,False,False,False,True,True,True,seo,https://docs.ahrefs.com/en/api/reference/site-explorer/get-linked-anchors-internal,https://github.com/monid-ai/monid/blob/c57aa3d4b2036f518cbc7d3879a097ac1c8af4ea/connectors/ahrefs/endpoints/all-backlinks/endpoint.ts
ahrefs#site-explorer/linkeddomains,ahrefs,/site-explorer/linkeddomains,Outbound Domains,GET,https://api.ahrefs.com/v3/site-explorer/linkeddomains,https://api.ahrefs.com,bearer,Authorization,apiKey,apiKey,queryParams,start_hook_adapter,True,True,False,False,False,False,True,True,COMPOSITE,,$schema|maximum|minLength|minimum|pattern,False,False,False,True,True,True,seo,https://docs.ahrefs.com/en/api/reference/site-explorer/get-linkeddomains,https://github.com/monid-ai/monid/blob/c57aa3d4b2036f518cbc7d3879a097ac1c8af4ea/connectors/ahrefs/endpoints/all-backlinks/endpoint.ts
ahrefs#keywords-explorer/matching-terms,ahrefs,/keywords-explorer/matching-terms,Matching Keywords,GET,https://api.ahrefs.com/v3/keywords-explorer/matching-terms,https://api.ahrefs.com,bearer,Authorization,apiKey,apiKey,queryParams,start_hook_adapter,True,True,False,False,False,False,True,True,COMPOSITE,keywords,$schema|maxItems|maxLength|maximum|minItems|minLength|minimum|pattern,False,False,False,True,True,True,seo,https://docs.ahrefs.com/en/api/reference/keywords-explorer/get-matching-terms,https://github.com/monid-ai/monid/blob/c57aa3d4b2036f518cbc7d3879a097ac1c8af4ea/connectors/ahrefs/endpoints/all-backlinks/endpoint.ts
ahrefs#site-explorer/metrics,ahrefs,/site-explorer/metrics,SEO Metrics,GET,https://api.ahrefs.com/v3/site-explorer/metrics,https://api.ahrefs.com,bearer,Authorization,apiKey,apiKey,queryParams,start_hook_adapter,False,True,False,False,False,False,True,True,COMPOSITE,,$schema|format|maxLength|minLength|pattern,False,False,False,True,True,True,seo,https://docs.ahrefs.com/en/api/reference/site-explorer/get-metrics,https://github.com/monid-ai/monid/blob/c57aa3d4b2036f518cbc7d3879a097ac1c8af4ea/connectors/ahrefs/endpoints/ai-responses-count/endpoint.ts
ahrefs#site-explorer/metrics-by-country,ahrefs,/site-explorer/metrics-by-country,Metrics by Country,GET,https://api.ahrefs.com/v3/site-explorer/metrics-by-country,https://api.ahrefs.com,bearer,Authorization,apiKey,apiKey,queryParams,start_hook_adapter,True,True,False,False,False,False,True,True,COMPOSITE,,$schema|format|minLength|pattern,False,False,False,True,True,True,seo,https://docs.ahrefs.com/en/api/reference/site-explorer/get-metrics-by-country,https://github.com/monid-ai/monid/blob/c57aa3d4b2036f518cbc7d3879a097ac1c8af4ea/connectors/ahrefs/endpoints/metrics-by-country/endpoint.ts
ahrefs#site-explorer/metrics-history,ahrefs,/site-explorer/metrics-history,Traffic History,GET,https://api.ahrefs.com/v3/site-explorer/metrics-history,https://api.ahrefs.com,bearer,Authorization,apiKey,apiKey,queryParams,start_hook_adapter,True,True,False,False,False,False,True,True,COMPOSITE,,$schema|format|maxLength|minLength|pattern,False,False,False,True,True,True,seo,https://docs.ahrefs.com/en/api/reference/site-explorer/get-metrics-history,https://github.com/monid-ai/monid/blob/c57aa3d4b2036f518cbc7d3879a097ac1c8af4ea/connectors/ahrefs/endpoints/domain-rating-history/endpoint.ts
ahrefs#site-explorer/organic-competitors,ahrefs,/site-explorer/organic-competitors,Organic Competitors,GET,https://api.ahrefs.com/v3/site-explorer/organic-competitors,https://api.ahrefs.com,bearer,Authorization,apiKey,apiKey,queryParams,start_hook_adapter,True,True,False,False,False,False,True,True,COMPOSITE,,$schema|format|maxLength|maximum|minLength|minimum|pattern,False,False,False,True,True,True,seo,https://docs.ahrefs.com/en/api/reference/site-explorer/get-organic-competitors,https://github.com/monid-ai/monid/blob/c57aa3d4b2036f518cbc7d3879a097ac1c8af4ea/connectors/ahrefs/endpoints/all-backlinks/endpoint.ts
ahrefs#site-explorer/organic-keywords,ahrefs,/site-explorer/organic-keywords,Organic Keywords,GET,https://api.ahrefs.com/v3/site-explorer/organic-keywords,https://api.ahrefs.com,bearer,Authorization,apiKey,apiKey,queryParams,start_hook_adapter,True,True,False,False,False,False,True,True,COMPOSITE,,$schema|format|maxLength|maximum|minLength|minimum|pattern,False,False,False,True,True,True,seo,https://docs.ahrefs.com/en/api/reference/site-explorer/get-organic-keywords,https://github.com/monid-ai/monid/blob/c57aa3d4b2036f518cbc7d3879a097ac1c8af4ea/connectors/ahrefs/endpoints/all-backlinks/endpoint.ts
ahrefs#site-explorer/outlinks-stats,ahrefs,/site-explorer/outlinks-stats,Outbound Link Totals,GET,https://api.ahrefs.com/v3/site-explorer/outlinks-stats,https://api.ahrefs.com,bearer,Authorization,apiKey,apiKey,queryParams,start_hook_adapter,False,True,False,False,False,False,True,True,COMPOSITE,,$schema|minLength,False,False,False,True,True,True,seo,https://docs.ahrefs.com/en/api/reference/site-explorer/get-outlinks-stats,https://github.com/monid-ai/monid/blob/c57aa3d4b2036f518cbc7d3879a097ac1c8af4ea/connectors/ahrefs/endpoints/ai-responses-count/endpoint.ts
ahrefs#keywords-explorer/overview,ahrefs,/keywords-explorer/overview,Keyword Metrics,GET,https://api.ahrefs.com/v3/keywords-explorer/overview,https://api.ahrefs.com,bearer,Authorization,apiKey,apiKey,queryParams,start_hook_adapter,True,True,False,False,False,False,True,True,COMPOSITE,keywords,$schema|maxItems|maxLength|minItems|minLength,False,False,False,True,True,True,seo,https://docs.ahrefs.com/en/api/reference/keywords-explorer/get-overview,https://github.com/monid-ai/monid/blob/c57aa3d4b2036f518cbc7d3879a097ac1c8af4ea/connectors/ahrefs/endpoints/overview/endpoint.ts
ahrefs#site-explorer/pages-by-backlinks,ahrefs,/site-explorer/pages-by-backlinks,Pages by Backlinks,GET,https://api.ahrefs.com/v3/site-explorer/pages-by-backlinks,https://api.ahrefs.com,bearer,Authorization,apiKey,apiKey,queryParams,start_hook_adapter,True,True,False,False,False,False,True,True,COMPOSITE,,$schema|maximum|minLength|minimum|pattern,False,False,False,True,True,True,seo,https://docs.ahrefs.com/en/api/reference/site-explorer/get-pages-by-backlinks,https://github.com/monid-ai/monid/blob/c57aa3d4b2036f518cbc7d3879a097ac1c8af4ea/connectors/ahrefs/endpoints/all-backlinks/endpoint.ts
ahrefs#site-explorer/pages-by-internal-links,ahrefs,/site-explorer/pages-by-internal-links,Pages by Internal Links,GET,https://api.ahrefs.com/v3/site-explorer/pages-by-internal-links,https://api.ahrefs.com,bearer,Authorization,apiKey,apiKey,queryParams,start_hook_adapter,True,True,False,False,False,False,True,True,COMPOSITE,,$schema|maximum|minLength|minimum|pattern,False,False,False,True,True,True,seo,https://docs.ahrefs.com/en/api/reference/site-explorer/get-pages-by-internal-links,https://github.com/monid-ai/monid/blob/c57aa3d4b2036f518cbc7d3879a097ac1c8af4ea/connectors/ahrefs/endpoints/all-backlinks/endpoint.ts
ahrefs#site-explorer/pages-by-traffic,ahrefs,/site-explorer/pages-by-traffic,Traffic Distribution,GET,https://api.ahrefs.com/v3/site-explorer/pages-by-traffic,https://api.ahrefs.com,bearer,Authorization,apiKey,apiKey,queryParams,start_hook_adapter,False,True,False,False,False,False,True,True,COMPOSITE,,$schema|maxLength|minLength,False,False,False,True,True,True,seo,https://docs.ahrefs.com/en/api/reference/site-explorer/get-pages-by-traffic,https://github.com/monid-ai/monid/blob/c57aa3d4b2036f518cbc7d3879a097ac1c8af4ea/connectors/ahrefs/endpoints/ai-responses-count/endpoint.ts
ahrefs#site-explorer/pages-history,ahrefs,/site-explorer/pages-history,Ranking Pages History,GET,https://api.ahrefs.com/v3/site-explorer/pages-history,https://api.ahrefs.com,bearer,Authorization,apiKey,apiKey,queryParams,start_hook_adapter,False,True,False,False,False,False,True,True,COMPOSITE,,$schema|format|maxLength|minLength|pattern,False,False,False,True,True,True,seo,https://docs.ahrefs.com/en/api/reference/site-explorer/get-pages-history,https://github.com/monid-ai/monid/blob/c57aa3d4b2036f518cbc7d3879a097ac1c8af4ea/connectors/ahrefs/endpoints/domain-rating-history/endpoint.ts
ahrefs#site-explorer/paid-pages,ahrefs,/site-explorer/paid-pages,Paid Landing Pages,GET,https://api.ahrefs.com/v3/site-explorer/paid-pages,https://api.ahrefs.com,bearer,Authorization,apiKey,apiKey,queryParams,start_hook_adapter,True,True,False,False,False,False,True,True,COMPOSITE,,$schema|format|maxLength|maximum|minLength|minimum|pattern,False,False,False,True,True,True,seo,https://docs.ahrefs.com/en/api/reference/site-explorer/get-paid-pages,https://github.com/monid-ai/monid/blob/c57aa3d4b2036f518cbc7d3879a097ac1c8af4ea/connectors/ahrefs/endpoints/all-backlinks/endpoint.ts
ahrefs#site-explorer/refdomains,ahrefs,/site-explorer/refdomains,Referring Domains,GET,https://api.ahrefs.com/v3/site-explorer/refdomains,https://api.ahrefs.com,bearer,Authorization,apiKey,apiKey,queryParams,start_hook_adapter,True,True,False,False,False,False,True,True,COMPOSITE,,$schema|maximum|minLength|minimum|pattern,False,False,False,True,True,True,seo,https://docs.ahrefs.com/en/api/reference/site-explorer/get-refdomains,https://github.com/monid-ai/monid/blob/c57aa3d4b2036f518cbc7d3879a097ac1c8af4ea/connectors/ahrefs/endpoints/all-backlinks/endpoint.ts
ahrefs#site-explorer/refdomains-history,ahrefs,/site-explorer/refdomains-history,Referring Domains History,GET,https://api.ahrefs.com/v3/site-explorer/refdomains-history,https://api.ahrefs.com,bearer,Authorization,apiKey,apiKey,queryParams,start_hook_adapter,False,True,False,False,False,False,True,True,COMPOSITE,,$schema|format|minLength|pattern,False,False,False,True,True,True,seo,https://docs.ahrefs.com/en/api/reference/site-explorer/get-refdomains-history,https://github.com/monid-ai/monid/blob/c57aa3d4b2036f518cbc7d3879a097ac1c8af4ea/connectors/ahrefs/endpoints/domain-rating-history/endpoint.ts
ahrefs#keywords-explorer/related-terms,ahrefs,/keywords-explorer/related-terms,Related Keywords,GET,https://api.ahrefs.com/v3/keywords-explorer/related-terms,https://api.ahrefs.com,bearer,Authorization,apiKey,apiKey,queryParams,start_hook_adapter,True,True,False,False,False,False,True,True,COMPOSITE,keywords,$schema|maxItems|maxLength|maximum|minItems|minLength|minimum|pattern,False,False,False,True,True,True,seo,https://docs.ahrefs.com/en/api/reference/keywords-explorer/get-related-terms,https://github.com/monid-ai/monid/blob/c57aa3d4b2036f518cbc7d3879a097ac1c8af4ea/connectors/ahrefs/endpoints/all-backlinks/endpoint.ts
ahrefs#keywords-explorer/search-suggestions,ahrefs,/keywords-explorer/search-suggestions,Search Suggestions,GET,https://api.ahrefs.com/v3/keywords-explorer/search-suggestions,https://api.ahrefs.com,bearer,Authorization,apiKey,apiKey,queryParams,start_hook_adapter,True,True,False,False,False,False,True,True,COMPOSITE,keywords,$schema|maxItems|maxLength|maximum|minItems|minLength|minimum|pattern,False,False,False,True,True,True,seo,https://docs.ahrefs.com/en/api/reference/keywords-explorer/get-search-suggestions,https://github.com/monid-ai/monid/blob/c57aa3d4b2036f518cbc7d3879a097ac1c8af4ea/connectors/ahrefs/endpoints/all-backlinks/endpoint.ts
ahrefs#serp-overview/serp-overview,ahrefs,/serp-overview/serp-overview,SERP Overview,GET,https://api.ahrefs.com/v3/serp-overview/serp-overview,https://api.ahrefs.com,bearer,Authorization,apiKey,apiKey,queryParams,start_hook_adapter,True,True,False,False,False,False,True,True,COMPOSITE,,$schema|format|maxLength|maximum|minLength|minimum|pattern,False,False,False,True,True,True,seo,https://docs.ahrefs.com/en/api/reference/serp-overview/get-serp-overview,https://github.com/monid-ai/monid/blob/c57aa3d4b2036f518cbc7d3879a097ac1c8af4ea/connectors/ahrefs/endpoints/serp-overview/endpoint.ts
ahrefs#site-explorer/top-pages,ahrefs,/site-explorer/top-pages,Top Pages by Traffic,GET,https://api.ahrefs.com/v3/site-explorer/top-pages,https://api.ahrefs.com,bearer,Authorization,apiKey,apiKey,queryParams,start_hook_adapter,True,True,False,False,False,False,True,True,COMPOSITE,,$schema|format|maxLength|maximum|minLength|minimum|pattern,False,False,False,True,True,True,seo,https://docs.ahrefs.com/en/api/reference/site-explorer/get-top-pages,https://github.com/monid-ai/monid/blob/c57aa3d4b2036f518cbc7d3879a097ac1c8af4ea/connectors/ahrefs/endpoints/all-backlinks/endpoint.ts
ahrefs#site-explorer/total-search-volume-history,ahrefs,/site-explorer/total-search-volume-history,Search Volume History,GET,https://api.ahrefs.com/v3/site-explorer/total-search-volume-history,https://api.ahrefs.com,bearer,Authorization,apiKey,apiKey,queryParams,start_hook_adapter,False,True,False,False,False,False,True,True,COMPOSITE,,$schema|format|maxLength|minLength|pattern,False,False,False,True,True,True,seo,https://docs.ahrefs.com/en/api/reference/site-explorer/get-total-search-volume-history,https://github.com/monid-ai/monid/blob/c57aa3d4b2036f518cbc7d3879a097ac1c8af4ea/connectors/ahrefs/endpoints/domain-rating-history/endpoint.ts
ahrefs#site-explorer/url-rating-history,ahrefs,/site-explorer/url-rating-history,URL Rating History,GET,https://api.ahrefs.com/v3/site-explorer/url-rating-history,https://api.ahrefs.com,bearer,Authorization,apiKey,apiKey,queryParams,start_hook_adapter,False,True,False,False,False,False,True,True,COMPOSITE,,$schema|format|minLength|pattern,False,False,False,True,True,True,seo,https://docs.ahrefs.com/en/api/reference/site-explorer/get-url-rating-history,https://github.com/monid-ai/monid/blob/c57aa3d4b2036f518cbc7d3879a097ac1c8af4ea/connectors/ahrefs/endpoints/domain-rating-history/endpoint.ts
ahrefs#keywords-explorer/volume-by-country,ahrefs,/keywords-explorer/volume-by-country,Volume by Country,GET,https://api.ahrefs.com/v3/keywords-explorer/volume-by-country,https://api.ahrefs.com,bearer,Authorization,apiKey,apiKey,queryParams,start_hook_adapter,False,True,False,False,False,False,True,True,COMPOSITE,,$schema|maximum|minLength|minimum,False,False,False,True,True,True,seo,https://docs.ahrefs.com/en/api/reference/keywords-explorer/get-volume-by-country,https://github.com/monid-ai/monid/blob/c57aa3d4b2036f518cbc7d3879a097ac1c8af4ea/connectors/ahrefs/endpoints/all-backlinks/endpoint.ts
ahrefs#keywords-explorer/volume-history,ahrefs,/keywords-explorer/volume-history,Keyword Volume History,GET,https://api.ahrefs.com/v3/keywords-explorer/volume-history,https://api.ahrefs.com,bearer,Authorization,apiKey,apiKey,queryParams,start_hook_adapter,False,True,False,False,False,False,True,True,COMPOSITE,,$schema|format|maxLength|minLength|pattern,False,False,False,True,True,True,seo,https://docs.ahrefs.com/en/api/reference/keywords-explorer/get-volume-history,https://github.com/monid-ai/monid/blob/c57aa3d4b2036f518cbc7d3879a097ac1c8af4ea/connectors/ahrefs/endpoints/volume-history/endpoint.ts
akta#v1/company/enrichment,akta,/v1/company/enrichment,Akta Company Enrichment,GET,https://api.akta.pro/api/v1/company/enrichment/,https://api.akta.pro,header,x-api-key,apiKey,apiKey,queryParams,request_transform_adapter,True,False,False,False,False,False,False,True,COMPOSITE,sections,$schema|minLength,False,False,False,True,True,True,company-enrichment|funding-data,https://docs.akta.pro/api-reference/company-data,https://github.com/monid-ai/monid/blob/c57aa3d4b2036f518cbc7d3879a097ac1c8af4ea/connectors/akta/endpoints/company-enrichment/endpoint.ts
akta#v1/company/search,akta,/v1/company/search,Akta Company Search,GET,https://api.akta.pro/api/v1/company/search/,https://api.akta.pro,header,x-api-key,apiKey,apiKey,queryParams,request_transform_adapter,True,False,False,False,False,False,False,True,FREE,,$schema|minLength,False,False,False,True,True,True,company-enrichment,https://docs.akta.pro/api-reference/supporting-apis/company-search,https://github.com/monid-ai/monid/blob/c57aa3d4b2036f518cbc7d3879a097ac1c8af4ea/connectors/akta/provider.ts
akta#v1/company/employee-reviews,akta,/v1/company/employee-reviews,Akta Employee Reviews,GET,https://api.akta.pro/api/v1/company/employee-reviews/,https://api.akta.pro,header,x-api-key,apiKey,apiKey,queryParams,request_transform_adapter,True,False,False,False,False,False,False,True,PER_UNIT,,$schema|maximum|minLength|minimum,False,False,False,True,True,True,company-reviews,https://docs.akta.pro/api-reference/alternative-data/employee-reviews,https://github.com/monid-ai/monid/blob/c57aa3d4b2036f518cbc7d3879a097ac1c8af4ea/connectors/akta/endpoints/employee-reviews/endpoint.ts
akta#v1/industry/search,akta,/v1/industry/search,Akta Industry Search,GET,https://api.akta.pro/api/v1/industry/search/,https://api.akta.pro,header,x-api-key,apiKey,apiKey,queryParams,request_transform_adapter,True,False,False,False,False,False,False,True,FREE,,$schema|minLength,False,False,False,True,True,True,company-enrichment,https://docs.akta.pro/api-reference/supporting-apis/industry-search,https://github.com/monid-ai/monid/blob/c57aa3d4b2036f518cbc7d3879a097ac1c8af4ea/connectors/akta/provider.ts
akta#v1/news,akta,/v1/news,Akta News,GET,https://api.akta.pro/api/v1/news/,https://api.akta.pro,header,x-api-key,apiKey,apiKey,queryParams,request_transform_adapter,True,False,False,False,False,False,False,True,COMPOSITE,industry|news_score_list|countries|blacklisted|type_list|sentiment_list|entity_person_list|entity_location_list|entity_product_list|entity_event_list|naics_code_list|sic_code_list|iptc_code_list|iab_code_list,$schema|format|maximum|minLength|minimum|pattern,False,False,False,True,True,True,company-news|news-search|funding-data,https://docs.akta.pro/api-reference/news-signals,https://github.com/monid-ai/monid/blob/c57aa3d4b2036f518cbc7d3879a097ac1c8af4ea/connectors/akta/endpoints/news/endpoint.ts
akta#v1/company/product-reviews,akta,/v1/company/product-reviews,Akta Product Reviews,GET,https://api.akta.pro/api/v1/company/product-reviews/,https://api.akta.pro,header,x-api-key,apiKey,apiKey,queryParams,request_transform_adapter,True,False,False,False,False,False,False,True,COMPOSITE,products,$schema|maximum|minLength|minimum,False,False,False,True,True,True,company-reviews,https://docs.akta.pro/api-reference/alternative-data/product-reviews,https://github.com/monid-ai/monid/blob/c57aa3d4b2036f518cbc7d3879a097ac1c8af4ea/connectors/akta/endpoints/product-reviews/endpoint.ts
alibaba#v1/image/qwen-image-3.0,alibaba,/v1/image/qwen-image-3.0,Qwen-Image 3.0,POST,https://dashscope-intl.aliyuncs.com/api/v1/services/aigc/multimodal-generation/generation,https://dashscope-intl.aliyuncs.com,bearer,Authorization,apiKey,apiKey,body,polling_lifecycle_adapter,True,True,True,False,False,True,False,False,COMPOSITE,,$schema|anyOf|const|maxItems|maximum|minItems|minLength|minimum|pattern,False,False,False,True,True,True,image-generation,https://www.alibabacloud.com/help/en/model-studio/qwen-image-generation-and-editing-api-reference,https://github.com/monid-ai/monid/blob/c57aa3d4b2036f518cbc7d3879a097ac1c8af4ea/connectors/alibaba/endpoints/image-qwen-image-3-0/endpoint.ts
alibaba#v1/image/qwen-image-3.0-pro,alibaba,/v1/image/qwen-image-3.0-pro,Qwen-Image 3.0 Pro,POST,https://dashscope-intl.aliyuncs.com/api/v1/services/aigc/multimodal-generation/generation,https://dashscope-intl.aliyuncs.com,bearer,Authorization,apiKey,apiKey,body,polling_lifecycle_adapter,True,True,True,False,False,True,False,False,COMPOSITE,,$schema|anyOf|const|maxItems|maximum|minItems|minLength|minimum|pattern,False,False,False,True,True,True,image-generation,https://www.alibabacloud.com/help/en/model-studio/qwen-image-generation-and-editing-api-reference,https://github.com/monid-ai/monid/blob/c57aa3d4b2036f518cbc7d3879a097ac1c8af4ea/connectors/alibaba/endpoints/image-qwen-image-3-0-pro/endpoint.ts
alibaba#v1/image/wan2.7-image,alibaba,/v1/image/wan2.7-image,Wan 2.7 Image,POST,https://dashscope-intl.aliyuncs.com/api/v1/services/aigc/multimodal-generation/generation,https://dashscope-intl.aliyuncs.com,bearer,Authorization,apiKey,apiKey,body,polling_lifecycle_adapter,True,True,True,False,False,True,False,False,PER_UNIT,,$schema|anyOf|const|maxItems|maximum|minItems|minLength|minimum|pattern,False,False,False,True,True,True,image-generation,https://www.alibabacloud.com/help/en/model-studio/wan-image-generation-and-editing-api-reference,https://github.com/monid-ai/monid/blob/c57aa3d4b2036f518cbc7d3879a097ac1c8af4ea/connectors/alibaba/endpoints/image-wan2-7-image/endpoint.ts
alibaba#v1/image/wan2.7-image-pro,alibaba,/v1/image/wan2.7-image-pro,Wan 2.7 Image Pro,POST,https://dashscope-intl.aliyuncs.com/api/v1/services/aigc/multimodal-generation/generation,https://dashscope-intl.aliyuncs.com,bearer,Authorization,apiKey,apiKey,body,polling_lifecycle_adapter,True,True,True,False,False,True,False,False,PER_UNIT,,$schema|anyOf|const|maxItems|maximum|minItems|minLength|minimum|pattern,False,False,False,True,True,True,image-generation,https://www.alibabacloud.com/help/en/model-studio/wan-image-generation-and-editing-api-reference,https://github.com/monid-ai/monid/blob/c57aa3d4b2036f518cbc7d3879a097ac1c8af4ea/connectors/alibaba/endpoints/image-wan2-7-image/endpoint.ts
alibaba#v1/video/wan2.7-i2v,alibaba,/v1/video/wan2.7-i2v,Wan 2.7 Image to Video,POST,https://dashscope-intl.aliyuncs.com/api/v1/services/aigc/video-generation/video-synthesis,https://dashscope-intl.aliyuncs.com,bearer,Authorization,apiKey,apiKey,body,polling_lifecycle_adapter,True,True,True,False,False,True,False,False,COMPOSITE,,$schema|maxLength|maximum|minItems|minLength|minimum|pattern,False,False,False,True,True,True,video-generation,https://www.alibabacloud.com/help/en/model-studio/image-to-video-general-api-reference,https://github.com/monid-ai/monid/blob/c57aa3d4b2036f518cbc7d3879a097ac1c8af4ea/connectors/alibaba/endpoints/video-wan2-7-i2v/endpoint.ts
alibaba#v1/video/wan2.7-r2v,alibaba,/v1/video/wan2.7-r2v,Wan 2.7 Reference to Video,POST,https://dashscope-intl.aliyuncs.com/api/v1/services/aigc/video-generation/video-synthesis,https://dashscope-intl.aliyuncs.com,bearer,Authorization,apiKey,apiKey,body,polling_lifecycle_adapter,True,True,True,False,False,True,False,False,COMPOSITE,,$schema|maxLength|maximum|minItems|minLength|minimum|pattern,False,False,False,True,True,True,video-generation,https://www.alibabacloud.com/help/en/model-studio/wan-video-to-video-api-reference,https://github.com/monid-ai/monid/blob/c57aa3d4b2036f518cbc7d3879a097ac1c8af4ea/connectors/alibaba/endpoints/video-wan2-7-i2v/endpoint.ts
alibaba#v1/video/wan2.7-t2v,alibaba,/v1/video/wan2.7-t2v,Wan 2.7 Text to Video,POST,https://dashscope-intl.aliyuncs.com/api/v1/services/aigc/video-generation/video-synthesis,https://dashscope-intl.aliyuncs.com,bearer,Authorization,apiKey,apiKey,body,polling_lifecycle_adapter,True,True,True,False,False,True,False,False,COMPOSITE,,$schema|maxLength|maximum|minLength|minimum|pattern,False,False,False,True,True,True,video-generation,https://www.alibabacloud.com/help/en/model-studio/text-to-video-api-reference,https://github.com/monid-ai/monid/blob/c57aa3d4b2036f518cbc7d3879a097ac1c8af4ea/connectors/alibaba/endpoints/video-wan2-7-i2v/endpoint.ts
alibaba#v1/video/wan2.7-videoedit,alibaba,/v1/video/wan2.7-videoedit,Wan 2.7 Video Edit,POST,https://dashscope-intl.aliyuncs.com/api/v1/services/aigc/video-generation/video-synthesis,https://dashscope-intl.aliyuncs.com,bearer,Authorization,apiKey,apiKey,body,polling_lifecycle_adapter,True,True,True,False,False,True,False,False,COMPOSITE,,$schema|maxLength|maximum|minItems|minLength|minimum|pattern,False,False,False,True,True,True,video-generation,https://www.alibabacloud.com/help/en/model-studio/wan-video-editing-api-reference,https://github.com/monid-ai/monid/blob/c57aa3d4b2036f518cbc7d3879a097ac1c8af4ea/connectors/alibaba/endpoints/video-wan2-7-videoedit/endpoint.ts
alibaba#v1/video/wan3.0,alibaba,/v1/video/wan3.0,Wan 3.0 Video,POST,https://dashscope-intl.aliyuncs.com/api/v1/services/aigc/video-generation/video-synthesis,https://dashscope-intl.aliyuncs.com,bearer,Authorization,apiKey,apiKey,body,polling_lifecycle_adapter,True,True,True,False,False,True,False,False,COMPOSITE,,$schema|anyOf|const|maxLength|maximum|minItems|minLength|minimum|pattern,False,False,False,True,True,True,video-generation,https://www.alibabacloud.com/help/en/model-studio/wan3-video-generation-api-reference,https://github.com/monid-ai/monid/blob/c57aa3d4b2036f518cbc7d3879a097ac1c8af4ea/connectors/alibaba/endpoints/video-wan3-0/endpoint.ts
alibaba#v1/video/wan3.0-prime,alibaba,/v1/video/wan3.0-prime,Wan 3.0 Prime Video,POST,https://dashscope-intl.aliyuncs.com/api/v1/services/aigc/video-generation/video-synthesis,https://dashscope-intl.aliyuncs.com,bearer,Authorization,apiKey,apiKey,body,polling_lifecycle_adapter,True,True,True,False,False,True,False,False,COMPOSITE,,$schema|anyOf|const|maxLength|maximum|minItems|minLength|minimum|pattern,False,False,False,True,True,True,video-generation,https://www.alibabacloud.com/help/en/model-studio/wan3-video-generation-api-reference,https://github.com/monid-ai/monid/blob/c57aa3d4b2036f518cbc7d3879a097ac1c8af4ea/connectors/alibaba/endpoints/video-wan3-0/endpoint.ts
apify#delicious_zebu/amazon-product-details-scraper,apify,/delicious_zebu/amazon-product-details-scraper,Get Amazon Product,POST,https://api.apify.com/v2/acts/delicious_zebu~amazon-product-details-scraper/runs,https://api.apify.com,bearer,Authorization,apiKey,apiKey,body,polling_lifecycle_adapter,False,True,True,True,False,False,True,False,PER_UNIT,,$schema,False,False,False,True,True,True,amazon,https://apify.com/delicious_zebu/amazon-product-details-scraper,https://github.com/monid-ai/monid/blob/c57aa3d4b2036f518cbc7d3879a097ac1c8af4ea/connectors/apify/endpoints/amazon-product-details-scraper/endpoint.ts
apify#web_wanderer/amazon-reviews-extractor,apify,/web_wanderer/amazon-reviews-extractor,List Amazon Reviews (Extractor),POST,https://api.apify.com/v2/acts/web_wanderer~amazon-reviews-extractor/runs,https://api.apify.com,bearer,Authorization,apiKey,apiKey,body,polling_lifecycle_adapter,False,True,True,True,False,False,True,False,COMPOSITE,,$schema|maximum|minimum,False,False,False,True,True,True,amazon,https://apify.com/web_wanderer/amazon-reviews-extractor,https://github.com/monid-ai/monid/blob/c57aa3d4b2036f518cbc7d3879a097ac1c8af4ea/connectors/apify/endpoints/amazon-reviews-extractor/endpoint.ts
apify#axesso_data/amazon-reviews-scraper,apify,/axesso_data/amazon-reviews-scraper,List Amazon Reviews,POST,https://api.apify.com/v2/acts/axesso_data~amazon-reviews-scraper/runs,https://api.apify.com,bearer,Authorization,apiKey,apiKey,body,polling_lifecycle_adapter,False,True,True,True,False,False,True,False,PER_UNIT,,$schema,False,False,False,True,True,True,amazon,https://apify.com/axesso_data/amazon-reviews-scraper,https://github.com/monid-ai/monid/blob/c57aa3d4b2036f518cbc7d3879a097ac1c8af4ea/connectors/apify/endpoints/amazon-reviews-scraper/endpoint.ts
apify#axesso_data/amazon-search-scraper,apify,/axesso_data/amazon-search-scraper,Search Amazon,POST,https://api.apify.com/v2/acts/axesso_data~amazon-search-scraper/runs,https://api.apify.com,bearer,Authorization,apiKey,apiKey,body,polling_lifecycle_adapter,False,True,True,True,False,False,True,False,PER_UNIT,,$schema,False,False,False,True,True,True,amazon,https://apify.com/axesso_data/amazon-search-scraper,https://github.com/monid-ai/monid/blob/c57aa3d4b2036f518cbc7d3879a097ac1c8af4ea/connectors/apify/endpoints/amazon-reviews-scraper/endpoint.ts
apify#practicaltools/apify-reddit-api,apify,/practicaltools/apify-reddit-api,Reddit API,POST,https://api.apify.com/v2/acts/practicaltools~apify-reddit-api/runs,https://api.apify.com,bearer,Authorization,apiKey,apiKey,body,polling_lifecycle_adapter,False,True,True,True,False,False,True,False,PER_UNIT,,$schema|maximum|minimum,False,False,False,True,True,True,reddit,https://apify.com/practicaltools/apify-reddit-api,https://github.com/monid-ai/monid/blob/c57aa3d4b2036f518cbc7d3879a097ac1c8af4ea/connectors/apify/endpoints/apify-reddit-api/endpoint.ts
apify#xmiso_scrapers/eu-amazon-sellers-email-leads,apify,/xmiso_scrapers/eu-amazon-sellers-email-leads,Find Amazon Sellers (EU),POST,https://api.apify.com/v2/acts/xmiso_scrapers~eu-amazon-sellers-email-leads/runs,https://api.apify.com,bearer,Authorization,apiKey,apiKey,body,polling_lifecycle_adapter,False,True,True,True,False,False,True,False,PER_UNIT,,$schema|maximum|minimum,False,False,False,True,True,True,amazon|company-enrichment,https://apify.com/xmiso_scrapers/eu-amazon-sellers-email-leads,https://github.com/monid-ai/monid/blob/c57aa3d4b2036f518cbc7d3879a097ac1c8af4ea/connectors/apify/endpoints/eu-amazon-sellers-email-leads/endpoint.ts
apify#curious_coder/facebook-ads-library-scraper,apify,/curious_coder/facebook-ads-library-scraper,Search Facebook Ads,POST,https://api.apify.com/v2/acts/curious_coder~facebook-ads-library-scraper/runs,https://api.apify.com,bearer,Authorization,apiKey,apiKey,body,polling_lifecycle_adapter,False,True,True,True,False,False,True,False,COMPOSITE,,$schema|maximum|minimum|propertyNames,False,False,False,True,True,True,facebook,https://apify.com/curious_coder/facebook-ads-library-scraper,https://github.com/monid-ai/monid/blob/c57aa3d4b2036f518cbc7d3879a097ac1c8af4ea/connectors/apify/endpoints/facebook-ads-library-scraper/endpoint.ts
apify#apify/facebook-comments-scraper,apify,/apify/facebook-comments-scraper,List Facebook Comments,POST,https://api.apify.com/v2/acts/apify~facebook-comments-scraper/runs,https://api.apify.com,bearer,Authorization,apiKey,apiKey,body,polling_lifecycle_adapter,False,True,True,True,False,False,True,False,COMPOSITE,,$schema|maximum|minimum,False,False,False,True,True,True,facebook,https://apify.com/apify/facebook-comments-scraper,https://github.com/monid-ai/monid/blob/c57aa3d4b2036f518cbc7d3879a097ac1c8af4ea/connectors/apify/endpoints/facebook-comments-scraper/endpoint.ts
apify#apify/facebook-events-scraper,apify,/apify/facebook-events-scraper,Search Facebook Events,POST,https://api.apify.com/v2/acts/apify~facebook-events-scraper/runs,https://api.apify.com,bearer,Authorization,apiKey,apiKey,body,polling_lifecycle_adapter,False,True,True,True,False,False,True,False,COMPOSITE,,$schema|maximum|minimum,False,False,False,True,True,True,facebook,https://apify.com/apify/facebook-events-scraper,https://github.com/monid-ai/monid/blob/c57aa3d4b2036f518cbc7d3879a097ac1c8af4ea/connectors/apify/endpoints/facebook-events-scraper/endpoint.ts
apify#apify/facebook-groups-scraper,apify,/apify/facebook-groups-scraper,Pull Facebook Group Posts,POST,https://api.apify.com/v2/acts/apify~facebook-groups-scraper/runs,https://api.apify.com,bearer,Authorization,apiKey,apiKey,body,polling_lifecycle_adapter,False,True,True,True,False,False,True,False,COMPOSITE,,$schema|maximum|minimum,False,False,False,True,True,True,facebook,https://apify.com/apify/facebook-groups-scraper,https://github.com/monid-ai/monid/blob/c57aa3d4b2036f518cbc7d3879a097ac1c8af4ea/connectors/apify/endpoints/facebook-groups-scraper/endpoint.ts
apify#apify/facebook-pages-scraper,apify,/apify/facebook-pages-scraper,Get Facebook Page,POST,https://api.apify.com/v2/acts/apify~facebook-pages-scraper/runs,https://api.apify.com,bearer,Authorization,apiKey,apiKey,body,polling_lifecycle_adapter,False,True,True,True,False,False,True,False,PER_UNIT,,$schema,False,False,False,True,True,True,facebook,https://apify.com/apify/facebook-pages-scraper,https://github.com/monid-ai/monid/blob/c57aa3d4b2036f518cbc7d3879a097ac1c8af4ea/connectors/apify/endpoints/facebook-pages-scraper/endpoint.ts
apify#cleansyntax/facebook-profile-posts-scraper,apify,/cleansyntax/facebook-profile-posts-scraper,Pull Facebook Profile Posts,POST,https://api.apify.com/v2/acts/cleansyntax~facebook-profile-posts-scraper/runs,https://api.apify.com,bearer,Authorization,apiKey,apiKey,body,polling_lifecycle_adapter,False,True,True,True,False,False,True,False,PER_UNIT,,$schema|maximum|minimum,False,False,False,True,True,True,facebook,https://apify.com/cleansyntax/facebook-profile-posts-scraper,https://github.com/monid-ai/monid/blob/c57aa3d4b2036f518cbc7d3879a097ac1c8af4ea/connectors/apify/endpoints/facebook-profile-posts-scraper/endpoint.ts
apify#apify/facebook-reviews-scraper,apify,/apify/facebook-reviews-scraper,List Facebook Reviews,POST,https://api.apify.com/v2/acts/apify~facebook-reviews-scraper/runs,https://api.apify.com,bearer,Authorization,apiKey,apiKey,body,polling_lifecycle_adapter,False,True,True,True,False,False,True,False,COMPOSITE,,$schema|maximum|minimum,False,False,False,True,True,True,facebook|company-reviews,https://apify.com/apify/facebook-reviews-scraper,https://github.com/monid-ai/monid/blob/c57aa3d4b2036f518cbc7d3879a097ac1c8af4ea/connectors/apify/endpoints/facebook-reviews-scraper/endpoint.ts
apify#compass/google-maps-reviews-scraper,apify,/compass/google-maps-reviews-scraper,List Google Maps Reviews,POST,https://api.apify.com/v2/acts/compass~google-maps-reviews-scraper/runs,https://api.apify.com,bearer,Authorization,apiKey,apiKey,body,polling_lifecycle_adapter,False,True,True,True,False,False,True,False,COMPOSITE,,$schema|maximum|minimum,False,False,False,True,True,True,maps|company-reviews,https://apify.com/compass/google-maps-reviews-scraper,https://github.com/monid-ai/monid/blob/c57aa3d4b2036f518cbc7d3879a097ac1c8af4ea/connectors/apify/endpoints/google-maps-reviews-scraper/endpoint.ts
apify#damilo/google-maps-scraper,apify,/damilo/google-maps-scraper,Search Google Maps,POST,https://api.apify.com/v2/acts/damilo~google-maps-scraper/runs,https://api.apify.com,bearer,Authorization,apiKey,apiKey,body,polling_lifecycle_adapter,False,True,True,True,False,False,True,False,PER_UNIT,,$schema|maximum|minimum,False,False,False,True,True,True,maps,https://apify.com/damilo/google-maps-scraper,https://github.com/monid-ai/monid/blob/c57aa3d4b2036f518cbc7d3879a097ac1c8af4ea/connectors/apify/endpoints/eu-amazon-sellers-email-leads/endpoint.ts
apify#data_xplorer/google-news-scraper-fast,apify,/data_xplorer/google-news-scraper-fast,Search Google News,POST,https://api.apify.com/v2/acts/data_xplorer~google-news-scraper-fast/runs,https://api.apify.com,bearer,Authorization,apiKey,apiKey,body,polling_lifecycle_adapter,False,True,True,True,False,False,True,False,PER_UNIT,,$schema|maximum|minimum|propertyNames,False,False,False,True,True,True,news-search,https://apify.com/data_xplorer/google-news-scraper-fast,https://github.com/monid-ai/monid/blob/c57aa3d4b2036f518cbc7d3879a097ac1c8af4ea/connectors/apify/endpoints/google-news-scraper-fast/endpoint.ts
apify#damilo/google-shopping-apify,apify,/damilo/google-shopping-apify,Search Google Shopping (Apify),POST,https://api.apify.com/v2/acts/damilo~google-shopping-apify/runs,https://api.apify.com,bearer,Authorization,apiKey,apiKey,body,polling_lifecycle_adapter,False,True,True,True,False,False,True,False,PER_UNIT,,$schema|maximum|minimum,False,False,False,True,True,True,google-shopping,https://apify.com/damilo/google-shopping-apify,https://github.com/monid-ai/monid/blob/c57aa3d4b2036f518cbc7d3879a097ac1c8af4ea/connectors/apify/endpoints/google-shopping-apify/endpoint.ts
apify#burbn/google-shopping-scraper,apify,/burbn/google-shopping-scraper,Search Google Shopping,POST,https://api.apify.com/v2/acts/burbn~google-shopping-scraper/runs,https://api.apify.com,bearer,Authorization,apiKey,apiKey,body,polling_lifecycle_adapter,False,True,True,True,False,False,True,False,COMPOSITE,,$schema|maximum|minimum,False,False,False,True,True,True,google-shopping,https://apify.com/burbn/google-shopping-scraper,https://github.com/monid-ai/monid/blob/c57aa3d4b2036f518cbc7d3879a097ac1c8af4ea/connectors/apify/endpoints/google-shopping-scraper/endpoint.ts
apify#apify/instagram-api-scraper,apify,/apify/instagram-api-scraper,Instagram API,POST,https://api.apify.com/v2/acts/apify~instagram-api-scraper/runs,https://api.apify.com,bearer,Authorization,apiKey,apiKey,body,polling_lifecycle_adapter,False,True,True,True,False,False,True,False,COMPOSITE,,$schema|maximum|minimum,False,False,False,True,True,True,instagram,https://apify.com/apify/instagram-api-scraper,https://github.com/monid-ai/monid/blob/c57aa3d4b2036f518cbc7d3879a097ac1c8af4ea/connectors/apify/endpoints/instagram-api-scraper/endpoint.ts
apify#apify/instagram-hashtag-scraper,apify,/apify/instagram-hashtag-scraper,Track Instagram Hashtag,POST,https://api.apify.com/v2/acts/apify~instagram-hashtag-scraper/runs,https://api.apify.com,bearer,Authorization,apiKey,apiKey,body,polling_lifecycle_adapter,False,True,True,True,False,False,True,False,PER_UNIT,,$schema|maximum|minimum,False,False,False,True,True,True,instagram,https://apify.com/apify/instagram-hashtag-scraper,https://github.com/monid-ai/monid/blob/c57aa3d4b2036f518cbc7d3879a097ac1c8af4ea/connectors/apify/endpoints/instagram-hashtag-scraper/endpoint.ts
apify#apify/instagram-post-scraper,apify,/apify/instagram-post-scraper,Get Instagram Post,POST,https://api.apify.com/v2/acts/apify~instagram-post-scraper/runs,https://api.apify.com,bearer,Authorization,apiKey,apiKey,body,polling_lifecycle_adapter,False,True,True,True,False,False,True,False,COMPOSITE,,$schema|maximum|minimum,False,False,False,True,True,True,instagram,https://apify.com/apify/instagram-post-scraper,https://github.com/monid-ai/monid/blob/c57aa3d4b2036f518cbc7d3879a097ac1c8af4ea/connectors/apify/endpoints/instagram-post-scraper/endpoint.ts
apify#apify/instagram-profile-scraper,apify,/apify/instagram-profile-scraper,Get Instagram Profile,POST,https://api.apify.com/v2/acts/apify~instagram-profile-scraper/runs,https://api.apify.com,bearer,Authorization,apiKey,apiKey,body,polling_lifecycle_adapter,False,True,True,True,False,False,True,False,COMPOSITE,,$schema,False,False,False,True,True,True,instagram,https://apify.com/apify/instagram-profile-scraper,https://github.com/monid-ai/monid/blob/c57aa3d4b2036f518cbc7d3879a097ac1c8af4ea/connectors/apify/endpoints/instagram-profile-scraper/endpoint.ts
apify#apify/instagram-search-scraper,apify,/apify/instagram-search-scraper,Search Instagram,POST,https://api.apify.com/v2/acts/apify~instagram-search-scraper/runs,https://api.apify.com,bearer,Authorization,apiKey,apiKey,body,polling_lifecycle_adapter,False,True,True,True,False,False,True,False,COMPOSITE,,$schema|maximum|minimum,False,False,False,True,True,True,instagram,https://apify.com/apify/instagram-search-scraper,https://github.com/monid-ai/monid/blob/c57aa3d4b2036f518cbc7d3879a097ac1c8af4ea/connectors/apify/endpoints/instagram-search-scraper/endpoint.ts
apify#harvestapi/linkedin-company-employees,apify,/harvestapi/linkedin-company-employees,List LinkedIn Company Employees,POST,https://api.apify.com/v2/acts/harvestapi~linkedin-company-employees/runs,https://api.apify.com,bearer,Authorization,apiKey,apiKey,body,polling_lifecycle_adapter,False,True,True,True,False,False,True,False,COMPOSITE,,$schema|maximum|minimum,False,False,False,True,True,True,linkedin|people-enrichment,https://apify.com/harvestapi/linkedin-company-employees,https://github.com/monid-ai/monid/blob/c57aa3d4b2036f518cbc7d3879a097ac1c8af4ea/connectors/apify/endpoints/linkedin-company-employees/endpoint.ts
apify#harvestapi/linkedin-job-search,apify,/harvestapi/linkedin-job-search,Search LinkedIn Jobs,POST,https://api.apify.com/v2/acts/harvestapi~linkedin-job-search/runs,https://api.apify.com,bearer,Authorization,apiKey,apiKey,body,polling_lifecycle_adapter,False,True,True,True,False,False,True,False,COMPOSITE,,$schema|maximum|minimum,False,False,False,True,True,True,linkedin|jobs,https://apify.com/harvestapi/linkedin-job-search,https://github.com/monid-ai/monid/blob/c57aa3d4b2036f518cbc7d3879a097ac1c8af4ea/connectors/apify/endpoints/linkedin-job-search/endpoint.ts
apify#harvestapi/linkedin-post-search,apify,/harvestapi/linkedin-post-search,Search LinkedIn Posts,POST,https://api.apify.com/v2/acts/harvestapi~linkedin-post-search/runs,https://api.apify.com,bearer,Authorization,apiKey,apiKey,body,polling_lifecycle_adapter,False,True,True,True,False,False,True,False,COMPOSITE,,$schema|maximum|minimum,False,False,False,True,True,True,linkedin,https://apify.com/harvestapi/linkedin-post-search,https://github.com/monid-ai/monid/blob/c57aa3d4b2036f518cbc7d3879a097ac1c8af4ea/connectors/apify/endpoints/linkedin-post-search/endpoint.ts
apify#harvestapi/linkedin-profile-posts,apify,/harvestapi/linkedin-profile-posts,Pull LinkedIn Profile Posts,POST,https://api.apify.com/v2/acts/harvestapi~linkedin-profile-posts/runs,https://api.apify.com,bearer,Authorization,apiKey,apiKey,body,polling_lifecycle_adapter,False,True,True,True,False,False,True,False,COMPOSITE,,$schema|maximum|minimum,False,False,False,True,True,True,linkedin,https://apify.com/harvestapi/linkedin-profile-posts,https://github.com/monid-ai/monid/blob/c57aa3d4b2036f518cbc7d3879a097ac1c8af4ea/connectors/apify/endpoints/linkedin-profile-posts/endpoint.ts
apify#dev_fusion/linkedin-profile-scraper,apify,/dev_fusion/linkedin-profile-scraper,Get LinkedIn Profile,POST,https://api.apify.com/v2/acts/dev_fusion~linkedin-profile-scraper/runs,https://api.apify.com,bearer,Authorization,apiKey,apiKey,body,polling_lifecycle_adapter,False,True,True,True,False,False,True,False,PER_UNIT,,$schema,False,False,False,True,True,True,linkedin|people-enrichment,https://apify.com/dev-fusion/linkedin-profile-scraper,https://github.com/monid-ai/monid/blob/c57aa3d4b2036f518cbc7d3879a097ac1c8af4ea/connectors/apify/endpoints/linkedin-profile-scraper/endpoint.ts
apify#harvestapi/linkedin-profile-search,apify,/harvestapi/linkedin-profile-search,Search LinkedIn Profiles,POST,https://api.apify.com/v2/acts/harvestapi~linkedin-profile-search/runs,https://api.apify.com,bearer,Authorization,apiKey,apiKey,body,polling_lifecycle_adapter,False,True,True,True,False,False,True,False,COMPOSITE,,$schema|maximum|minimum|propertyNames,False,False,False,True,True,True,linkedin|people-enrichment,https://apify.com/harvestapi/linkedin-profile-search,https://github.com/monid-ai/monid/blob/c57aa3d4b2036f518cbc7d3879a097ac1c8af4ea/connectors/apify/endpoints/linkedin-profile-search/endpoint.ts
apify#harvestapi/linkedin-profile-search-by-name,apify,/harvestapi/linkedin-profile-search-by-name,Search LinkedIn Profiles (by Name),POST,https://api.apify.com/v2/acts/harvestapi~linkedin-profile-search-by-name/runs,https://api.apify.com,bearer,Authorization,apiKey,apiKey,body,polling_lifecycle_adapter,False,True,True,True,False,False,True,False,COMPOSITE,,$schema|maximum|minimum,False,False,False,True,True,True,linkedin|people-enrichment,https://apify.com/harvestapi/linkedin-profile-search-by-name,https://github.com/monid-ai/monid/blob/c57aa3d4b2036f518cbc7d3879a097ac1c8af4ea/connectors/apify/endpoints/linkedin-profile-search-by-name/endpoint.ts
apify#harvestapi/linkedin-profile-search-by-services,apify,/harvestapi/linkedin-profile-search-by-services,Search LinkedIn Profiles (by Services),POST,https://api.apify.com/v2/acts/harvestapi~linkedin-profile-search-by-services/runs,https://api.apify.com,bearer,Authorization,apiKey,apiKey,body,polling_lifecycle_adapter,False,True,True,True,False,False,True,False,COMPOSITE,,$schema|maximum|minimum,False,False,False,True,True,True,linkedin|people-enrichment,https://apify.com/harvestapi/linkedin-profile-search-by-services,https://github.com/monid-ai/monid/blob/c57aa3d4b2036f518cbc7d3879a097ac1c8af4ea/connectors/apify/endpoints/linkedin-profile-search-by-services/endpoint.ts
apify#kaitoeasyapi/premium-x-follower-scraper-following-data,apify,/kaitoeasyapi/premium-x-follower-scraper-following-data,Get X (Twitter) Followers,POST,https://api.apify.com/v2/acts/kaitoeasyapi~premium-x-follower-scraper-following-data/runs,https://api.apify.com,bearer,Authorization,apiKey,apiKey,body,polling_lifecycle_adapter,False,True,True,True,False,False,True,False,PER_UNIT,,$schema|maximum|minimum,False,False,False,True,False,False,twitter,https://apify.com/kaitoeasyapi/premium-x-follower-scraper-following-data,https://github.com/monid-ai/monid/blob/c57aa3d4b2036f518cbc7d3879a097ac1c8af4ea/connectors/apify/endpoints/premium-x-follower-scraper-following-data/endpoint.ts
apify#crawlerbros/reddit-comment-scraper,apify,/crawlerbros/reddit-comment-scraper,List Reddit Comments,POST,https://api.apify.com/v2/acts/crawlerbros~reddit-comment-scraper/runs,https://api.apify.com,bearer,Authorization,apiKey,apiKey,body,polling_lifecycle_adapter,False,True,True,True,False,False,True,False,COMPOSITE,,$schema|maximum|minItems|minimum,False,False,False,True,True,True,reddit,https://apify.com/crawlerbros/reddit-comment-scraper,https://github.com/monid-ai/monid/blob/c57aa3d4b2036f518cbc7d3879a097ac1c8af4ea/connectors/apify/endpoints/reddit-comment-scraper/endpoint.ts
apify#trudax/reddit-scraper-lite,apify,/trudax/reddit-scraper-lite,Pull Reddit Posts,POST,https://api.apify.com/v2/acts/trudax~reddit-scraper-lite/runs,https://api.apify.com,bearer,Authorization,apiKey,apiKey,body,polling_lifecycle_adapter,False,True,True,True,False,False,True,False,COMPOSITE,,$schema|maximum|minimum|propertyNames,False,False,False,True,True,True,reddit,https://apify.com/trudax/reddit-scraper-lite,https://github.com/monid-ai/monid/blob/c57aa3d4b2036f518cbc7d3879a097ac1c8af4ea/connectors/apify/endpoints/reddit-scraper-lite/endpoint.ts
apify#automation-lab/snapchat-scraper,apify,/automation-lab/snapchat-scraper,Get Snapchat Profile,POST,https://api.apify.com/v2/acts/automation-lab~snapchat-scraper/runs,https://api.apify.com,bearer,Authorization,apiKey,apiKey,body,polling_lifecycle_adapter,False,True,True,True,False,False,True,False,COMPOSITE,,$schema|maximum|minimum,False,False,False,True,True,True,snapchat,https://apify.com/automation-lab/snapchat-scraper,https://github.com/monid-ai/monid/blob/c57aa3d4b2036f518cbc7d3879a097ac1c8af4ea/connectors/apify/endpoints/snapchat-scraper/endpoint.ts
apify#tri_angle/snapchat-spotlight-scraper,apify,/tri_angle/snapchat-spotlight-scraper,Get Snapchat Spotlight,POST,https://api.apify.com/v2/acts/tri_angle~snapchat-spotlight-scraper/runs,https://api.apify.com,bearer,Authorization,apiKey,apiKey,body,polling_lifecycle_adapter,False,True,True,True,False,False,True,False,COMPOSITE,,$schema,False,False,False,True,True,True,snapchat,https://apify.com/tri_angle/snapchat-spotlight-scraper,https://github.com/monid-ai/monid/blob/c57aa3d4b2036f518cbc7d3879a097ac1c8af4ea/connectors/apify/endpoints/snapchat-spotlight-scraper/endpoint.ts
apify#scraptik/tiktok-api,apify,/scraptik/tiktok-api,TikTok API,POST,https://api.apify.com/v2/acts/scraptik~tiktok-api/runs,https://api.apify.com,bearer,Authorization,apiKey,apiKey,body,polling_lifecycle_adapter,False,True,True,True,False,False,True,False,PER_CALL,,$schema|maximum|minimum,False,False,False,True,True,True,tiktok,https://apify.com/scraptik/tiktok-api,https://github.com/monid-ai/monid/blob/c57aa3d4b2036f518cbc7d3879a097ac1c8af4ea/connectors/apify/provider.ts
apify#scraptik/tiktok-comments-scraper-api,apify,/scraptik/tiktok-comments-scraper-api,List TikTok Comments,POST,https://api.apify.com/v2/acts/scraptik~tiktok-comments-scraper-api/runs,https://api.apify.com,bearer,Authorization,apiKey,apiKey,body,polling_lifecycle_adapter,False,True,True,True,False,False,True,False,COMPOSITE,,$schema|maximum|minimum,False,False,False,True,True,True,tiktok,https://apify.com/scraptik/tiktok-comments-scraper-api,https://github.com/monid-ai/monid/blob/c57aa3d4b2036f518cbc7d3879a097ac1c8af4ea/connectors/apify/provider.ts
apify#apidojo/tiktok-profile-scraper,apify,/apidojo/tiktok-profile-scraper,Get TikTok Profile,POST,https://api.apify.com/v2/acts/apidojo~tiktok-profile-scraper/runs,https://api.apify.com,bearer,Authorization,apiKey,apiKey,body,polling_lifecycle_adapter,False,True,True,True,False,False,True,False,PER_UNIT,,$schema|maximum|minimum,False,False,False,True,True,True,tiktok,https://apify.com/apidojo/tiktok-profile-scraper,https://github.com/monid-ai/monid/blob/c57aa3d4b2036f518cbc7d3879a097ac1c8af4ea/connectors/apify/endpoints/tiktok-profile-scraper/endpoint.ts
apify#apidojo/tiktok-scraper,apify,/apidojo/tiktok-scraper,Pull TikTok Posts,POST,https://api.apify.com/v2/acts/apidojo~tiktok-scraper/runs,https://api.apify.com,bearer,Authorization,apiKey,apiKey,body,polling_lifecycle_adapter,False,True,True,True,False,False,True,False,PER_UNIT,,$schema|maximum|minimum,False,False,False,True,True,True,tiktok,https://apify.com/apidojo/tiktok-scraper,https://github.com/monid-ai/monid/blob/c57aa3d4b2036f518cbc7d3879a097ac1c8af4ea/connectors/apify/endpoints/tiktok-profile-scraper/endpoint.ts
apify#clockworks/tiktok-video-scraper,apify,/clockworks/tiktok-video-scraper,Get TikTok Video,POST,https://api.apify.com/v2/acts/clockworks~tiktok-video-scraper/runs,https://api.apify.com,bearer,Authorization,apiKey,apiKey,body,polling_lifecycle_adapter,False,True,True,True,False,False,True,False,COMPOSITE,,$schema|maximum|minimum,False,False,False,True,True,True,tiktok,https://apify.com/clockworks/tiktok-video-scraper,https://github.com/monid-ai/monid/blob/c57aa3d4b2036f518cbc7d3879a097ac1c8af4ea/connectors/apify/endpoints/tiktok-video-scraper/endpoint.ts
apify#apidojo/tweet-scraper,apify,/apidojo/tweet-scraper,Search Tweets on X,POST,https://api.apify.com/v2/acts/apidojo~tweet-scraper/runs,https://api.apify.com,bearer,Authorization,apiKey,apiKey,body,polling_lifecycle_adapter,False,True,True,True,False,False,True,False,PER_UNIT,,$schema|maximum|minimum,False,False,False,True,False,False,twitter,https://apify.com/apidojo/tweet-scraper,https://github.com/monid-ai/monid/blob/c57aa3d4b2036f518cbc7d3879a097ac1c8af4ea/connectors/apify/endpoints/tiktok-profile-scraper/endpoint.ts
apify#dataovercoffee/youtube-channel-business-email-scraper,apify,/dataovercoffee/youtube-channel-business-email-scraper,Find YouTube Channel Emails,POST,https://api.apify.com/v2/acts/dataovercoffee~youtube-channel-business-email-scraper/runs,https://api.apify.com,bearer,Authorization,apiKey,apiKey,body,polling_lifecycle_adapter,False,True,True,True,False,False,True,False,COMPOSITE,,$schema|minItems,False,False,False,True,True,True,youtube,https://apify.com/dataovercoffee/youtube-channel-business-email-scraper,https://github.com/monid-ai/monid/blob/c57aa3d4b2036f518cbc7d3879a097ac1c8af4ea/connectors/apify/endpoints/youtube-channel-business-email-scraper/endpoint.ts
apify#streamers/youtube-comments-scraper,apify,/streamers/youtube-comments-scraper,List YouTube Comments,POST,https://api.apify.com/v2/acts/streamers~youtube-comments-scraper/runs,https://api.apify.com,bearer,Authorization,apiKey,apiKey,body,polling_lifecycle_adapter,False,True,True,True,False,False,True,False,PER_UNIT,,$schema|maximum|minimum,False,False,False,True,True,True,youtube,https://apify.com/streamers/youtube-comments-scraper,https://github.com/monid-ai/monid/blob/c57aa3d4b2036f518cbc7d3879a097ac1c8af4ea/connectors/apify/endpoints/youtube-comments-scraper/endpoint.ts
apify#streamers/youtube-scraper,apify,/streamers/youtube-scraper,Pull YouTube Videos,POST,https://api.apify.com/v2/acts/streamers~youtube-scraper/runs,https://api.apify.com,bearer,Authorization,apiKey,apiKey,body,polling_lifecycle_adapter,False,True,True,True,False,False,True,False,COMPOSITE,,$schema|maximum|minimum,False,False,False,True,True,True,youtube,https://apify.com/streamers/youtube-scraper,https://github.com/monid-ai/monid/blob/c57aa3d4b2036f518cbc7d3879a097ac1c8af4ea/connectors/apify/endpoints/youtube-scraper/endpoint.ts
apify#starvibe/youtube-video-transcript,apify,/starvibe/youtube-video-transcript,Get YouTube Transcript,POST,https://api.apify.com/v2/acts/starvibe~youtube-video-transcript/runs,https://api.apify.com,bearer,Authorization,apiKey,apiKey,body,polling_lifecycle_adapter,False,True,True,True,False,False,True,False,PER_UNIT,,$schema|maximum|minimum,False,False,False,True,True,True,youtube,https://apify.com/starvibe/youtube-video-transcript,https://github.com/monid-ai/monid/blob/c57aa3d4b2036f518cbc7d3879a097ac1c8af4ea/connectors/apify/endpoints/youtube-video-transcript/endpoint.ts
apollo#mixed_companies/search,apollo,/mixed_companies/search,Apollo Organization Search,POST,https://api.apollo.io/api/v1/mixed_companies/search,https://api.apollo.io,header,x-api-key,apiKey,apiKey,queryParams,plain_http_request_candidate,False,False,False,False,False,False,False,False,PER_UNIT,q_organization_domains_list[]|organization_num_employees_ranges[]|organization_locations[]|organization_not_locations[]|currently_using_any_of_technology_uids[]|q_organization_keyword_tags[]|organization_ids[]|q_organization_job_titles[]|organization_job_locations[],$schema|format|maxItems|maximum|minLength|minimum|pattern,False,True,False,True,True,True,company-enrichment,https://docs.apollo.io/reference/organization-search,https://github.com/monid-ai/monid/blob/c57aa3d4b2036f518cbc7d3879a097ac1c8af4ea/connectors/apollo/endpoints/mixed-companies-search/endpoint.ts
apollo#mixed_people/api_search,apollo,/mixed_people/api_search,Apollo People Search,POST,https://api.apollo.io/api/v1/mixed_people/api_search,https://api.apollo.io,header,x-api-key,apiKey,apiKey,queryParams,plain_http_request_candidate,False,False,False,False,False,False,False,False,FREE,person_titles[]|person_locations[]|person_seniorities[]|organization_locations[]|q_organization_domains_list[]|contact_email_status[]|organization_ids[]|organization_num_employees_ranges[]|currently_using_all_of_technology_uids[]|currently_using_any_of_technology_uids[]|currently_not_using_any_of_technology_uids[]|q_organization_job_titles[]|organization_job_locations[],$schema|format|maxItems|maximum|minLength|minimum|pattern,False,True,False,True,True,True,people-enrichment,https://docs.apollo.io/reference/people-api-search,https://github.com/monid-ai/monid/blob/c57aa3d4b2036f518cbc7d3879a097ac1c8af4ea/connectors/apollo/provider.ts
apollo#news_articles/search,apollo,/news_articles/search,Apollo News Articles Search,POST,https://api.apollo.io/api/v1/news_articles/search,https://api.apollo.io,header,x-api-key,apiKey,apiKey,queryParams,plain_http_request_candidate,False,False,False,False,False,False,False,False,PER_UNIT,organization_ids[]|categories[],$schema|format|maximum|minItems|minLength|minimum|pattern,False,True,False,True,True,True,company-news|company-enrichment,https://docs.apollo.io/reference/news-articles-search,https://github.com/monid-ai/monid/blob/c57aa3d4b2036f518cbc7d3879a097ac1c8af4ea/connectors/apollo/endpoints/mixed-companies-search/endpoint.ts
apollo#organizations/enrich,apollo,/organizations/enrich,Apollo Organization Enrichment,GET,https://api.apollo.io/api/v1/organizations/enrich,https://api.apollo.io,header,x-api-key,apiKey,apiKey,queryParams,plain_http_request_candidate,False,False,False,False,False,False,False,False,PER_UNIT,,$schema|anyOf|minLength|pattern,False,True,True,True,True,True,company-enrichment,https://docs.apollo.io/reference/organization-enrichment,https://github.com/monid-ai/monid/blob/c57aa3d4b2036f518cbc7d3879a097ac1c8af4ea/connectors/apollo/endpoints/organizations-enrich/endpoint.ts
apollo#organizations/job_postings,apollo,/organizations/job_postings,Apollo Organization Job Postings,GET,https://api.apollo.io/api/v1/organizations/{organization_id}/job_postings,https://api.apollo.io,header,x-api-key,apiKey,apiKey,queryParams|pathParams,plain_http_request_candidate,False,False,False,False,False,False,False,False,PER_UNIT,,$schema|maximum|minLength|minimum,False,True,True,True,False,False,jobs,https://docs.apollo.io/reference/organization-jobs-postings,https://github.com/monid-ai/monid/blob/c57aa3d4b2036f518cbc7d3879a097ac1c8af4ea/connectors/apollo/endpoints/mixed-companies-search/endpoint.ts
apollo#organizations/show,apollo,/organizations/show,Apollo Get Complete Organization Info,GET,https://api.apollo.io/api/v1/organizations/{id},https://api.apollo.io,header,x-api-key,apiKey,apiKey,pathParams,plain_http_request_candidate,False,False,False,False,False,False,False,False,PER_UNIT,,$schema|minLength,False,True,True,True,False,False,company-enrichment,https://docs.apollo.io/reference/get-complete-organization-info,https://github.com/monid-ai/monid/blob/c57aa3d4b2036f518cbc7d3879a097ac1c8af4ea/connectors/apollo/endpoints/organizations-enrich/endpoint.ts
apollo#people/match,apollo,/people/match,Apollo People Enrichment,POST,https://api.apollo.io/api/v1/people/match,https://api.apollo.io,header,x-api-key,apiKey,apiKey,queryParams,plain_http_request_candidate,False,False,False,False,False,False,False,False,PER_UNIT,,$schema|anyOf|minLength|pattern,False,True,True,True,True,True,people-enrichment,https://docs.apollo.io/reference/people-enrichment,https://github.com/monid-ai/monid/blob/c57aa3d4b2036f518cbc7d3879a097ac1c8af4ea/connectors/apollo/endpoints/organizations-enrich/endpoint.ts
apollo#people/show,apollo,/people/show,Apollo Get Complete Person Info,GET,https://api.apollo.io/api/v1/people/{id},https://api.apollo.io,header,x-api-key,apiKey,apiKey,pathParams,plain_http_request_candidate,False,False,False,False,False,False,False,False,PER_UNIT,,$schema|minLength,False,True,True,True,False,False,people-enrichment,https://docs.apollo.io/reference/get-complete-person-info,https://github.com/monid-ai/monid/blob/c57aa3d4b2036f518cbc7d3879a097ac1c8af4ea/connectors/apollo/endpoints/organizations-enrich/endpoint.ts
bytedance#v1/video/seedance-2.0,bytedance,/v1/video/seedance-2.0,Seedance 2.0 Video (BytePlus),POST,https://ark.ap-southeast.bytepluses.com/api/v3/contents/generations/tasks,https://ark.ap-southeast.bytepluses.com,bearer,Authorization,apiKey,apiKey,body,polling_lifecycle_adapter,True,True,True,False,False,False,True,True,COMPOSITE,,$schema|const|maxLength|maximum|minItems|minLength|minimum|oneOf|pattern,False,False,False,True,True,True,video-generation,https://docs.byteplus.com/en/docs/ModelArk,https://github.com/monid-ai/monid/blob/c57aa3d4b2036f518cbc7d3879a097ac1c8af4ea/connectors/bytedance/endpoints/seedance-2-0/endpoint.ts
bytedance#v1/video/seedance-2.0-fast,bytedance,/v1/video/seedance-2.0-fast,Seedance 2.0 Fast Video (BytePlus),POST,https://ark.ap-southeast.bytepluses.com/api/v3/contents/generations/tasks,https://ark.ap-southeast.bytepluses.com,bearer,Authorization,apiKey,apiKey,body,polling_lifecycle_adapter,True,True,True,False,False,False,True,True,COMPOSITE,,$schema|const|maxLength|maximum|minItems|minLength|minimum|oneOf|pattern,False,False,False,True,True,True,video-generation,https://docs.byteplus.com/en/docs/ModelArk,https://github.com/monid-ai/monid/blob/c57aa3d4b2036f518cbc7d3879a097ac1c8af4ea/connectors/bytedance/endpoints/seedance-2-0-fast/endpoint.ts
bytedance#v1/video/seedance-2.0-mini,bytedance,/v1/video/seedance-2.0-mini,Seedance 2.0 Mini Video (BytePlus),POST,https://ark.ap-southeast.bytepluses.com/api/v3/contents/generations/tasks,https://ark.ap-southeast.bytepluses.com,bearer,Authorization,apiKey,apiKey,body,polling_lifecycle_adapter,True,True,True,False,False,False,True,True,COMPOSITE,,$schema|const|maxLength|maximum|minItems|minLength|minimum|oneOf|pattern,False,False,False,True,True,True,video-generation,https://docs.byteplus.com/en/docs/ModelArk,https://github.com/monid-ai/monid/blob/c57aa3d4b2036f518cbc7d3879a097ac1c8af4ea/connectors/bytedance/endpoints/seedance-2-0-fast/endpoint.ts
bytedance#v1/video/seedance-2.5,bytedance,/v1/video/seedance-2.5,Seedance 2.5 Video (BytePlus),POST,https://ark.ap-southeast.bytepluses.com/api/v3/contents/generations/tasks,https://ark.ap-southeast.bytepluses.com,bearer,Authorization,apiKey,apiKey,body,polling_lifecycle_adapter,True,True,True,False,False,False,True,True,COMPOSITE,,$schema|anyOf|const|maxLength|maximum|minItems|minLength|minimum|oneOf|pattern,False,False,False,True,True,True,video-generation,https://docs.byteplus.com/en/docs/ModelArk,https://github.com/monid-ai/monid/blob/c57aa3d4b2036f518cbc7d3879a097ac1c8af4ea/connectors/bytedance/endpoints/seedance-2-5/endpoint.ts
clay#enrichment/company-domain,clay,/enrichment/company-domain,Find Company Domain from Name,POST,https://api.clay.com/public/v0/routines/function%3At_0tk3d4qnbeQmcGWPukV/run,https://api.clay.com,header,clay-api-key,apiKey,apiKey,body,polling_lifecycle_adapter,False,True,True,False,False,True,False,False,COMPOSITE,,$schema|minLength,False,False,False,True,True,True,company-enrichment,https://developers.clay.com/routines/clay-managed-functions,https://github.com/monid-ai/monid/blob/c57aa3d4b2036f518cbc7d3879a097ac1c8af4ea/connectors/clay/endpoints/company-domain/endpoint.ts
clay#enrichment/company-employee-count,clay,/enrichment/company-employee-count,Get Company Employee Count,POST,https://api.clay.com/public/v0/routines/function%3At_0tk3d4qtXDqcq8edu5B/run,https://api.clay.com,header,clay-api-key,apiKey,apiKey,body,polling_lifecycle_adapter,False,True,True,False,False,True,False,False,COMPOSITE,,$schema|minLength,False,False,False,True,True,True,company-enrichment,https://developers.clay.com/routines/clay-managed-functions,https://github.com/monid-ai/monid/blob/c57aa3d4b2036f518cbc7d3879a097ac1c8af4ea/connectors/clay/endpoints/company-domain/endpoint.ts
clay#enrichment/company-industry,clay,/enrichment/company-industry,Classify Company Industry,POST,https://api.clay.com/public/v0/routines/function%3At_0tk3d4qYNTzEG7jKkai/run,https://api.clay.com,header,clay-api-key,apiKey,apiKey,body,polling_lifecycle_adapter,False,True,True,False,False,True,False,False,COMPOSITE,,$schema|minLength,False,False,False,True,True,True,company-enrichment,https://developers.clay.com/routines/clay-managed-functions,https://github.com/monid-ai/monid/blob/c57aa3d4b2036f518cbc7d3879a097ac1c8af4ea/connectors/clay/endpoints/company-domain/endpoint.ts
clay#enrichment/company-job-openings,clay,/enrichment/company-job-openings,List Company Job Openings,POST,https://api.clay.com/public/v0/routines/function%3At_0tk3d4qgqWssSeHvRGk/run,https://api.clay.com,header,clay-api-key,apiKey,apiKey,body,polling_lifecycle_adapter,False,True,True,False,False,True,False,False,COMPOSITE,,$schema|minLength,False,False,False,True,True,True,jobs|company-enrichment,https://developers.clay.com/routines/clay-managed-functions,https://github.com/monid-ai/monid/blob/c57aa3d4b2036f518cbc7d3879a097ac1c8af4ea/connectors/clay/endpoints/company-domain/endpoint.ts
clay#enrichment/mobile-phone,clay,/enrichment/mobile-phone,Find Mobile Phone,POST,https://api.clay.com/public/v0/routines/function%3At_0tkthadtezqoRdgzpbf/run,https://api.clay.com,header,clay-api-key,apiKey,apiKey,body,polling_lifecycle_adapter,False,True,True,False,False,True,False,False,COMPOSITE,,$schema|minLength,False,False,False,True,True,True,people-enrichment,https://developers.clay.com/routines/clay-managed-functions,https://github.com/monid-ai/monid/blob/c57aa3d4b2036f518cbc7d3879a097ac1c8af4ea/connectors/clay/endpoints/company-domain/endpoint.ts
clay#enrichment/person,clay,/enrichment/person,Enrich Person,POST,https://api.clay.com/public/v0/routines/function%3At_0tkthabYBa6XQgknKwF/run,https://api.clay.com,header,clay-api-key,apiKey,apiKey,body,polling_lifecycle_adapter,False,True,True,False,False,True,False,False,COMPOSITE,,$schema|anyOf|minLength,False,False,False,True,True,True,people-enrichment,https://developers.clay.com/routines/clay-managed-functions,https://github.com/monid-ai/monid/blob/c57aa3d4b2036f518cbc7d3879a097ac1c8af4ea/connectors/clay/endpoints/company-domain/endpoint.ts
clay#search/query-mode,clay,/search/query-mode,Create Advanced Search,POST,https://api.clay.com/public/v0/search/query-mode,https://api.clay.com,header,clay-api-key,apiKey,apiKey,body,polling_lifecycle_adapter,False,True,True,False,False,True,False,False,FREE,,$schema|minLength,False,False,False,True,True,True,people-enrichment|company-enrichment,https://developers.clay.com/searches/advanced,https://github.com/monid-ai/monid/blob/c57aa3d4b2036f518cbc7d3879a097ac1c8af4ea/connectors/clay/provider.ts
clay#search/query-mode/reference,clay,/search/query-mode/reference,Get Search Query Reference,GET,https://api.clay.com/public/v0/search/query-mode/reference,https://api.clay.com,header,clay-api-key,apiKey,apiKey,,polling_lifecycle_adapter,False,True,True,False,False,True,False,False,FREE,,,False,False,False,True,True,True,people-enrichment|company-enrichment,https://developers.clay.com/searches/advanced,https://github.com/monid-ai/monid/blob/c57aa3d4b2036f518cbc7d3879a097ac1c8af4ea/connectors/clay/provider.ts
clay#search/query-mode/run,clay,/search/query-mode/run,Fetch Advanced Search Results,POST,https://api.clay.com/public/v0/search/query-mode/{search_id}/run,https://api.clay.com,header,clay-api-key,apiKey,apiKey,body|pathParams,polling_lifecycle_adapter,False,True,True,False,False,True,False,False,PER_UNIT,,$schema|maximum|minLength|minimum,False,False,False,True,True,True,people-enrichment|company-enrichment,https://developers.clay.com/searches/advanced,https://github.com/monid-ai/monid/blob/c57aa3d4b2036f518cbc7d3879a097ac1c8af4ea/connectors/clay/endpoints/query-mode-run/endpoint.ts
clay#enrichment/work-email,clay,/enrichment/work-email,Find Work Email,POST,https://api.clay.com/public/v0/routines/function%3At_0tkthaoxGPkkYMWFjN2/run,https://api.clay.com,header,clay-api-key,apiKey,apiKey,body,polling_lifecycle_adapter,False,True,True,False,False,True,False,False,COMPOSITE,,$schema|minLength,False,False,False,True,True,True,people-enrichment,https://developers.clay.com/routines/clay-managed-functions,https://github.com/monid-ai/monid/blob/c57aa3d4b2036f518cbc7d3879a097ac1c8af4ea/connectors/clay/endpoints/company-domain/endpoint.ts
cloro#monitor/aimode,cloro,/monitor/aimode,cloro Google AI Mode,POST,https://api.cloro.dev/v1/monitor/aimode,https://api.cloro.dev,bearer,Authorization,apiKey,apiKey,body,start_hook_adapter,False,True,False,False,False,False,True,True,COMPOSITE,,$schema|anyOf|maxLength|minLength,False,False,False,True,False,False,ai-search|geo,https://cloro.dev/docs/api-reference/endpoint/monitor-aimode,https://github.com/monid-ai/monid/blob/c57aa3d4b2036f518cbc7d3879a097ac1c8af4ea/connectors/cloro/endpoints/aimode/endpoint.ts
cloro#monitor/chatgpt,cloro,/monitor/chatgpt,cloro ChatGPT,POST,https://api.cloro.dev/v1/monitor/chatgpt,https://api.cloro.dev,bearer,Authorization,apiKey,apiKey,body,polling_lifecycle_adapter,False,True,True,False,False,False,True,True,COMPOSITE,,$schema|maxLength|minLength|pattern,False,False,False,True,False,False,ai-search|geo,https://cloro.dev/docs/api-reference/endpoint/monitor-chatgpt,https://github.com/monid-ai/monid/blob/c57aa3d4b2036f518cbc7d3879a097ac1c8af4ea/connectors/cloro/endpoints/chatgpt/endpoint.ts
cloro#monitor/copilot,cloro,/monitor/copilot,cloro Copilot,POST,https://api.cloro.dev/v1/monitor/copilot,https://api.cloro.dev,bearer,Authorization,apiKey,apiKey,body,polling_lifecycle_adapter,False,True,True,False,False,False,True,True,COMPOSITE,,$schema|maxLength|minLength|pattern,False,False,False,True,False,False,ai-search|geo,https://cloro.dev/docs/api-reference/endpoint/monitor-copilot,https://github.com/monid-ai/monid/blob/c57aa3d4b2036f518cbc7d3879a097ac1c8af4ea/connectors/cloro/endpoints/copilot/endpoint.ts
cloro#monitor/gemini,cloro,/monitor/gemini,cloro Gemini,POST,https://api.cloro.dev/v1/monitor/gemini,https://api.cloro.dev,bearer,Authorization,apiKey,apiKey,body,polling_lifecycle_adapter,False,True,True,False,False,False,True,True,COMPOSITE,,$schema|maxLength|minLength|pattern,False,False,False,True,False,False,ai-search|geo,https://cloro.dev/docs/api-reference/endpoint/monitor-gemini,https://github.com/monid-ai/monid/blob/c57aa3d4b2036f518cbc7d3879a097ac1c8af4ea/connectors/cloro/endpoints/copilot/endpoint.ts
cloro#monitor/google,cloro,/monitor/google,cloro Google Search,POST,https://api.cloro.dev/v1/monitor/google,https://api.cloro.dev,bearer,Authorization,apiKey,apiKey,body,start_hook_adapter,False,True,False,False,False,False,True,True,COMPOSITE,,$schema|anyOf|format|maxLength|maximum|minLength|minimum,False,False,False,True,False,False,web-search|seo|geo,https://cloro.dev/docs/api-reference/endpoint/monitor-google,https://github.com/monid-ai/monid/blob/c57aa3d4b2036f518cbc7d3879a097ac1c8af4ea/connectors/cloro/endpoints/google/endpoint.ts
cloro#monitor/google/news,cloro,/monitor/google/news,cloro Google News,POST,https://api.cloro.dev/v1/monitor/google/news,https://api.cloro.dev,bearer,Authorization,apiKey,apiKey,body,start_hook_adapter,False,True,False,False,False,False,True,True,COMPOSITE,,$schema|anyOf|maxLength|maximum|minLength|minimum,False,False,False,True,False,False,news-search,https://cloro.dev/docs/api-reference/endpoint/monitor-google-news,https://github.com/monid-ai/monid/blob/c57aa3d4b2036f518cbc7d3879a097ac1c8af4ea/connectors/cloro/endpoints/google-news/endpoint.ts
cloro#monitor/perplexity,cloro,/monitor/perplexity,cloro Perplexity,POST,https://api.cloro.dev/v1/monitor/perplexity,https://api.cloro.dev,bearer,Authorization,apiKey,apiKey,body,polling_lifecycle_adapter,False,True,True,False,False,False,True,True,COMPOSITE,,$schema|maxLength|minLength|pattern,False,False,False,True,False,False,ai-search|geo,https://cloro.dev/docs/api-reference/endpoint/monitor-perplexity,https://github.com/monid-ai/monid/blob/c57aa3d4b2036f518cbc7d3879a097ac1c8af4ea/connectors/cloro/endpoints/copilot/endpoint.ts
contactout#v1/company/search,contactout,/v1/company/search,Search Companies,POST,https://api.contactout.com/v1/company/search,https://api.contactout.com,header,token,workApiKey,workApiKey|personalApiKey,body,plain_http_request_candidate,False,False,False,False,False,False,True,False,PER_UNIT,,$schema|maxItems|maximum|minLength|minimum,False,False,False,True,True,True,company-enrichment,https://api.contactout.com/#company-search-api,https://github.com/monid-ai/monid/blob/c57aa3d4b2036f518cbc7d3879a097ac1c8af4ea/connectors/contactout/endpoints/company-search/endpoint.ts
contactout#v1/people/linkedin/personal-email,contactout,/v1/people/linkedin/personal-email,LinkedIn Contacts Only (Personal Email),GET,https://api.contactout.com/v1/people/linkedin,https://api.contactout.com,header,token,personalApiKey,workApiKey|personalApiKey,queryParams,plain_http_request_candidate,False,False,False,False,False,False,True,False,COMPOSITE,,$schema|pattern,False,False,False,True,True,True,people-enrichment,https://api.contactout.com/#contact-info-api-single,https://github.com/monid-ai/monid/blob/c57aa3d4b2036f518cbc7d3879a097ac1c8af4ea/connectors/contactout/endpoints/contact-info-personal-email/endpoint.ts
contactout#v1/people/linkedin/work-email,contactout,/v1/people/linkedin/work-email,LinkedIn Contacts Only (Work Email),GET,https://api.contactout.com/v1/people/linkedin,https://api.contactout.com,header,token,workApiKey,workApiKey|personalApiKey,queryParams,plain_http_request_candidate,False,False,False,False,False,False,True,False,COMPOSITE,,$schema|pattern,False,False,False,True,True,True,people-enrichment,https://api.contactout.com/#contact-info-api-single,https://github.com/monid-ai/monid/blob/c57aa3d4b2036f518cbc7d3879a097ac1c8af4ea/connectors/contactout/endpoints/contact-info-personal-email/endpoint.ts
contactout#v1/people/decision-makers/personal-email,contactout,/v1/people/decision-makers/personal-email,Find Decision Makers (Personal Email),GET,https://api.contactout.com/v1/people/decision-makers,https://api.contactout.com,header,token,personalApiKey,workApiKey|personalApiKey,queryParams,plain_http_request_candidate,False,False,False,False,False,False,True,False,COMPOSITE,,$schema|anyOf|maximum|minLength|minimum|pattern,False,False,False,True,True,True,people-enrichment,https://api.contactout.com/#decision-makers-api,https://github.com/monid-ai/monid/blob/c57aa3d4b2036f518cbc7d3879a097ac1c8af4ea/connectors/contactout/endpoints/decision-makers-personal-email/endpoint.ts
contactout#v1/people/decision-makers/work-email,contactout,/v1/people/decision-makers/work-email,Find Decision Makers (Work Email),GET,https://api.contactout.com/v1/people/decision-makers,https://api.contactout.com,header,token,workApiKey,workApiKey|personalApiKey,queryParams,plain_http_request_candidate,False,False,False,False,False,False,True,False,COMPOSITE,,$schema|anyOf|maximum|minLength|minimum|pattern,False,False,False,True,True,True,people-enrichment,https://api.contactout.com/#decision-makers-api,https://github.com/monid-ai/monid/blob/c57aa3d4b2036f518cbc7d3879a097ac1c8af4ea/connectors/contactout/endpoints/decision-makers-personal-email/endpoint.ts
contactout#v1/domain/enrich,contactout,/v1/domain/enrich,Enrich Company Domains,POST,https://api.contactout.com/v1/domain/enrich,https://api.contactout.com,header,token,workApiKey,workApiKey|personalApiKey,body,plain_http_request_candidate,False,False,False,False,False,False,True,False,PER_UNIT,,$schema|maxItems|minItems|minLength,False,False,False,True,True,True,company-enrichment,https://api.contactout.com/#company-information-from-domains,https://github.com/monid-ai/monid/blob/c57aa3d4b2036f518cbc7d3879a097ac1c8af4ea/connectors/contactout/endpoints/domain-enrich/endpoint.ts
contactout#v1/email/enrich/personal-email,contactout,/v1/email/enrich/personal-email,Profile from Email (Personal Email),GET,https://api.contactout.com/v1/email/enrich,https://api.contactout.com,header,token,personalApiKey,workApiKey|personalApiKey,queryParams,plain_http_request_candidate,False,False,False,False,False,False,True,False,COMPOSITE,,$schema|format|pattern,False,False,False,True,True,True,people-enrichment,https://api.contactout.com/#from-email-address,https://github.com/monid-ai/monid/blob/c57aa3d4b2036f518cbc7d3879a097ac1c8af4ea/connectors/contactout/endpoints/email-enrich-personal-email/endpoint.ts
contactout#v1/email/enrich/work-email,contactout,/v1/email/enrich/work-email,Profile from Email (Work Email),GET,https://api.contactout.com/v1/email/enrich,https://api.contactout.com,header,token,workApiKey,workApiKey|personalApiKey,queryParams,plain_http_request_candidate,False,False,False,False,False,False,True,False,COMPOSITE,,$schema|format|pattern,False,False,False,True,True,True,people-enrichment,https://api.contactout.com/#from-email-address,https://github.com/monid-ai/monid/blob/c57aa3d4b2036f518cbc7d3879a097ac1c8af4ea/connectors/contactout/endpoints/email-enrich-personal-email/endpoint.ts
contactout#v1/people/person,contactout,/v1/people/person,LinkedIn URL from Email,GET,https://api.contactout.com/v1/people/person,https://api.contactout.com,header,token,workApiKey,workApiKey|personalApiKey,queryParams,plain_http_request_candidate,False,False,False,False,False,False,True,False,PER_CALL,,$schema|format|pattern,False,False,False,True,True,True,people-enrichment,https://api.contactout.com/#email-to-linkedin-api,https://github.com/monid-ai/monid/blob/c57aa3d4b2036f518cbc7d3879a097ac1c8af4ea/connectors/contactout/provider.ts
contactout#v1/email/verify,contactout,/v1/email/verify,Verify Email,GET,https://api.contactout.com/v1/email/verify,https://api.contactout.com,header,token,workApiKey,workApiKey|personalApiKey,queryParams,plain_http_request_candidate,False,False,False,False,False,False,True,False,PER_UNIT,,$schema|format|pattern,False,False,False,True,True,True,people-enrichment,https://api.contactout.com/#email-verifier-api,https://github.com/monid-ai/monid/blob/c57aa3d4b2036f518cbc7d3879a097ac1c8af4ea/connectors/contactout/endpoints/email-verify/endpoint.ts
contactout#v1/linkedin/enrich/personal-email,contactout,/v1/linkedin/enrich/personal-email,LinkedIn Full Profile + Contacts (Personal Email),GET,https://api.contactout.com/v1/linkedin/enrich,https://api.contactout.com,header,token,personalApiKey,workApiKey|personalApiKey,queryParams,plain_http_request_candidate,False,False,False,False,False,False,True,False,COMPOSITE,,$schema|pattern,False,False,False,True,True,True,people-enrichment,https://api.contactout.com/#linkedin-profile-api,https://github.com/monid-ai/monid/blob/c57aa3d4b2036f518cbc7d3879a097ac1c8af4ea/connectors/contactout/endpoints/linkedin-enrich-personal-email/endpoint.ts
contactout#v1/linkedin/enrich/work-email,contactout,/v1/linkedin/enrich/work-email,LinkedIn Full Profile + Contacts (Work Email),GET,https://api.contactout.com/v1/linkedin/enrich,https://api.contactout.com,header,token,workApiKey,workApiKey|personalApiKey,queryParams,plain_http_request_candidate,False,False,False,False,False,False,True,False,COMPOSITE,,$schema|pattern,False,False,False,True,True,True,people-enrichment,https://api.contactout.com/#linkedin-profile-api,https://github.com/monid-ai/monid/blob/c57aa3d4b2036f518cbc7d3879a097ac1c8af4ea/connectors/contactout/endpoints/linkedin-enrich-personal-email/endpoint.ts
contactout#v1/people/count,contactout,/v1/people/count,Count Matching Profiles,POST,https://api.contactout.com/v1/people/count,https://api.contactout.com,header,token,workApiKey,workApiKey|personalApiKey,body,plain_http_request_candidate,False,False,False,False,False,False,True,False,FREE,,$schema|anyOf|maxItems|maximum|minLength|minimum|pattern,False,False,False,True,True,True,people-enrichment,https://api.contactout.com/#people-count-api,https://github.com/monid-ai/monid/blob/c57aa3d4b2036f518cbc7d3879a097ac1c8af4ea/connectors/contactout/provider.ts
contactout#v1/people/enrich/personal-email,contactout,/v1/people/enrich/personal-email,Enrich Person (Personal Email),POST,https://api.contactout.com/v1/people/enrich,https://api.contactout.com,header,token,personalApiKey,workApiKey|personalApiKey,body,plain_http_request_candidate,False,False,False,False,False,False,True,False,COMPOSITE,,$schema|format|maxItems|minLength|pattern,False,False,False,True,True,True,people-enrichment,https://api.contactout.com/#people-enrich-api,https://github.com/monid-ai/monid/blob/c57aa3d4b2036f518cbc7d3879a097ac1c8af4ea/connectors/contactout/endpoints/people-enrich-personal-email/endpoint.ts
contactout#v1/people/enrich/work-email,contactout,/v1/people/enrich/work-email,Enrich Person (Work Email),POST,https://api.contactout.com/v1/people/enrich,https://api.contactout.com,header,token,workApiKey,workApiKey|personalApiKey,body,plain_http_request_candidate,False,False,False,False,False,False,True,False,COMPOSITE,,$schema|format|maxItems|minLength|pattern,False,False,False,True,True,True,people-enrichment,https://api.contactout.com/#people-enrich-api,https://github.com/monid-ai/monid/blob/c57aa3d4b2036f518cbc7d3879a097ac1c8af4ea/connectors/contactout/endpoints/people-enrich-work-email/endpoint.ts
contactout#v1/people/search/personal-email,contactout,/v1/people/search/personal-email,Search People (Personal Email),POST,https://api.contactout.com/v1/people/search,https://api.contactout.com,header,token,personalApiKey,workApiKey|personalApiKey,body,plain_http_request_candidate,False,False,False,False,False,False,True,False,COMPOSITE,,$schema|anyOf|maxItems|maximum|minLength|minimum|pattern,False,False,False,True,True,True,people-enrichment,https://api.contactout.com/#people-search-api,https://github.com/monid-ai/monid/blob/c57aa3d4b2036f518cbc7d3879a097ac1c8af4ea/connectors/contactout/endpoints/people-search-personal-email/endpoint.ts
contactout#v1/people/search/work-email,contactout,/v1/people/search/work-email,Search People (Work Email),POST,https://api.contactout.com/v1/people/search,https://api.contactout.com,header,token,workApiKey,workApiKey|personalApiKey,body,plain_http_request_candidate,False,False,False,False,False,False,True,False,COMPOSITE,,$schema|anyOf|maxItems|maximum|minLength|minimum|pattern,False,False,False,True,True,True,people-enrichment,https://api.contactout.com/#people-search-api,https://github.com/monid-ai/monid/blob/c57aa3d4b2036f518cbc7d3879a097ac1c8af4ea/connectors/contactout/endpoints/people-search-personal-email/endpoint.ts
contactout#v1/people/linkedin/personal_email_status,contactout,/v1/people/linkedin/personal_email_status,Check Personal Email Availability,GET,https://api.contactout.com/v1/people/linkedin/personal_email_status,https://api.contactout.com,header,token,personalApiKey,workApiKey|personalApiKey,queryParams,plain_http_request_candidate,False,False,False,False,False,False,True,False,FREE,,$schema|pattern,False,False,False,True,True,True,people-enrichment,https://api.contactout.com/#personal-email-checker,https://github.com/monid-ai/monid/blob/c57aa3d4b2036f518cbc7d3879a097ac1c8af4ea/connectors/contactout/provider.ts
contactout#v1/people/linkedin/phone_status,contactout,/v1/people/linkedin/phone_status,Check Phone Availability,GET,https://api.contactout.com/v1/people/linkedin/phone_status,https://api.contactout.com,header,token,workApiKey,workApiKey|personalApiKey,queryParams,plain_http_request_candidate,False,False,False,False,False,False,True,False,FREE,,$schema|pattern,False,False,False,True,True,True,people-enrichment,https://api.contactout.com/#phone-number-checker,https://github.com/monid-ai/monid/blob/c57aa3d4b2036f518cbc7d3879a097ac1c8af4ea/connectors/contactout/provider.ts
contactout#v1/people/linkedin/work_email_status,contactout,/v1/people/linkedin/work_email_status,Check Work Email Availability,GET,https://api.contactout.com/v1/people/linkedin/work_email_status,https://api.contactout.com,header,token,workApiKey,workApiKey|personalApiKey,queryParams,plain_http_request_candidate,False,False,False,False,False,False,True,False,FREE,,$schema|pattern,False,False,False,True,True,True,people-enrichment,https://api.contactout.com/#work-email-checker,https://github.com/monid-ai/monid/blob/c57aa3d4b2036f518cbc7d3879a097ac1c8af4ea/connectors/contactout/provider.ts
contextdev#brand/ai/product,contextdev,/brand/ai/product,Extract Product,POST,https://api.context.dev/v1/brand/ai/product,https://api.context.dev,bearer,Authorization,apiKey,apiKey,body,plain_http_request_candidate,False,False,False,False,False,False,True,True,PER_CALL,,$schema|maximum|minimum|pattern,False,False,False,True,False,True,web-extraction,https://docs.context.dev/api-reference/web-extraction/product,https://github.com/monid-ai/monid/blob/c57aa3d4b2036f518cbc7d3879a097ac1c8af4ea/connectors/contextdev/provider.ts
contextdev#brand/ai/products,contextdev,/brand/ai/products,Extract Products,POST,https://api.context.dev/v1/brand/ai/products,https://api.context.dev,bearer,Authorization,apiKey,apiKey,body,plain_http_request_candidate,False,False,False,False,False,False,True,True,PER_CALL,,$schema|anyOf|maximum|minLength|minimum|pattern,False,False,False,True,False,True,web-extraction,https://docs.context.dev/api-reference/web-extraction/products,https://github.com/monid-ai/monid/blob/c57aa3d4b2036f518cbc7d3879a097ac1c8af4ea/connectors/contextdev/provider.ts
contextdev#brand/retrieve,contextdev,/brand/retrieve,Retrieve Brand,POST,https://api.context.dev/v1/brand/retrieve,https://api.context.dev,bearer,Authorization,apiKey,apiKey,body,plain_http_request_candidate,False,False,False,False,False,False,True,True,PER_CALL,,$schema|anyOf|const|maxLength|maximum|minLength|minimum|pattern,False,False,False,True,False,True,company-enrichment,https://docs.context.dev/api-reference/brand-intelligence/brand,https://github.com/monid-ai/monid/blob/c57aa3d4b2036f518cbc7d3879a097ac1c8af4ea/connectors/contextdev/provider.ts
contextdev#brand/search,contextdev,/brand/search,Search Brands,GET,https://api.context.dev/v1/brand/search,https://api.context.dev,bearer,Authorization,apiKey,apiKey,queryParams,plain_http_request_candidate,False,False,False,False,False,True,True,True,FREE,queryBy,$schema|maxLength|maximum|minItems|minLength|minimum,False,False,False,True,False,True,company-enrichment,https://docs.context.dev/api-reference/brand-intelligence/search,https://github.com/monid-ai/monid/blob/c57aa3d4b2036f518cbc7d3879a097ac1c8af4ea/connectors/contextdev/provider.ts
contextdev#news/search,contextdev,/news/search,Search Company News,POST,https://api.context.dev/v1/news/search,https://api.context.dev,bearer,Authorization,apiKey,apiKey,body,plain_http_request_candidate,False,False,False,False,False,False,True,True,PER_UNIT,,$schema|anyOf|const|maxItems|maxLength|maximum|minItems|minLength|minimum|pattern,False,False,False,True,False,True,company-news,https://docs.context.dev/api-reference/news/search,https://github.com/monid-ai/monid/blob/c57aa3d4b2036f518cbc7d3879a097ac1c8af4ea/connectors/contextdev/endpoints/news-search/endpoint.ts
contextdev#people/enrich,contextdev,/people/enrich,Enrich Person,POST,https://api.context.dev/v1/people/enrich,https://api.context.dev,bearer,Authorization,apiKey,apiKey,body,plain_http_request_candidate,False,False,False,False,False,False,True,True,PER_UNIT,,$schema|anyOf|maxItems|maxLength|maximum|minItems|minLength|minimum|pattern,False,False,False,True,False,True,people-enrichment,https://docs.context.dev/api-reference/people/enrich,https://github.com/monid-ai/monid/blob/c57aa3d4b2036f518cbc7d3879a097ac1c8af4ea/connectors/apollo/endpoints/organizations-enrich/endpoint.ts
contextdev#utility/prefetch,contextdev,/utility/prefetch,Prefetch Brand Data,POST,https://api.context.dev/v1/utility/prefetch,https://api.context.dev,bearer,Authorization,apiKey,apiKey,body,plain_http_request_candidate,False,False,False,False,False,False,True,True,FREE,,$schema|anyOf|const|maximum|minLength|minimum|pattern,False,False,False,True,False,True,company-enrichment,https://docs.context.dev/api-reference/utility/prefetch,https://github.com/monid-ai/monid/blob/c57aa3d4b2036f518cbc7d3879a097ac1c8af4ea/connectors/contextdev/provider.ts
contextdev#web/crawl,contextdev,/web/crawl,Crawl Website,POST,https://api.context.dev/v1/web/crawl,https://api.context.dev,bearer,Authorization,apiKey,apiKey,body,plain_http_request_candidate,False,False,False,False,False,False,True,True,PER_UNIT,,$schema|maxItems|maxLength|maximum|minimum|pattern,False,False,False,True,False,True,web-extraction,https://docs.context.dev/api-reference/web-scraping/crawl,https://github.com/monid-ai/monid/blob/c57aa3d4b2036f518cbc7d3879a097ac1c8af4ea/connectors/contextdev/endpoints/web-crawl/endpoint.ts
contextdev#web/extract,contextdev,/web/extract,Extract Structured Data,POST,https://api.context.dev/v1/web/extract,https://api.context.dev,bearer,Authorization,apiKey,apiKey,body,plain_http_request_candidate,False,False,False,False,False,False,True,True,PER_CALL,,$schema|maxLength|maximum|minimum|pattern|propertyNames,False,False,False,True,False,True,web-extraction,https://docs.context.dev/api-reference/web-extraction/extract,https://github.com/monid-ai/monid/blob/c57aa3d4b2036f518cbc7d3879a097ac1c8af4ea/connectors/contextdev/provider.ts
contextdev#web/fonts,contextdev,/web/fonts,Scrape Fonts,GET,https://api.context.dev/v1/web/fonts,https://api.context.dev,bearer,Authorization,apiKey,apiKey,queryParams,plain_http_request_candidate,False,False,False,False,False,False,True,True,PER_CALL,,$schema|anyOf|maximum|minLength|minimum|pattern,False,False,False,True,False,True,web-extraction,https://docs.context.dev/api-reference/brand-intelligence/fonts,https://github.com/monid-ai/monid/blob/c57aa3d4b2036f518cbc7d3879a097ac1c8af4ea/connectors/contextdev/provider.ts
contextdev#web/naics,contextdev,/web/naics,NAICS Classification,GET,https://api.context.dev/v1/web/naics,https://api.context.dev,bearer,Authorization,apiKey,apiKey,queryParams,plain_http_request_candidate,False,False,False,False,False,False,True,True,PER_CALL,,$schema|maximum|minLength|minimum,False,False,False,True,False,True,company-enrichment,https://docs.context.dev/api-reference/web-extraction/naics,https://github.com/monid-ai/monid/blob/c57aa3d4b2036f518cbc7d3879a097ac1c8af4ea/connectors/contextdev/provider.ts
contextdev#web/scrape/html,contextdev,/web/scrape/html,Scrape HTML,GET,https://api.context.dev/v1/web/scrape/html,https://api.context.dev,bearer,Authorization,apiKey,apiKey,queryParams,plain_http_request_candidate,False,False,False,False,False,False,True,True,PER_CALL,,$schema|maximum|minimum|pattern,False,False,False,True,False,True,web-extraction,https://docs.context.dev/api-reference/web-scraping/html,https://github.com/monid-ai/monid/blob/c57aa3d4b2036f518cbc7d3879a097ac1c8af4ea/connectors/contextdev/provider.ts
contextdev#web/scrape/images,contextdev,/web/scrape/images,Scrape Images,GET,https://api.context.dev/v1/web/scrape/images,https://api.context.dev,bearer,Authorization,apiKey,apiKey,queryParams,plain_http_request_candidate,False,False,False,False,False,False,True,True,PER_CALL,,$schema|maximum|minimum|pattern,False,False,False,True,False,True,web-extraction,https://docs.context.dev/api-reference/web-scraping/images,https://github.com/monid-ai/monid/blob/c57aa3d4b2036f518cbc7d3879a097ac1c8af4ea/connectors/contextdev/provider.ts
contextdev#web/scrape/markdown,contextdev,/web/scrape/markdown,Scrape Markdown,GET,https://api.context.dev/v1/web/scrape/markdown,https://api.context.dev,bearer,Authorization,apiKey,apiKey,queryParams,plain_http_request_candidate,False,False,False,False,False,False,True,True,PER_CALL,,$schema|maximum|minimum|pattern,False,False,False,True,False,True,web-extraction,https://docs.context.dev/api-reference/web-scraping/markdown,https://github.com/monid-ai/monid/blob/c57aa3d4b2036f518cbc7d3879a097ac1c8af4ea/connectors/contextdev/provider.ts
contextdev#web/scrape/sitemap,contextdev,/web/scrape/sitemap,Crawl Sitemap,GET,https://api.context.dev/v1/web/scrape/sitemap,https://api.context.dev,bearer,Authorization,apiKey,apiKey,queryParams,plain_http_request_candidate,False,False,False,False,False,False,True,True,COMPOSITE,,$schema|maxLength|maximum|minLength|minimum|pattern,False,False,False,True,False,True,web-extraction,https://docs.context.dev/api-reference/web-scraping/sitemap,https://github.com/monid-ai/monid/blob/c57aa3d4b2036f518cbc7d3879a097ac1c8af4ea/connectors/contextdev/endpoints/web-scrape-sitemap/endpoint.ts
contextdev#web/screenshot,contextdev,/web/screenshot,Capture Screenshot,GET,https://api.context.dev/v1/web/screenshot,https://api.context.dev,bearer,Authorization,apiKey,apiKey,queryParams,plain_http_request_candidate,False,False,False,False,False,False,True,True,PER_CALL,,$schema|anyOf|maximum|minLength|minimum|pattern,False,False,False,True,False,True,web-extraction,https://docs.context.dev/api-reference/web-scraping/screenshot,https://github.com/monid-ai/monid/blob/c57aa3d4b2036f518cbc7d3879a097ac1c8af4ea/connectors/contextdev/provider.ts
contextdev#web/search,contextdev,/web/search,Web Search,POST,https://api.context.dev/v1/web/search,https://api.context.dev,bearer,Authorization,apiKey,apiKey,body,plain_http_request_candidate,False,False,False,False,False,False,True,True,PER_UNIT,,$schema|maxLength|maximum|minLength|minimum,False,False,False,True,False,True,web-search,https://docs.context.dev/api-reference/web-scraping/search,https://github.com/monid-ai/monid/blob/c57aa3d4b2036f518cbc7d3879a097ac1c8af4ea/connectors/contextdev/endpoints/web-search/endpoint.ts
contextdev#web/sic,contextdev,/web/sic,SIC Classification,GET,https://api.context.dev/v1/web/sic,https://api.context.dev,bearer,Authorization,apiKey,apiKey,queryParams,plain_http_request_candidate,False,False,False,False,False,False,True,True,PER_CALL,,$schema|maximum|minLength|minimum,False,False,False,True,False,True,company-enrichment,https://docs.context.dev/api-reference/web-extraction/sic,https://github.com/monid-ai/monid/blob/c57aa3d4b2036f518cbc7d3879a097ac1c8af4ea/connectors/contextdev/provider.ts
contextdev#web/styleguide,contextdev,/web/styleguide,Extract Styleguide,GET,https://api.context.dev/v1/web/styleguide,https://api.context.dev,bearer,Authorization,apiKey,apiKey,queryParams,plain_http_request_candidate,False,False,False,False,False,False,True,True,PER_CALL,,$schema|anyOf|maximum|minLength|minimum|pattern,False,False,False,True,False,True,web-extraction,https://docs.context.dev/api-reference/brand-intelligence/styleguide,https://github.com/monid-ai/monid/blob/c57aa3d4b2036f518cbc7d3879a097ac1c8af4ea/connectors/contextdev/provider.ts
dataforseo#ai/chatgpt-models,dataforseo,/ai/chatgpt-models,ChatGPT Models,GET,https://api.dataforseo.com/v3/ai_optimization/chat_gpt/llm_responses/models,https://api.dataforseo.com,basic,Authorization,login+password,login|password,queryParams,start_hook_adapter,False,True,False,False,False,True,True,True,FREE,,$schema|maxLength|maximum|minLength|minimum,False,False,False,False,True,True,geo,https://docs.dataforseo.com/v3/ai_optimization/chat_gpt/llm_responses/models/,https://github.com/monid-ai/monid/blob/c57aa3d4b2036f518cbc7d3879a097ac1c8af4ea/connectors/dataforseo/provider.ts
dataforseo#ai/chatgpt-response,dataforseo,/ai/chatgpt-response,Ask ChatGPT,POST,https://api.dataforseo.com/v3/ai_optimization/chat_gpt/llm_responses/live,https://api.dataforseo.com,basic,Authorization,login+password,login|password,body,start_hook_adapter,True,True,False,False,False,True,True,True,PER_CALL,,$schema|maxLength|maximum|minLength|minimum|propertyNames,False,False,False,True,True,True,geo,https://docs.dataforseo.com/v3/ai_optimization/chat_gpt/llm_responses/live/,https://github.com/monid-ai/monid/blob/c57aa3d4b2036f518cbc7d3879a097ac1c8af4ea/connectors/dataforseo/provider.ts
dataforseo#ai/chatgpt-search,dataforseo,/ai/chatgpt-search,ChatGPT Search Answer,POST,https://api.dataforseo.com/v3/ai_optimization/chat_gpt/llm_scraper/live/advanced,https://api.dataforseo.com,basic,Authorization,login+password,login|password,body,start_hook_adapter,False,True,False,False,False,True,True,True,PER_CALL,,$schema|exclusiveMinimum|maxLength|maximum|minLength,False,False,False,False,True,True,ai-search|geo,https://docs.dataforseo.com/v3/ai_optimization/chat_gpt/llm_scraper/live/advanced/,https://github.com/monid-ai/monid/blob/c57aa3d4b2036f518cbc7d3879a097ac1c8af4ea/connectors/dataforseo/provider.ts
dataforseo#ai/chatgpt-search-locations,dataforseo,/ai/chatgpt-search-locations,ChatGPT Search Locations,GET,https://api.dataforseo.com/v3/ai_optimization/chat_gpt/llm_scraper/locations/{country},https://api.dataforseo.com,basic,Authorization,login+password,login|password,queryParams|pathParams,start_hook_adapter,False,True,False,False,False,True,True,True,FREE,,$schema|maxLength|maximum|minLength|minimum,False,False,False,False,True,True,ai-search,https://docs.dataforseo.com/v3/ai_optimization/chat_gpt/llm_scraper/locations/{country}/,https://github.com/monid-ai/monid/blob/c57aa3d4b2036f518cbc7d3879a097ac1c8af4ea/connectors/dataforseo/provider.ts
dataforseo#ai/claude-models,dataforseo,/ai/claude-models,Claude Models,GET,https://api.dataforseo.com/v3/ai_optimization/claude/llm_responses/models,https://api.dataforseo.com,basic,Authorization,login+password,login|password,queryParams,start_hook_adapter,False,True,False,False,False,True,True,True,FREE,,$schema|maxLength|maximum|minLength|minimum,False,False,False,False,True,True,geo,https://docs.dataforseo.com/v3/ai_optimization/claude/llm_responses/models/,https://github.com/monid-ai/monid/blob/c57aa3d4b2036f518cbc7d3879a097ac1c8af4ea/connectors/dataforseo/provider.ts
dataforseo#ai/claude-response,dataforseo,/ai/claude-response,Ask Claude,POST,https://api.dataforseo.com/v3/ai_optimization/claude/llm_responses/live,https://api.dataforseo.com,basic,Authorization,login+password,login|password,body,start_hook_adapter,True,True,False,False,False,True,True,True,PER_CALL,,$schema|maxLength|maximum|minLength|minimum|propertyNames,False,False,False,False,True,True,geo,https://docs.dataforseo.com/v3/ai_optimization/claude/llm_responses/live/,https://github.com/monid-ai/monid/blob/c57aa3d4b2036f518cbc7d3879a097ac1c8af4ea/connectors/dataforseo/provider.ts
dataforseo#ai/gemini-models,dataforseo,/ai/gemini-models,Gemini Models,GET,https://api.dataforseo.com/v3/ai_optimization/gemini/llm_responses/models,https://api.dataforseo.com,basic,Authorization,login+password,login|password,queryParams,start_hook_adapter,False,True,False,False,False,True,True,True,FREE,,$schema|maxLength|maximum|minLength|minimum,False,False,False,False,True,True,geo,https://docs.dataforseo.com/v3/ai_optimization/gemini/llm_responses/models/,https://github.com/monid-ai/monid/blob/c57aa3d4b2036f518cbc7d3879a097ac1c8af4ea/connectors/dataforseo/provider.ts
dataforseo#ai/gemini-response,dataforseo,/ai/gemini-response,Ask Gemini,POST,https://api.dataforseo.com/v3/ai_optimization/gemini/llm_responses/live,https://api.dataforseo.com,basic,Authorization,login+password,login|password,body,start_hook_adapter,True,True,False,False,False,True,True,True,PER_CALL,,$schema|maxLength|maximum|minLength|minimum|propertyNames,False,False,False,False,True,True,geo,https://docs.dataforseo.com/v3/ai_optimization/gemini/llm_responses/live/,https://github.com/monid-ai/monid/blob/c57aa3d4b2036f518cbc7d3879a097ac1c8af4ea/connectors/dataforseo/provider.ts
dataforseo#ai/gemini-search,dataforseo,/ai/gemini-search,Gemini Search Answer,POST,https://api.dataforseo.com/v3/ai_optimization/gemini/llm_scraper/live/advanced,https://api.dataforseo.com,basic,Authorization,login+password,login|password,body,start_hook_adapter,False,True,False,False,False,True,True,True,PER_CALL,,$schema|exclusiveMinimum|maxLength|maximum|minLength,False,False,False,False,True,True,ai-search|geo,https://docs.dataforseo.com/v3/ai_optimization/gemini/llm_scraper/live/advanced/,https://github.com/monid-ai/monid/blob/c57aa3d4b2036f518cbc7d3879a097ac1c8af4ea/connectors/dataforseo/provider.ts
dataforseo#ai/keyword-filters,dataforseo,/ai/keyword-filters,AI Keyword Filter Fields,GET,https://api.dataforseo.com/v3/ai_optimization/ai_keyword_data/available_filters,https://api.dataforseo.com,basic,Authorization,login+password,login|password,queryParams,start_hook_adapter,False,True,False,False,False,True,True,True,FREE,,$schema,False,False,False,False,True,True,geo,https://docs.dataforseo.com/v3/ai_optimization/ai_keyword_data/available_filters/,https://github.com/monid-ai/monid/blob/c57aa3d4b2036f518cbc7d3879a097ac1c8af4ea/connectors/dataforseo/provider.ts
dataforseo#ai/keyword-locations,dataforseo,/ai/keyword-locations,AI Keyword Locations,GET,https://api.dataforseo.com/v3/ai_optimization/ai_keyword_data/locations_and_languages,https://api.dataforseo.com,basic,Authorization,login+password,login|password,queryParams,start_hook_adapter,False,True,False,False,False,True,True,True,FREE,,$schema|maxLength|maximum|minLength|minimum,False,False,False,False,True,True,geo,https://docs.dataforseo.com/v3/ai_optimization/ai_keyword_data/locations_and_languages/,https://github.com/monid-ai/monid/blob/c57aa3d4b2036f518cbc7d3879a097ac1c8af4ea/connectors/dataforseo/provider.ts
dataforseo#ai/keyword-search-volume,dataforseo,/ai/keyword-search-volume,AI Search Volume,POST,https://api.dataforseo.com/v3/ai_optimization/ai_keyword_data/keywords_search_volume/live,https://api.dataforseo.com,basic,Authorization,login+password,login|password,body,start_hook_adapter,False,True,False,False,False,True,True,True,COMPOSITE,,$schema|exclusiveMinimum|maxItems|maxLength|maximum|minItems|minLength,False,False,False,False,True,True,geo,https://docs.dataforseo.com/v3/ai_optimization/ai_keyword_data/keywords_search_volume/live/,https://github.com/monid-ai/monid/blob/c57aa3d4b2036f518cbc7d3879a097ac1c8af4ea/connectors/dataforseo/endpoints/ai-keyword-search-volume/endpoint.ts
dataforseo#ai/mentions-filters,dataforseo,/ai/mentions-filters,AI Mentions Filter Fields,GET,https://api.dataforseo.com/v3/ai_optimization/llm_mentions/available_filters,https://api.dataforseo.com,basic,Authorization,login+password,login|password,queryParams,start_hook_adapter,False,True,False,False,False,True,True,True,FREE,,$schema,False,False,False,False,True,True,geo,https://docs.dataforseo.com/v3/ai_optimization/llm_mentions/available_filters/,https://github.com/monid-ai/monid/blob/c57aa3d4b2036f518cbc7d3879a097ac1c8af4ea/connectors/dataforseo/provider.ts
dataforseo#ai/mentions-historical,dataforseo,/ai/mentions-historical,AI Mention History,POST,https://api.dataforseo.com/v3/ai_optimization/llm_mentions/historical/live,https://api.dataforseo.com,basic,Authorization,login+password,login|password,body,start_hook_adapter,False,True,False,False,False,True,True,True,COMPOSITE,,$schema|anyOf|exclusiveMinimum|format|maxItems|maxLength|maximum|minItems|minLength|pattern,False,False,False,False,True,True,geo,https://docs.dataforseo.com/v3/ai_optimization/llm_mentions/historical/live/,https://github.com/monid-ai/monid/blob/c57aa3d4b2036f518cbc7d3879a097ac1c8af4ea/connectors/dataforseo/endpoints/ai-mentions-historical/endpoint.ts
dataforseo#ai/mentions-locations,dataforseo,/ai/mentions-locations,AI Mentions Locations,GET,https://api.dataforseo.com/v3/ai_optimization/llm_mentions/locations_and_languages,https://api.dataforseo.com,basic,Authorization,login+password,login|password,queryParams,start_hook_adapter,False,True,False,False,False,True,True,True,FREE,,$schema|maxLength|maximum|minLength|minimum,False,False,False,False,True,True,geo,https://docs.dataforseo.com/v3/ai_optimization/llm_mentions/locations_and_languages/,https://github.com/monid-ai/monid/blob/c57aa3d4b2036f518cbc7d3879a097ac1c8af4ea/connectors/dataforseo/provider.ts
dataforseo#ai/mentions-multi-target-metrics,dataforseo,/ai/mentions-multi-target-metrics,Compare AI Mentions,POST,https://api.dataforseo.com/v3/ai_optimization/llm_mentions/multi_target_metrics/live,https://api.dataforseo.com,basic,Authorization,login+password,login|password,body,start_hook_adapter,False,True,False,False,False,True,True,True,COMPOSITE,,$schema|anyOf|exclusiveMinimum|maxItems|maxLength|maximum|minItems|minLength|minimum,False,False,False,False,True,True,geo,https://docs.dataforseo.com/v3/ai_optimization/llm_mentions/multi_target_metrics/live/,https://github.com/monid-ai/monid/blob/c57aa3d4b2036f518cbc7d3879a097ac1c8af4ea/connectors/dataforseo/endpoints/ai-mentions-multi-target-metrics/endpoint.ts
dataforseo#ai/mentions-search,dataforseo,/ai/mentions-search,Search AI Mentions,POST,https://api.dataforseo.com/v3/ai_optimization/llm_mentions/search_mentions/live,https://api.dataforseo.com,basic,Authorization,login+password,login|password,body,start_hook_adapter,False,True,False,False,False,True,True,True,COMPOSITE,,$schema|anyOf|exclusiveMinimum|maxItems|maxLength|maximum|minItems|minLength|minimum,False,False,False,False,True,True,geo,https://docs.dataforseo.com/v3/ai_optimization/llm_mentions/search_mentions/live/,https://github.com/monid-ai/monid/blob/c57aa3d4b2036f518cbc7d3879a097ac1c8af4ea/connectors/dataforseo/endpoints/ai-mentions-multi-target-metrics/endpoint.ts
dataforseo#ai/mentions-target-metrics,dataforseo,/ai/mentions-target-metrics,AI Mention Metrics,POST,https://api.dataforseo.com/v3/ai_optimization/llm_mentions/target_metrics/live,https://api.dataforseo.com,basic,Authorization,login+password,login|password,body,start_hook_adapter,False,True,False,False,False,True,True,True,COMPOSITE,,$schema|anyOf|exclusiveMinimum|maxItems|maxLength|maximum|minItems|minLength|minimum,False,False,False,False,True,True,geo,https://docs.dataforseo.com/v3/ai_optimization/llm_mentions/target_metrics/live/,https://github.com/monid-ai/monid/blob/c57aa3d4b2036f518cbc7d3879a097ac1c8af4ea/connectors/dataforseo/endpoints/ai-mentions-historical/endpoint.ts
dataforseo#ai/mentions-timeseries-delta,dataforseo,/ai/mentions-timeseries-delta,AI Mention Changes,POST,https://api.dataforseo.com/v3/ai_optimization/llm_mentions/timeseries_delta/live,https://api.dataforseo.com,basic,Authorization,login+password,login|password,body,start_hook_adapter,False,True,False,False,False,True,True,True,COMPOSITE,,$schema|anyOf|exclusiveMinimum|format|maxItems|maxLength|maximum|minItems|minLength|pattern,False,False,False,False,True,True,geo,https://docs.dataforseo.com/v3/ai_optimization/llm_mentions/timeseries_delta/live/,https://github.com/monid-ai/monid/blob/c57aa3d4b2036f518cbc7d3879a097ac1c8af4ea/connectors/dataforseo/endpoints/ai-mentions-historical/endpoint.ts
dataforseo#ai/mentions-timeseries-new-lost,dataforseo,/ai/mentions-timeseries-new-lost,New Lost AI Mentions,POST,https://api.dataforseo.com/v3/ai_optimization/llm_mentions/timeseries_new_lost/live,https://api.dataforseo.com,basic,Authorization,login+password,login|password,body,start_hook_adapter,False,True,False,False,False,True,True,True,COMPOSITE,,$schema|anyOf|exclusiveMinimum|format|maxItems|maxLength|maximum|minItems|minLength|pattern,False,False,False,False,True,True,geo,https://docs.dataforseo.com/v3/ai_optimization/llm_mentions/timeseries_new_lost/live/,https://github.com/monid-ai/monid/blob/c57aa3d4b2036f518cbc7d3879a097ac1c8af4ea/connectors/dataforseo/endpoints/ai-mentions-historical/endpoint.ts
dataforseo#ai/mentions-top-brand-categories,dataforseo,/ai/mentions-top-brand-categories,Top AI-Mentioned Categories,POST,https://api.dataforseo.com/v3/ai_optimization/llm_mentions/top_mentioned_brand_categories/live,https://api.dataforseo.com,basic,Authorization,login+password,login|password,body,start_hook_adapter,False,True,False,False,False,True,True,True,COMPOSITE,,$schema|anyOf|exclusiveMinimum|maxItems|maxLength|maximum|minItems|minLength|minimum,False,False,False,False,True,True,geo,https://docs.dataforseo.com/v3/ai_optimization/llm_mentions/top_mentioned_brand_categories/live/,https://github.com/monid-ai/monid/blob/c57aa3d4b2036f518cbc7d3879a097ac1c8af4ea/connectors/dataforseo/endpoints/ai-mentions-multi-target-metrics/endpoint.ts
dataforseo#ai/mentions-top-brands,dataforseo,/ai/mentions-top-brands,Top AI-Mentioned Brands,POST,https://api.dataforseo.com/v3/ai_optimization/llm_mentions/top_mentioned_brands/live,https://api.dataforseo.com,basic,Authorization,login+password,login|password,body,start_hook_adapter,False,True,False,False,False,True,True,True,COMPOSITE,,$schema|anyOf|exclusiveMinimum|maxItems|maxLength|maximum|minItems|minLength|minimum,False,False,False,False,True,True,geo,https://docs.dataforseo.com/v3/ai_optimization/llm_mentions/top_mentioned_brands/live/,https://github.com/monid-ai/monid/blob/c57aa3d4b2036f518cbc7d3879a097ac1c8af4ea/connectors/dataforseo/endpoints/ai-mentions-multi-target-metrics/endpoint.ts
dataforseo#ai/mentions-top-domains,dataforseo,/ai/mentions-top-domains,Top AI-Cited Domains,POST,https://api.dataforseo.com/v3/ai_optimization/llm_mentions/top_mentioned_domains/live,https://api.dataforseo.com,basic,Authorization,login+password,login|password,body,start_hook_adapter,False,True,False,False,False,True,True,True,COMPOSITE,,$schema|anyOf|exclusiveMinimum|maxItems|maxLength|maximum|minItems|minLength|minimum,False,False,False,False,True,True,geo,https://docs.dataforseo.com/v3/ai_optimization/llm_mentions/top_mentioned_domains/live/,https://github.com/monid-ai/monid/blob/c57aa3d4b2036f518cbc7d3879a097ac1c8af4ea/connectors/dataforseo/endpoints/ai-mentions-multi-target-metrics/endpoint.ts
dataforseo#ai/mentions-top-pages,dataforseo,/ai/mentions-top-pages,Top AI-Cited Pages,POST,https://api.dataforseo.com/v3/ai_optimization/llm_mentions/top_mentioned_pages/live,https://api.dataforseo.com,basic,Authorization,login+password,login|password,body,start_hook_adapter,False,True,False,False,False,True,True,True,COMPOSITE,,$schema|anyOf|exclusiveMinimum|maxItems|maxLength|maximum|minItems|minLength|minimum,False,False,False,False,True,True,geo,https://docs.dataforseo.com/v3/ai_optimization/llm_mentions/top_mentioned_pages/live/,https://github.com/monid-ai/monid/blob/c57aa3d4b2036f518cbc7d3879a097ac1c8af4ea/connectors/dataforseo/endpoints/ai-mentions-multi-target-metrics/endpoint.ts
dataforseo#ai/perplexity-models,dataforseo,/ai/perplexity-models,Perplexity Models,GET,https://api.dataforseo.com/v3/ai_optimization/perplexity/llm_responses/models,https://api.dataforseo.com,basic,Authorization,login+password,login|password,queryParams,start_hook_adapter,False,True,False,False,False,True,True,True,FREE,,$schema|maxLength|maximum|minLength|minimum,False,False,False,False,True,True,geo,https://docs.dataforseo.com/v3/ai_optimization/perplexity/llm_responses/models/,https://github.com/monid-ai/monid/blob/c57aa3d4b2036f518cbc7d3879a097ac1c8af4ea/connectors/dataforseo/provider.ts
dataforseo#ai/perplexity-response,dataforseo,/ai/perplexity-response,Ask Perplexity,POST,https://api.dataforseo.com/v3/ai_optimization/perplexity/llm_responses/live,https://api.dataforseo.com,basic,Authorization,login+password,login|password,body,start_hook_adapter,True,True,False,False,False,True,True,True,PER_CALL,,$schema|maxLength|maximum|minLength|minimum|propertyNames,False,False,False,False,True,True,geo,https://docs.dataforseo.com/v3/ai_optimization/perplexity/llm_responses/live/,https://github.com/monid-ai/monid/blob/c57aa3d4b2036f518cbc7d3879a097ac1c8af4ea/connectors/dataforseo/provider.ts
dataforseo#amazon/asin,dataforseo,/amazon/asin,Amazon Product Details,POST,https://api.dataforseo.com/v3/merchant/amazon/asin/live/advanced,https://api.dataforseo.com,basic,Authorization,login+password,login|password,body,start_hook_adapter,False,True,False,False,False,True,True,True,PER_CALL,,$schema|exclusiveMinimum|maxLength|maximum|minLength,False,False,False,False,True,True,amazon,https://docs.dataforseo.com/v3/merchant/amazon/asin/live/advanced/,https://github.com/monid-ai/monid/blob/c57aa3d4b2036f518cbc7d3879a097ac1c8af4ea/connectors/dataforseo/provider.ts
dataforseo#amazon/locations,dataforseo,/amazon/locations,Amazon Locations,GET,https://api.dataforseo.com/v3/merchant/amazon/locations/{country},https://api.dataforseo.com,basic,Authorization,login+password,login|password,queryParams|pathParams,start_hook_adapter,False,True,False,False,False,True,True,True,FREE,,$schema|maxLength|maximum|minLength|minimum,False,False,False,False,True,True,amazon,https://docs.dataforseo.com/v3/merchant/amazon/locations/{country}/,https://github.com/monid-ai/monid/blob/c57aa3d4b2036f518cbc7d3879a097ac1c8af4ea/connectors/dataforseo/provider.ts
dataforseo#amazon/products,dataforseo,/amazon/products,Amazon Product Search,POST,https://api.dataforseo.com/v3/merchant/amazon/products/live/advanced,https://api.dataforseo.com,basic,Authorization,login+password,login|password,body,start_hook_adapter,False,True,False,False,False,True,True,True,PER_UNIT,,$schema|exclusiveMinimum|maxLength|maximum|minLength|minimum,False,False,False,False,True,True,amazon,https://docs.dataforseo.com/v3/merchant/amazon/products/live/advanced/,https://github.com/monid-ai/monid/blob/c57aa3d4b2036f518cbc7d3879a097ac1c8af4ea/connectors/dataforseo/endpoints/amazon-products/endpoint.ts
dataforseo#amazon/sellers,dataforseo,/amazon/sellers,Amazon Product Sellers,POST,https://api.dataforseo.com/v3/merchant/amazon/sellers/live/advanced,https://api.dataforseo.com,basic,Authorization,login+password,login|password,body,start_hook_adapter,False,True,False,False,False,True,True,True,PER_CALL,,$schema|exclusiveMinimum|maxLength|maximum|minLength,False,False,False,False,True,True,amazon,https://docs.dataforseo.com/v3/merchant/amazon/sellers/live/advanced/,https://github.com/monid-ai/monid/blob/c57aa3d4b2036f518cbc7d3879a097ac1c8af4ea/connectors/dataforseo/provider.ts
dataforseo#app-store/app-info,dataforseo,/app-store/app-info,App Store App Details,POST,https://api.dataforseo.com/v3/app_data/apple/app_info/task_post,https://api.dataforseo.com,basic,Authorization,login+password,login|password,body,polling_lifecycle_adapter,False,True,True,False,False,True,True,True,PER_CALL,,$schema|exclusiveMinimum|maxLength|maximum|minLength,False,False,False,False,True,True,app-stores,https://docs.dataforseo.com/v3/app_data/apple/app_info/task_post/,https://github.com/monid-ai/monid/blob/c57aa3d4b2036f518cbc7d3879a097ac1c8af4ea/connectors/dataforseo/provider.ts
dataforseo#app-store/app-list,dataforseo,/app-store/app-list,App Store Top Charts,POST,https://api.dataforseo.com/v3/app_data/apple/app_list/task_post,https://api.dataforseo.com,basic,Authorization,login+password,login|password,body,polling_lifecycle_adapter,False,True,True,False,False,True,True,True,PER_UNIT,,$schema|exclusiveMinimum|maxLength|maximum|minLength|minimum,False,False,False,False,True,True,app-stores,https://docs.dataforseo.com/v3/app_data/apple/app_list/task_post/,https://github.com/monid-ai/monid/blob/c57aa3d4b2036f518cbc7d3879a097ac1c8af4ea/connectors/dataforseo/endpoints/app-store-app-list/endpoint.ts
dataforseo#app-store/app-reviews,dataforseo,/app-store/app-reviews,App Store App Reviews,POST,https://api.dataforseo.com/v3/app_data/apple/app_reviews/task_post,https://api.dataforseo.com,basic,Authorization,login+password,login|password,body,polling_lifecycle_adapter,False,True,True,False,False,True,True,True,PER_UNIT,,$schema|exclusiveMinimum|maxLength|maximum|minLength|minimum,False,False,False,False,True,True,app-stores,https://docs.dataforseo.com/v3/app_data/apple/app_reviews/task_post/,https://github.com/monid-ai/monid/blob/c57aa3d4b2036f518cbc7d3879a097ac1c8af4ea/connectors/dataforseo/endpoints/app-store-app-list/endpoint.ts
dataforseo#app-store/categories,dataforseo,/app-store/categories,App Store Categories,GET,https://api.dataforseo.com/v3/app_data/apple/categories,https://api.dataforseo.com,basic,Authorization,login+password,login|password,queryParams,start_hook_adapter,False,True,False,False,False,True,True,True,FREE,,$schema|maxLength|maximum|minLength|minimum,False,False,False,False,True,True,app-stores,https://docs.dataforseo.com/v3/app_data/apple/categories/,https://github.com/monid-ai/monid/blob/c57aa3d4b2036f518cbc7d3879a097ac1c8af4ea/connectors/dataforseo/provider.ts
dataforseo#app-store/listing-categories,dataforseo,/app-store/listing-categories,App Store Listing Categories,GET,https://api.dataforseo.com/v3/app_data/apple/app_listings/categories,https://api.dataforseo.com,basic,Authorization,login+password,login|password,queryParams,start_hook_adapter,False,True,False,False,False,True,True,True,FREE,,$schema|maxLength|maximum|minLength|minimum,False,False,False,False,True,True,app-stores,https://docs.dataforseo.com/v3/app_data/apple/app_listings/categories/,https://github.com/monid-ai/monid/blob/c57aa3d4b2036f518cbc7d3879a097ac1c8af4ea/connectors/dataforseo/provider.ts
dataforseo#app-store/listings,dataforseo,/app-store/listings,App Store App Database,POST,https://api.dataforseo.com/v3/app_data/apple/app_listings/search/live,https://api.dataforseo.com,basic,Authorization,login+password,login|password,body,start_hook_adapter,False,True,False,False,False,True,True,True,COMPOSITE,,$schema|maxItems|maximum|minItems|minLength|minimum,False,False,False,False,True,True,app-stores,https://docs.dataforseo.com/v3/app_data/apple/app_listings/search/live/,https://github.com/monid-ai/monid/blob/c57aa3d4b2036f518cbc7d3879a097ac1c8af4ea/connectors/dataforseo/endpoints/ai-mentions-multi-target-metrics/endpoint.ts
dataforseo#app-store/search,dataforseo,/app-store/search,App Store Search,POST,https://api.dataforseo.com/v3/app_data/apple/app_searches/task_post,https://api.dataforseo.com,basic,Authorization,login+password,login|password,body,polling_lifecycle_adapter,False,True,True,False,False,True,True,True,PER_UNIT,,$schema|exclusiveMinimum|maxLength|maximum|minLength|minimum,False,False,False,False,True,True,app-stores,https://docs.dataforseo.com/v3/app_data/apple/app_searches/task_post/,https://github.com/monid-ai/monid/blob/c57aa3d4b2036f518cbc7d3879a097ac1c8af4ea/connectors/dataforseo/endpoints/app-store-app-list/endpoint.ts
dataforseo#backlinks/anchors,dataforseo,/backlinks/anchors,Backlink Anchors,POST,https://api.dataforseo.com/v3/backlinks/anchors/live,https://api.dataforseo.com,basic,Authorization,login+password,login|password,body,start_hook_adapter,False,True,False,False,False,True,True,True,COMPOSITE,,$schema|maxItems|maxLength|maximum|minItems|minLength|minimum,False,False,False,False,True,True,seo,https://docs.dataforseo.com/v3/backlinks/anchors/live/,https://github.com/monid-ai/monid/blob/c57aa3d4b2036f518cbc7d3879a097ac1c8af4ea/connectors/dataforseo/endpoints/ai-mentions-multi-target-metrics/endpoint.ts
dataforseo#backlinks/backlinks,dataforseo,/backlinks/backlinks,Backlink List,POST,https://api.dataforseo.com/v3/backlinks/backlinks/live,https://api.dataforseo.com,basic,Authorization,login+password,login|password,body,start_hook_adapter,False,True,False,False,False,True,True,True,COMPOSITE,,$schema|maxItems|maxLength|maximum|minItems|minLength|minimum|propertyNames,False,False,False,False,True,True,seo,https://docs.dataforseo.com/v3/backlinks/backlinks/live/,https://github.com/monid-ai/monid/blob/c57aa3d4b2036f518cbc7d3879a097ac1c8af4ea/connectors/dataforseo/endpoints/ai-mentions-multi-target-metrics/endpoint.ts
dataforseo#backlinks/bulk-backlinks,dataforseo,/backlinks/bulk-backlinks,Bulk Backlink Counts,POST,https://api.dataforseo.com/v3/backlinks/bulk_backlinks/live,https://api.dataforseo.com,basic,Authorization,login+password,login|password,body,start_hook_adapter,False,True,False,False,False,True,True,True,COMPOSITE,,$schema|maxItems|maxLength|minItems|minLength,False,False,False,False,True,True,seo,https://docs.dataforseo.com/v3/backlinks/bulk_backlinks/live/,https://github.com/monid-ai/monid/blob/c57aa3d4b2036f518cbc7d3879a097ac1c8af4ea/connectors/dataforseo/endpoints/backlinks-bulk-backlinks/endpoint.ts
dataforseo#backlinks/bulk-new-lost-backlinks,dataforseo,/backlinks/bulk-new-lost-backlinks,Bulk New Lost Backlinks,POST,https://api.dataforseo.com/v3/backlinks/bulk_new_lost_backlinks/live,https://api.dataforseo.com,basic,Authorization,login+password,login|password,body,start_hook_adapter,False,True,False,False,False,True,True,True,COMPOSITE,,$schema|format|maxItems|maxLength|minItems|minLength|pattern,False,False,False,False,True,True,seo,https://docs.dataforseo.com/v3/backlinks/bulk_new_lost_backlinks/live/,https://github.com/monid-ai/monid/blob/c57aa3d4b2036f518cbc7d3879a097ac1c8af4ea/connectors/dataforseo/endpoints/backlinks-bulk-backlinks/endpoint.ts
dataforseo#backlinks/bulk-new-lost-referring-domains,dataforseo,/backlinks/bulk-new-lost-referring-domains,Bulk New Lost Domains,POST,https://api.dataforseo.com/v3/backlinks/bulk_new_lost_referring_domains/live,https://api.dataforseo.com,basic,Authorization,login+password,login|password,body,start_hook_adapter,False,True,False,False,False,True,True,True,COMPOSITE,,$schema|format|maxItems|maxLength|minItems|minLength|pattern,False,False,False,False,True,True,seo,https://docs.dataforseo.com/v3/backlinks/bulk_new_lost_referring_domains/live/,https://github.com/monid-ai/monid/blob/c57aa3d4b2036f518cbc7d3879a097ac1c8af4ea/connectors/dataforseo/endpoints/backlinks-bulk-backlinks/endpoint.ts
dataforseo#backlinks/bulk-pages-summary,dataforseo,/backlinks/bulk-pages-summary,Bulk Page Summaries,POST,https://api.dataforseo.com/v3/backlinks/bulk_pages_summary/live,https://api.dataforseo.com,basic,Authorization,login+password,login|password,body,start_hook_adapter,False,True,False,False,False,True,True,True,COMPOSITE,,$schema|maxItems|maxLength|minItems|minLength,False,False,False,False,True,True,seo,https://docs.dataforseo.com/v3/backlinks/bulk_pages_summary/live/,https://github.com/monid-ai/monid/blob/c57aa3d4b2036f518cbc7d3879a097ac1c8af4ea/connectors/dataforseo/endpoints/backlinks-bulk-backlinks/endpoint.ts
dataforseo#backlinks/bulk-ranks,dataforseo,/backlinks/bulk-ranks,Bulk Domain Ranks,POST,https://api.dataforseo.com/v3/backlinks/bulk_ranks/live,https://api.dataforseo.com,basic,Authorization,login+password,login|password,body,start_hook_adapter,False,True,False,False,False,True,True,True,COMPOSITE,,$schema|maxItems|maxLength|minItems|minLength,False,False,False,True,True,True,seo,https://docs.dataforseo.com/v3/backlinks/bulk_ranks/live/,https://github.com/monid-ai/monid/blob/c57aa3d4b2036f518cbc7d3879a097ac1c8af4ea/connectors/dataforseo/endpoints/backlinks-bulk-backlinks/endpoint.ts
dataforseo#backlinks/bulk-referring-domains,dataforseo,/backlinks/bulk-referring-domains,Bulk Referring Domains,POST,https://api.dataforseo.com/v3/backlinks/bulk_referring_domains/live,https://api.dataforseo.com,basic,Authorization,login+password,login|password,body,start_hook_adapter,False,True,False,False,False,True,True,True,COMPOSITE,,$schema|maxItems|maxLength|minItems|minLength,False,False,False,False,True,True,seo,https://docs.dataforseo.com/v3/backlinks/bulk_referring_domains/live/,https://github.com/monid-ai/monid/blob/c57aa3d4b2036f518cbc7d3879a097ac1c8af4ea/connectors/dataforseo/endpoints/backlinks-bulk-backlinks/endpoint.ts
dataforseo#backlinks/bulk-spam-score,dataforseo,/backlinks/bulk-spam-score,Bulk Spam Scores,POST,https://api.dataforseo.com/v3/backlinks/bulk_spam_score/live,https://api.dataforseo.com,basic,Authorization,login+password,login|password,body,start_hook_adapter,False,True,False,False,False,True,True,True,COMPOSITE,,$schema|maxItems|maxLength|minItems|minLength,False,False,False,False,True,True,seo,https://docs.dataforseo.com/v3/backlinks/bulk_spam_score/live/,https://github.com/monid-ai/monid/blob/c57aa3d4b2036f518cbc7d3879a097ac1c8af4ea/connectors/dataforseo/endpoints/backlinks-bulk-backlinks/endpoint.ts
dataforseo#backlinks/competitors,dataforseo,/backlinks/competitors,Backlink Competitors,POST,https://api.dataforseo.com/v3/backlinks/competitors/live,https://api.dataforseo.com,basic,Authorization,login+password,login|password,body,start_hook_adapter,False,True,False,False,False,True,True,True,COMPOSITE,,$schema|maxItems|maxLength|maximum|minItems|minLength|minimum,False,False,False,False,True,True,seo,https://docs.dataforseo.com/v3/backlinks/competitors/live/,https://github.com/monid-ai/monid/blob/c57aa3d4b2036f518cbc7d3879a097ac1c8af4ea/connectors/dataforseo/endpoints/ai-mentions-multi-target-metrics/endpoint.ts
dataforseo#backlinks/domain-intersection,dataforseo,/backlinks/domain-intersection,Referring Domain Intersection,POST,https://api.dataforseo.com/v3/backlinks/domain_intersection/live,https://api.dataforseo.com,basic,Authorization,login+password,login|password,body,start_hook_adapter,False,True,False,False,False,True,True,True,COMPOSITE,,$schema|maxItems|maximum|minItems|minLength|minimum|propertyNames,False,False,False,False,True,True,seo,https://docs.dataforseo.com/v3/backlinks/domain_intersection/live/,https://github.com/monid-ai/monid/blob/c57aa3d4b2036f518cbc7d3879a097ac1c8af4ea/connectors/dataforseo/endpoints/ai-mentions-multi-target-metrics/endpoint.ts
dataforseo#backlinks/domain-pages,dataforseo,/backlinks/domain-pages,Most Linked Pages,POST,https://api.dataforseo.com/v3/backlinks/domain_pages/live,https://api.dataforseo.com,basic,Authorization,login+password,login|password,body,start_hook_adapter,False,True,False,False,False,True,True,True,COMPOSITE,,$schema|maxItems|maxLength|maximum|minItems|minLength|minimum,False,False,False,False,True,True,seo,https://docs.dataforseo.com/v3/backlinks/domain_pages/live/,https://github.com/monid-ai/monid/blob/c57aa3d4b2036f518cbc7d3879a097ac1c8af4ea/connectors/dataforseo/endpoints/ai-mentions-multi-target-metrics/endpoint.ts
dataforseo#backlinks/domain-pages-summary,dataforseo,/backlinks/domain-pages-summary,Page Backlink Summaries,POST,https://api.dataforseo.com/v3/backlinks/domain_pages_summary/live,https://api.dataforseo.com,basic,Authorization,login+password,login|password,body,start_hook_adapter,False,True,False,False,False,True,True,True,COMPOSITE,,$schema|maxItems|maxLength|maximum|minItems|minLength|minimum,False,False,False,False,True,True,seo,https://docs.dataforseo.com/v3/backlinks/domain_pages_summary/live/,https://github.com/monid-ai/monid/blob/c57aa3d4b2036f518cbc7d3879a097ac1c8af4ea/connectors/dataforseo/endpoints/ai-mentions-multi-target-metrics/endpoint.ts
dataforseo#backlinks/filters,dataforseo,/backlinks/filters,Backlink Filter Fields,GET,https://api.dataforseo.com/v3/backlinks/available_filters,https://api.dataforseo.com,basic,Authorization,login+password,login|password,queryParams,start_hook_adapter,False,True,False,False,False,True,True,True,FREE,,$schema,False,False,False,False,True,True,seo,https://docs.dataforseo.com/v3/backlinks/available_filters/,https://github.com/monid-ai/monid/blob/c57aa3d4b2036f518cbc7d3879a097ac1c8af4ea/connectors/dataforseo/provider.ts
dataforseo#backlinks/history,dataforseo,/backlinks/history,Backlink History,POST,https://api.dataforseo.com/v3/backlinks/history/live,https://api.dataforseo.com,basic,Authorization,login+password,login|password,body,start_hook_adapter,False,True,False,False,False,True,True,True,COMPOSITE,,$schema|format|maxLength|minLength|pattern,False,False,False,False,True,True,seo,https://docs.dataforseo.com/v3/backlinks/history/live/,https://github.com/monid-ai/monid/blob/c57aa3d4b2036f518cbc7d3879a097ac1c8af4ea/connectors/dataforseo/endpoints/ai-mentions-historical/endpoint.ts
dataforseo#backlinks/index,dataforseo,/backlinks/index,Backlink Index Stats,GET,https://api.dataforseo.com/v3/backlinks/index,https://api.dataforseo.com,basic,Authorization,login+password,login|password,queryParams,start_hook_adapter,False,True,False,False,False,True,True,True,FREE,,$schema,False,False,False,False,True,True,seo,https://docs.dataforseo.com/v3/backlinks/index/,https://github.com/monid-ai/monid/blob/c57aa3d4b2036f518cbc7d3879a097ac1c8af4ea/connectors/dataforseo/provider.ts
dataforseo#backlinks/page-intersection,dataforseo,/backlinks/page-intersection,Referring Page Intersection,POST,https://api.dataforseo.com/v3/backlinks/page_intersection/live,https://api.dataforseo.com,basic,Authorization,login+password,login|password,body,start_hook_adapter,False,True,False,False,False,True,True,True,COMPOSITE,,$schema|maxItems|maximum|minItems|minLength|minimum|propertyNames,False,False,False,False,True,True,seo,https://docs.dataforseo.com/v3/backlinks/page_intersection/live/,https://github.com/monid-ai/monid/blob/c57aa3d4b2036f518cbc7d3879a097ac1c8af4ea/connectors/dataforseo/endpoints/ai-mentions-multi-target-metrics/endpoint.ts
dataforseo#backlinks/referring-domains,dataforseo,/backlinks/referring-domains,Referring Domains,POST,https://api.dataforseo.com/v3/backlinks/referring_domains/live,https://api.dataforseo.com,basic,Authorization,login+password,login|password,body,start_hook_adapter,False,True,False,False,False,True,True,True,COMPOSITE,,$schema|maxItems|maxLength|maximum|minItems|minLength|minimum,False,False,False,False,True,True,seo,https://docs.dataforseo.com/v3/backlinks/referring_domains/live/,https://github.com/monid-ai/monid/blob/c57aa3d4b2036f518cbc7d3879a097ac1c8af4ea/connectors/dataforseo/endpoints/ai-mentions-multi-target-metrics/endpoint.ts
dataforseo#backlinks/referring-networks,dataforseo,/backlinks/referring-networks,Referring Networks,POST,https://api.dataforseo.com/v3/backlinks/referring_networks/live,https://api.dataforseo.com,basic,Authorization,login+password,login|password,body,start_hook_adapter,False,True,False,False,False,True,True,True,COMPOSITE,,$schema|maxItems|maxLength|maximum|minItems|minLength|minimum,False,False,False,False,True,True,seo,https://docs.dataforseo.com/v3/backlinks/referring_networks/live/,https://github.com/monid-ai/monid/blob/c57aa3d4b2036f518cbc7d3879a097ac1c8af4ea/connectors/dataforseo/endpoints/ai-mentions-multi-target-metrics/endpoint.ts
dataforseo#backlinks/summary,dataforseo,/backlinks/summary,Backlink Summary,POST,https://api.dataforseo.com/v3/backlinks/summary/live,https://api.dataforseo.com,basic,Authorization,login+password,login|password,body,start_hook_adapter,False,True,False,False,False,True,True,True,COMPOSITE,,$schema|maxItems|maxLength|maximum|minItems|minLength|minimum,False,False,False,True,True,True,seo,https://docs.dataforseo.com/v3/backlinks/summary/live/,https://github.com/monid-ai/monid/blob/c57aa3d4b2036f518cbc7d3879a097ac1c8af4ea/connectors/dataforseo/endpoints/ai-mentions-historical/endpoint.ts
dataforseo#backlinks/timeseries-new-lost,dataforseo,/backlinks/timeseries-new-lost,New and Lost Backlinks,POST,https://api.dataforseo.com/v3/backlinks/timeseries_new_lost_summary/live,https://api.dataforseo.com,basic,Authorization,login+password,login|password,body,start_hook_adapter,False,True,False,False,False,True,True,True,COMPOSITE,,$schema|format|maxLength|minLength|pattern,False,False,False,False,True,True,seo,https://docs.dataforseo.com/v3/backlinks/timeseries_new_lost_summary/live/,https://github.com/monid-ai/monid/blob/c57aa3d4b2036f518cbc7d3879a097ac1c8af4ea/connectors/dataforseo/endpoints/ai-mentions-historical/endpoint.ts
dataforseo#backlinks/timeseries-summary,dataforseo,/backlinks/timeseries-summary,Backlink Timeseries,POST,https://api.dataforseo.com/v3/backlinks/timeseries_summary/live,https://api.dataforseo.com,basic,Authorization,login+password,login|password,body,start_hook_adapter,False,True,False,False,False,True,True,True,COMPOSITE,,$schema|format|maxLength|minLength|pattern,False,False,False,False,True,True,seo,https://docs.dataforseo.com/v3/backlinks/timeseries_summary/live/,https://github.com/monid-ai/monid/blob/c57aa3d4b2036f518cbc7d3879a097ac1c8af4ea/connectors/dataforseo/endpoints/ai-mentions-historical/endpoint.ts
dataforseo#business/categories,dataforseo,/business/categories,Business Categories,GET,https://api.dataforseo.com/v3/business_data/business_listings/categories,https://api.dataforseo.com,basic,Authorization,login+password,login|password,queryParams,start_hook_adapter,False,True,False,False,False,True,True,True,FREE,,$schema|maxLength|maximum|minLength|minimum,False,False,False,False,True,True,maps,https://docs.dataforseo.com/v3/business_data/business_listings/categories/,https://github.com/monid-ai/monid/blob/c57aa3d4b2036f518cbc7d3879a097ac1c8af4ea/connectors/dataforseo/provider.ts
dataforseo#business/listing-categories,dataforseo,/business/listing-categories,Business Category Counts,POST,https://api.dataforseo.com/v3/business_data/business_listings/categories_aggregation/live,https://api.dataforseo.com,basic,Authorization,login+password,login|password,body,start_hook_adapter,False,True,False,False,False,True,True,True,COMPOSITE,,$schema|maxItems|maximum|minItems|minLength|minimum,False,False,False,False,True,True,maps,https://docs.dataforseo.com/v3/business_data/business_listings/categories_aggregation/live/,https://github.com/monid-ai/monid/blob/c57aa3d4b2036f518cbc7d3879a097ac1c8af4ea/connectors/dataforseo/endpoints/ai-mentions-multi-target-metrics/endpoint.ts
dataforseo#business/listing-filters,dataforseo,/business/listing-filters,Listing Filter Fields,GET,https://api.dataforseo.com/v3/business_data/business_listings/available_filters,https://api.dataforseo.com,basic,Authorization,login+password,login|password,queryParams,start_hook_adapter,False,True,False,False,False,True,True,True,FREE,,$schema,False,False,False,False,True,True,maps,https://docs.dataforseo.com/v3/business_data/business_listings/available_filters/,https://github.com/monid-ai/monid/blob/c57aa3d4b2036f518cbc7d3879a097ac1c8af4ea/connectors/dataforseo/provider.ts
dataforseo#business/listings,dataforseo,/business/listings,Business Listings Search,POST,https://api.dataforseo.com/v3/business_data/business_listings/search/live,https://api.dataforseo.com,basic,Authorization,login+password,login|password,body,start_hook_adapter,False,True,False,False,False,True,True,True,COMPOSITE,,$schema|maxItems|maximum|minItems|minLength|minimum,False,False,False,False,True,True,maps,https://docs.dataforseo.com/v3/business_data/business_listings/search/live/,https://github.com/monid-ai/monid/blob/c57aa3d4b2036f518cbc7d3879a097ac1c8af4ea/connectors/dataforseo/endpoints/ai-mentions-multi-target-metrics/endpoint.ts
dataforseo#content/categories,dataforseo,/content/categories,Content Categories,GET,https://api.dataforseo.com/v3/content_analysis/categories,https://api.dataforseo.com,basic,Authorization,login+password,login|password,queryParams,start_hook_adapter,False,True,False,False,False,True,True,True,FREE,,$schema|maxLength|maximum|minLength|minimum,False,False,False,False,True,True,news-search,https://docs.dataforseo.com/v3/content_analysis/categories/,https://github.com/monid-ai/monid/blob/c57aa3d4b2036f518cbc7d3879a097ac1c8af4ea/connectors/dataforseo/provider.ts
dataforseo#content/category-trends,dataforseo,/content/category-trends,Category Mention Trends,POST,https://api.dataforseo.com/v3/content_analysis/category_trends/live,https://api.dataforseo.com,basic,Authorization,login+password,login|password,body,start_hook_adapter,False,True,False,False,False,True,True,True,COMPOSITE,,$schema|format|maxItems|maximum|minItems|minLength|minimum|pattern,False,False,False,False,True,True,news-search,https://docs.dataforseo.com/v3/content_analysis/category_trends/live/,https://github.com/monid-ai/monid/blob/c57aa3d4b2036f518cbc7d3879a097ac1c8af4ea/connectors/dataforseo/endpoints/ai-mentions-historical/endpoint.ts
dataforseo#content/filters,dataforseo,/content/filters,Content Filter Fields,GET,https://api.dataforseo.com/v3/content_analysis/available_filters,https://api.dataforseo.com,basic,Authorization,login+password,login|password,queryParams,start_hook_adapter,False,True,False,False,False,True,True,True,FREE,,$schema,False,False,False,False,True,True,news-search,https://docs.dataforseo.com/v3/content_analysis/available_filters/,https://github.com/monid-ai/monid/blob/c57aa3d4b2036f518cbc7d3879a097ac1c8af4ea/connectors/dataforseo/provider.ts
dataforseo#content/phrase-trends,dataforseo,/content/phrase-trends,Mention Trends,POST,https://api.dataforseo.com/v3/content_analysis/phrase_trends/live,https://api.dataforseo.com,basic,Authorization,login+password,login|password,body,start_hook_adapter,False,True,False,False,False,True,True,True,COMPOSITE,,$schema|format|maxItems|maxLength|maximum|minItems|minLength|minimum|pattern|propertyNames,False,False,False,False,True,True,news-search,https://docs.dataforseo.com/v3/content_analysis/phrase_trends/live/,https://github.com/monid-ai/monid/blob/c57aa3d4b2036f518cbc7d3879a097ac1c8af4ea/connectors/dataforseo/endpoints/ai-mentions-historical/endpoint.ts
dataforseo#content/rating-distribution,dataforseo,/content/rating-distribution,Mention Rating Distribution,POST,https://api.dataforseo.com/v3/content_analysis/rating_distribution/live,https://api.dataforseo.com,basic,Authorization,login+password,login|password,body,start_hook_adapter,False,True,False,False,False,True,True,True,PER_CALL,,$schema|maxItems|maxLength|maximum|minItems|minLength|minimum|propertyNames,False,False,False,False,True,True,news-search,https://docs.dataforseo.com/v3/content_analysis/rating_distribution/live/,https://github.com/monid-ai/monid/blob/c57aa3d4b2036f518cbc7d3879a097ac1c8af4ea/connectors/dataforseo/provider.ts
dataforseo#content/search,dataforseo,/content/search,Search Web Mentions,POST,https://api.dataforseo.com/v3/content_analysis/search/live,https://api.dataforseo.com,basic,Authorization,login+password,login|password,body,start_hook_adapter,False,True,False,False,False,True,True,True,COMPOSITE,,$schema|maxItems|maxLength|maximum|minItems|minLength|minimum|propertyNames,False,False,False,False,True,True,news-search,https://docs.dataforseo.com/v3/content_analysis/search/live/,https://github.com/monid-ai/monid/blob/c57aa3d4b2036f518cbc7d3879a097ac1c8af4ea/connectors/dataforseo/endpoints/ai-mentions-multi-target-metrics/endpoint.ts
dataforseo#content/sentiment,dataforseo,/content/sentiment,Mention Sentiment,POST,https://api.dataforseo.com/v3/content_analysis/sentiment_analysis/live,https://api.dataforseo.com,basic,Authorization,login+password,login|password,body,start_hook_adapter,False,True,False,False,False,True,True,True,COMPOSITE,,$schema|maxItems|maxLength|maximum|minItems|minLength|minimum|propertyNames,False,False,False,False,True,True,news-search,https://docs.dataforseo.com/v3/content_analysis/sentiment_analysis/live/,https://github.com/monid-ai/monid/blob/c57aa3d4b2036f518cbc7d3879a097ac1c8af4ea/connectors/dataforseo/endpoints/ai-mentions-historical/endpoint.ts
dataforseo#content/summary,dataforseo,/content/summary,Mention Summary,POST,https://api.dataforseo.com/v3/content_analysis/summary/live,https://api.dataforseo.com,basic,Authorization,login+password,login|password,body,start_hook_adapter,False,True,False,False,False,True,True,True,COMPOSITE,,$schema|maxItems|maxLength|maximum|minItems|minLength|minimum|propertyNames,False,False,False,False,True,True,news-search,https://docs.dataforseo.com/v3/content_analysis/summary/live/,https://github.com/monid-ai/monid/blob/c57aa3d4b2036f518cbc7d3879a097ac1c8af4ea/connectors/dataforseo/endpoints/ai-mentions-historical/endpoint.ts
dataforseo#domain/domain-technologies,dataforseo,/domain/domain-technologies,Website Technologies,POST,https://api.dataforseo.com/v3/domain_analytics/technologies/domain_technologies/live,https://api.dataforseo.com,basic,Authorization,login+password,login|password,body,start_hook_adapter,False,True,False,False,False,True,True,True,PER_CALL,,$schema|maxLength|minLength,False,False,False,False,True,True,company-enrichment,https://docs.dataforseo.com/v3/domain_analytics/technologies/domain_technologies/live/,https://github.com/monid-ai/monid/blob/c57aa3d4b2036f518cbc7d3879a097ac1c8af4ea/connectors/dataforseo/provider.ts
dataforseo#domain/domains-by-html-terms,dataforseo,/domain/domains-by-html-terms,Domains by HTML Terms,POST,https://api.dataforseo.com/v3/domain_analytics/technologies/domains_by_html_terms/live,https://api.dataforseo.com,basic,Authorization,login+password,login|password,body,start_hook_adapter,False,True,False,False,False,True,True,True,COMPOSITE,,$schema|maxItems|maximum|minItems|minLength|minimum,False,False,False,False,True,True,company-enrichment,https://docs.dataforseo.com/v3/domain_analytics/technologies/domains_by_html_terms/live/,https://github.com/monid-ai/monid/blob/c57aa3d4b2036f518cbc7d3879a097ac1c8af4ea/connectors/dataforseo/endpoints/ai-mentions-multi-target-metrics/endpoint.ts
dataforseo#domain/domains-by-technology,dataforseo,/domain/domains-by-technology,Domains by Technology,POST,https://api.dataforseo.com/v3/domain_analytics/technologies/domains_by_technology/live,https://api.dataforseo.com,basic,Authorization,login+password,login|password,body,start_hook_adapter,False,True,False,False,False,True,True,True,COMPOSITE,,$schema|anyOf|maxItems|maximum|minItems|minLength|minimum,False,False,False,False,True,True,company-enrichment,https://docs.dataforseo.com/v3/domain_analytics/technologies/domains_by_technology/live/,https://github.com/monid-ai/monid/blob/c57aa3d4b2036f518cbc7d3879a097ac1c8af4ea/connectors/dataforseo/endpoints/ai-mentions-multi-target-metrics/endpoint.ts
dataforseo#domain/technologies-aggregation,dataforseo,/domain/technologies-aggregation,Technology Co-usage,POST,https://api.dataforseo.com/v3/domain_analytics/technologies/aggregation_technologies/live,https://api.dataforseo.com,basic,Authorization,login+password,login|password,body,start_hook_adapter,False,True,False,False,False,True,True,True,COMPOSITE,,$schema|maxItems|maximum|minItems|minLength|minimum,False,False,False,False,True,True,company-enrichment,https://docs.dataforseo.com/v3/domain_analytics/technologies/aggregation_technologies/live/,https://github.com/monid-ai/monid/blob/c57aa3d4b2036f518cbc7d3879a097ac1c8af4ea/connectors/dataforseo/endpoints/ai-mentions-multi-target-metrics/endpoint.ts
dataforseo#domain/technologies-summary,dataforseo,/domain/technologies-summary,Technology Usage Summary,POST,https://api.dataforseo.com/v3/domain_analytics/technologies/technologies_summary/live,https://api.dataforseo.com,basic,Authorization,login+password,login|password,body,start_hook_adapter,False,True,False,False,False,True,True,True,COMPOSITE,,$schema|anyOf|maxItems|maximum|minItems|minLength|minimum,False,False,False,False,True,True,company-enrichment,https://docs.dataforseo.com/v3/domain_analytics/technologies/technologies_summary/live/,https://github.com/monid-ai/monid/blob/c57aa3d4b2036f518cbc7d3879a097ac1c8af4ea/connectors/dataforseo/endpoints/ai-mentions-historical/endpoint.ts
dataforseo#domain/technology-catalog,dataforseo,/domain/technology-catalog,Technology Catalog,GET,https://api.dataforseo.com/v3/domain_analytics/technologies/technologies,https://api.dataforseo.com,basic,Authorization,login+password,login|password,queryParams,start_hook_adapter,False,True,False,False,False,True,True,True,FREE,,$schema,False,False,False,False,True,True,company-enrichment,https://docs.dataforseo.com/v3/domain_analytics/technologies/technologies/,https://github.com/monid-ai/monid/blob/c57aa3d4b2036f518cbc7d3879a097ac1c8af4ea/connectors/dataforseo/provider.ts
dataforseo#domain/technology-filters,dataforseo,/domain/technology-filters,Technology Filter Fields,GET,https://api.dataforseo.com/v3/domain_analytics/technologies/available_filters,https://api.dataforseo.com,basic,Authorization,login+password,login|password,queryParams,start_hook_adapter,False,True,False,False,False,True,True,True,FREE,,$schema,False,False,False,False,True,True,company-enrichment,https://docs.dataforseo.com/v3/domain_analytics/technologies/available_filters/,https://github.com/monid-ai/monid/blob/c57aa3d4b2036f518cbc7d3879a097ac1c8af4ea/connectors/dataforseo/provider.ts
dataforseo#domain/technology-stats,dataforseo,/domain/technology-stats,Technology Adoption Stats,POST,https://api.dataforseo.com/v3/domain_analytics/technologies/technology_stats/live,https://api.dataforseo.com,basic,Authorization,login+password,login|password,body,start_hook_adapter,False,True,False,False,False,True,True,True,COMPOSITE,,$schema|format|minLength|pattern,False,False,False,False,True,True,company-enrichment,https://docs.dataforseo.com/v3/domain_analytics/technologies/technology_stats/live/,https://github.com/monid-ai/monid/blob/c57aa3d4b2036f518cbc7d3879a097ac1c8af4ea/connectors/dataforseo/endpoints/ai-mentions-historical/endpoint.ts
dataforseo#domain/whois,dataforseo,/domain/whois,Whois Domain Search,POST,https://api.dataforseo.com/v3/domain_analytics/whois/overview/live,https://api.dataforseo.com,basic,Authorization,login+password,login|password,body,start_hook_adapter,False,True,False,False,False,True,True,True,COMPOSITE,,$schema|maxItems|maximum|minItems|minLength|minimum,False,False,False,False,True,True,seo,https://docs.dataforseo.com/v3/domain_analytics/whois/overview/live/,https://github.com/monid-ai/monid/blob/c57aa3d4b2036f518cbc7d3879a097ac1c8af4ea/connectors/dataforseo/endpoints/ai-mentions-multi-target-metrics/endpoint.ts
dataforseo#domain/whois-filters,dataforseo,/domain/whois-filters,Whois Filter Fields,GET,https://api.dataforseo.com/v3/domain_analytics/whois/available_filters,https://api.dataforseo.com,basic,Authorization,login+password,login|password,queryParams,start_hook_adapter,False,True,False,False,False,True,True,True,FREE,,$schema,False,False,False,False,True,True,seo,https://docs.dataforseo.com/v3/domain_analytics/whois/available_filters/,https://github.com/monid-ai/monid/blob/c57aa3d4b2036f518cbc7d3879a097ac1c8af4ea/connectors/dataforseo/provider.ts
dataforseo#google-business/extended-reviews,dataforseo,/google-business/extended-reviews,Google Extended Reviews,POST,https://api.dataforseo.com/v3/business_data/google/extended_reviews/task_post,https://api.dataforseo.com,basic,Authorization,login+password,login|password,body,polling_lifecycle_adapter,False,True,True,False,False,True,True,True,PER_UNIT,,$schema|anyOf|exclusiveMinimum|maxLength|maximum|minLength|minimum,False,False,False,False,True,True,maps,https://docs.dataforseo.com/v3/business_data/google/extended_reviews/task_post/,https://github.com/monid-ai/monid/blob/c57aa3d4b2036f518cbc7d3879a097ac1c8af4ea/connectors/dataforseo/endpoints/app-store-app-list/endpoint.ts
dataforseo#google-business/info,dataforseo,/google-business/info,Google Business Profile,POST,https://api.dataforseo.com/v3/business_data/google/my_business_info/live,https://api.dataforseo.com,basic,Authorization,login+password,login|password,body,start_hook_adapter,False,True,False,False,False,True,True,True,PER_CALL,,$schema|exclusiveMinimum|maxLength|maximum|minLength,False,False,False,False,True,True,maps,https://docs.dataforseo.com/v3/business_data/google/my_business_info/live/,https://github.com/monid-ai/monid/blob/c57aa3d4b2036f518cbc7d3879a097ac1c8af4ea/connectors/dataforseo/provider.ts
dataforseo#google-business/locations,dataforseo,/google-business/locations,Google Business Locations,GET,https://api.dataforseo.com/v3/business_data/google/locations/{country},https://api.dataforseo.com,basic,Authorization,login+password,login|password,queryParams|pathParams,start_hook_adapter,False,True,False,False,False,True,True,True,FREE,,$schema|maxLength|maximum|minLength|minimum,False,False,False,False,True,True,maps,https://docs.dataforseo.com/v3/business_data/google/locations/{country}/,https://github.com/monid-ai/monid/blob/c57aa3d4b2036f518cbc7d3879a097ac1c8af4ea/connectors/dataforseo/provider.ts
dataforseo#google-business/questions,dataforseo,/google-business/questions,Google Business Q&A,POST,https://api.dataforseo.com/v3/business_data/google/questions_and_answers/live,https://api.dataforseo.com,basic,Authorization,login+password,login|password,body,start_hook_adapter,False,True,False,False,False,True,True,True,PER_UNIT,,$schema|exclusiveMinimum|maxLength|maximum|minLength|minimum,False,False,False,False,True,True,maps,https://docs.dataforseo.com/v3/business_data/google/questions_and_answers/live/,https://github.com/monid-ai/monid/blob/c57aa3d4b2036f518cbc7d3879a097ac1c8af4ea/connectors/dataforseo/endpoints/app-store-app-list/endpoint.ts
dataforseo#google-business/reviews,dataforseo,/google-business/reviews,Google Business Reviews,POST,https://api.dataforseo.com/v3/business_data/google/reviews/task_post,https://api.dataforseo.com,basic,Authorization,login+password,login|password,body,polling_lifecycle_adapter,False,True,True,False,False,True,True,True,PER_UNIT,,$schema|anyOf|exclusiveMinimum|maxLength|maximum|minLength|minimum,False,False,False,False,True,True,maps,https://docs.dataforseo.com/v3/business_data/google/reviews/task_post/,https://github.com/monid-ai/monid/blob/c57aa3d4b2036f518cbc7d3879a097ac1c8af4ea/connectors/dataforseo/endpoints/app-store-app-list/endpoint.ts
dataforseo#google-business/updates,dataforseo,/google-business/updates,Google Business Posts,POST,https://api.dataforseo.com/v3/business_data/google/my_business_updates/task_post,https://api.dataforseo.com,basic,Authorization,login+password,login|password,body,polling_lifecycle_adapter,False,True,True,False,False,True,True,True,PER_UNIT,,$schema|exclusiveMinimum|maxLength|maximum|minLength|minimum,False,False,False,False,True,True,maps,https://docs.dataforseo.com/v3/business_data/google/my_business_updates/task_post/,https://github.com/monid-ai/monid/blob/c57aa3d4b2036f518cbc7d3879a097ac1c8af4ea/connectors/dataforseo/endpoints/app-store-app-list/endpoint.ts
dataforseo#google-hotels/info,dataforseo,/google-hotels/info,Google Hotel Details,POST,https://api.dataforseo.com/v3/business_data/google/hotel_info/live/advanced,https://api.dataforseo.com,basic,Authorization,login+password,login|password,body,start_hook_adapter,False,True,False,False,False,True,True,True,PER_CALL,,$schema|exclusiveMinimum|format|maxLength|maximum|minLength|minimum|pattern,False,False,False,False,True,True,hotels,https://docs.dataforseo.com/v3/business_data/google/hotel_info/live/advanced/,https://github.com/monid-ai/monid/blob/c57aa3d4b2036f518cbc7d3879a097ac1c8af4ea/connectors/dataforseo/provider.ts
dataforseo#google-hotels/search,dataforseo,/google-hotels/search,Google Hotels Search,POST,https://api.dataforseo.com/v3/business_data/google/hotel_searches/live,https://api.dataforseo.com,basic,Authorization,login+password,login|password,body,start_hook_adapter,False,True,False,False,False,True,True,True,PER_UNIT,,$schema|exclusiveMinimum|format|maxLength|maximum|minLength|minimum|pattern,False,False,False,False,True,True,hotels,https://docs.dataforseo.com/v3/business_data/google/hotel_searches/live/,https://github.com/monid-ai/monid/blob/c57aa3d4b2036f518cbc7d3879a097ac1c8af4ea/connectors/dataforseo/endpoints/app-store-app-list/endpoint.ts
dataforseo#google-play/app-info,dataforseo,/google-play/app-info,Google Play App Details,POST,https://api.dataforseo.com/v3/app_data/google/app_info/task_post,https://api.dataforseo.com,basic,Authorization,login+password,login|password,body,polling_lifecycle_adapter,False,True,True,False,False,True,True,True,PER_CALL,,$schema|exclusiveMinimum|maxLength|maximum|minLength,False,False,False,False,True,True,app-stores,https://docs.dataforseo.com/v3/app_data/google/app_info/task_post/,https://github.com/monid-ai/monid/blob/c57aa3d4b2036f518cbc7d3879a097ac1c8af4ea/connectors/dataforseo/provider.ts
dataforseo#google-play/app-list,dataforseo,/google-play/app-list,Google Play Top Charts,POST,https://api.dataforseo.com/v3/app_data/google/app_list/task_post,https://api.dataforseo.com,basic,Authorization,login+password,login|password,body,polling_lifecycle_adapter,False,True,True,False,False,True,True,True,PER_UNIT,,$schema|exclusiveMinimum|maxLength|maximum|minLength|minimum,False,False,False,False,True,True,app-stores,https://docs.dataforseo.com/v3/app_data/google/app_list/task_post/,https://github.com/monid-ai/monid/blob/c57aa3d4b2036f518cbc7d3879a097ac1c8af4ea/connectors/dataforseo/endpoints/app-store-app-list/endpoint.ts
dataforseo#google-play/app-reviews,dataforseo,/google-play/app-reviews,Google Play App Reviews,POST,https://api.dataforseo.com/v3/app_data/google/app_reviews/task_post,https://api.dataforseo.com,basic,Authorization,login+password,login|password,body,polling_lifecycle_adapter,False,True,True,False,False,True,True,True,PER_UNIT,,$schema|exclusiveMinimum|maxLength|maximum|minLength|minimum,False,False,False,False,True,True,app-stores,https://docs.dataforseo.com/v3/app_data/google/app_reviews/task_post/,https://github.com/monid-ai/monid/blob/c57aa3d4b2036f518cbc7d3879a097ac1c8af4ea/connectors/dataforseo/endpoints/app-store-app-list/endpoint.ts
dataforseo#google-play/categories,dataforseo,/google-play/categories,Google Play Categories,GET,https://api.dataforseo.com/v3/app_data/google/categories,https://api.dataforseo.com,basic,Authorization,login+password,login|password,queryParams,start_hook_adapter,False,True,False,False,False,True,True,True,FREE,,$schema|maxLength|maximum|minLength|minimum,False,False,False,False,True,True,app-stores,https://docs.dataforseo.com/v3/app_data/google/categories/,https://github.com/monid-ai/monid/blob/c57aa3d4b2036f518cbc7d3879a097ac1c8af4ea/connectors/dataforseo/provider.ts
dataforseo#google-play/listing-categories,dataforseo,/google-play/listing-categories,Google Play Listing Categories,GET,https://api.dataforseo.com/v3/app_data/google/app_listings/categories,https://api.dataforseo.com,basic,Authorization,login+password,login|password,queryParams,start_hook_adapter,False,True,False,False,False,True,True,True,FREE,,$schema|maxLength|maximum|minLength|minimum,False,False,False,False,True,True,app-stores,https://docs.dataforseo.com/v3/app_data/google/app_listings/categories/,https://github.com/monid-ai/monid/blob/c57aa3d4b2036f518cbc7d3879a097ac1c8af4ea/connectors/dataforseo/provider.ts
dataforseo#google-play/listings,dataforseo,/google-play/listings,Google Play App Database,POST,https://api.dataforseo.com/v3/app_data/google/app_listings/search/live,https://api.dataforseo.com,basic,Authorization,login+password,login|password,body,start_hook_adapter,False,True,False,False,False,True,True,True,COMPOSITE,,$schema|maxItems|maximum|minItems|minLength|minimum,False,False,False,False,True,True,app-stores,https://docs.dataforseo.com/v3/app_data/google/app_listings/search/live/,https://github.com/monid-ai/monid/blob/c57aa3d4b2036f518cbc7d3879a097ac1c8af4ea/connectors/dataforseo/endpoints/ai-mentions-multi-target-metrics/endpoint.ts
dataforseo#google-play/locations,dataforseo,/google-play/locations,Google Play Locations,GET,https://api.dataforseo.com/v3/app_data/google/locations/{country},https://api.dataforseo.com,basic,Authorization,login+password,login|password,queryParams|pathParams,start_hook_adapter,False,True,False,False,False,True,True,True,FREE,,$schema|maxLength|maximum|minLength|minimum,False,False,False,False,True,True,app-stores,https://docs.dataforseo.com/v3/app_data/google/locations/{country}/,https://github.com/monid-ai/monid/blob/c57aa3d4b2036f518cbc7d3879a097ac1c8af4ea/connectors/dataforseo/provider.ts
dataforseo#google-play/search,dataforseo,/google-play/search,Google Play Search,POST,https://api.dataforseo.com/v3/app_data/google/app_searches/task_post,https://api.dataforseo.com,basic,Authorization,login+password,login|password,body,polling_lifecycle_adapter,False,True,True,False,False,True,True,True,PER_UNIT,,$schema|exclusiveMinimum|maxLength|maximum|minLength|minimum,False,False,False,False,True,True,app-stores,https://docs.dataforseo.com/v3/app_data/google/app_searches/task_post/,https://github.com/monid-ai/monid/blob/c57aa3d4b2036f518cbc7d3879a097ac1c8af4ea/connectors/dataforseo/endpoints/app-store-app-list/endpoint.ts
dataforseo#google-shopping/locations,dataforseo,/google-shopping/locations,Google Shopping Locations,GET,https://api.dataforseo.com/v3/merchant/google/locations/{country},https://api.dataforseo.com,basic,Authorization,login+password,login|password,queryParams|pathParams,start_hook_adapter,False,True,False,False,False,True,True,True,FREE,,$schema|maxLength|maximum|minLength|minimum,False,False,False,False,True,True,google-shopping,https://docs.dataforseo.com/v3/merchant/google/locations/{country}/,https://github.com/monid-ai/monid/blob/c57aa3d4b2036f518cbc7d3879a097ac1c8af4ea/connectors/dataforseo/provider.ts
dataforseo#google-shopping/product-info,dataforseo,/google-shopping/product-info,Google Shopping Product,POST,https://api.dataforseo.com/v3/merchant/google/product_info/task_post,https://api.dataforseo.com,basic,Authorization,login+password,login|password,body,polling_lifecycle_adapter,False,True,True,False,False,True,True,True,PER_CALL,,$schema|anyOf|exclusiveMinimum|maxLength|maximum|minLength,False,False,False,False,True,True,google-shopping,https://docs.dataforseo.com/v3/merchant/google/product_info/task_post/,https://github.com/monid-ai/monid/blob/c57aa3d4b2036f518cbc7d3879a097ac1c8af4ea/connectors/dataforseo/provider.ts
dataforseo#google-shopping/products,dataforseo,/google-shopping/products,Google Shopping Search,POST,https://api.dataforseo.com/v3/merchant/google/products/task_post,https://api.dataforseo.com,basic,Authorization,login+password,login|password,body,polling_lifecycle_adapter,False,True,True,False,False,True,True,True,PER_UNIT,,$schema|exclusiveMinimum|maxLength|maximum|minLength|minimum,False,False,False,False,True,True,google-shopping,https://docs.dataforseo.com/v3/merchant/google/products/task_post/,https://github.com/monid-ai/monid/blob/c57aa3d4b2036f518cbc7d3879a097ac1c8af4ea/connectors/dataforseo/endpoints/google-shopping-products/endpoint.ts
dataforseo#google-shopping/seller-ad-url,dataforseo,/google-shopping/seller-ad-url,Resolve Shopping Ad Link,GET,https://api.dataforseo.com/v3/merchant/google/sellers/ad_url/{shop_ad_aclk},https://api.dataforseo.com,basic,Authorization,login+password,login|password,pathParams,start_hook_adapter,False,True,False,False,False,True,True,True,PER_CALL,,$schema|maxLength|minLength,False,False,False,False,True,True,google-shopping,https://docs.dataforseo.com/v3/merchant/google/sellers/ad_url/{shop_ad_aclk}/,https://github.com/monid-ai/monid/blob/c57aa3d4b2036f518cbc7d3879a097ac1c8af4ea/connectors/dataforseo/provider.ts
dataforseo#google-shopping/sellers,dataforseo,/google-shopping/sellers,Google Shopping Sellers,POST,https://api.dataforseo.com/v3/merchant/google/sellers/task_post,https://api.dataforseo.com,basic,Authorization,login+password,login|password,body,polling_lifecycle_adapter,False,True,True,False,False,True,True,True,PER_UNIT,,$schema|anyOf|exclusiveMinimum|maxLength|maximum|minLength|minimum|propertyNames,False,False,False,False,True,True,google-shopping,https://docs.dataforseo.com/v3/merchant/google/sellers/task_post/,https://github.com/monid-ai/monid/blob/c57aa3d4b2036f518cbc7d3879a097ac1c8af4ea/connectors/dataforseo/endpoints/app-store-app-list/endpoint.ts
dataforseo#keywords/bing-audience-estimation,dataforseo,/keywords/bing-audience-estimation,Bing Audience Estimation,POST,https://api.dataforseo.com/v3/keywords_data/bing/audience_estimation/live,https://api.dataforseo.com,basic,Authorization,login+password,login|password,body,start_hook_adapter,False,True,False,False,False,True,True,True,PER_CALL,,$schema|exclusiveMinimum|maxLength|maximum|minLength,False,False,False,False,True,True,seo,https://docs.dataforseo.com/v3/keywords_data/bing/audience_estimation/live/,https://github.com/monid-ai/monid/blob/c57aa3d4b2036f518cbc7d3879a097ac1c8af4ea/connectors/dataforseo/provider.ts
dataforseo#keywords/bing-industries,dataforseo,/keywords/bing-industries,Bing Industries,GET,https://api.dataforseo.com/v3/keywords_data/bing/audience_estimation/industries,https://api.dataforseo.com,basic,Authorization,login+password,login|password,queryParams,start_hook_adapter,False,True,False,False,False,True,True,True,FREE,,$schema|maxLength|maximum|minLength|minimum,False,False,False,False,True,True,seo,https://docs.dataforseo.com/v3/keywords_data/bing/audience_estimation/industries/,https://github.com/monid-ai/monid/blob/c57aa3d4b2036f518cbc7d3879a097ac1c8af4ea/connectors/dataforseo/provider.ts
dataforseo#keywords/bing-job-functions,dataforseo,/keywords/bing-job-functions,Bing Job Functions,GET,https://api.dataforseo.com/v3/keywords_data/bing/audience_estimation/job_functions,https://api.dataforseo.com,basic,Authorization,login+password,login|password,queryParams,start_hook_adapter,False,True,False,False,False,True,True,True,FREE,,$schema|maxLength|maximum|minLength|minimum,False,False,False,False,True,True,seo,https://docs.dataforseo.com/v3/keywords_data/bing/audience_estimation/job_functions/,https://github.com/monid-ai/monid/blob/c57aa3d4b2036f518cbc7d3879a097ac1c8af4ea/connectors/dataforseo/provider.ts
dataforseo#keywords/bing-keyword-performance,dataforseo,/keywords/bing-keyword-performance,Bing Keyword Performance,POST,https://api.dataforseo.com/v3/keywords_data/bing/keyword_performance/live,https://api.dataforseo.com,basic,Authorization,login+password,login|password,body,start_hook_adapter,False,True,False,False,False,True,True,True,PER_CALL,,$schema|exclusiveMinimum|maxItems|maxLength|maximum|minItems|minLength,False,False,False,False,True,True,seo,https://docs.dataforseo.com/v3/keywords_data/bing/keyword_performance/live/,https://github.com/monid-ai/monid/blob/c57aa3d4b2036f518cbc7d3879a097ac1c8af4ea/connectors/dataforseo/provider.ts
dataforseo#keywords/bing-keyword-performance-locations,dataforseo,/keywords/bing-keyword-performance-locations,Bing Performance Locations,GET,https://api.dataforseo.com/v3/keywords_data/bing/keyword_performance/locations_and_languages,https://api.dataforseo.com,basic,Authorization,login+password,login|password,queryParams,start_hook_adapter,False,True,False,False,False,True,True,True,FREE,,$schema|maxLength|maximum|minLength|minimum,False,False,False,False,True,True,seo,https://docs.dataforseo.com/v3/keywords_data/bing/keyword_performance/locations_and_languages/,https://github.com/monid-ai/monid/blob/c57aa3d4b2036f518cbc7d3879a097ac1c8af4ea/connectors/dataforseo/provider.ts
dataforseo#keywords/bing-keywords-for-keywords,dataforseo,/keywords/bing-keywords-for-keywords,Bing Keyword Ideas,POST,https://api.dataforseo.com/v3/keywords_data/bing/keywords_for_keywords/live,https://api.dataforseo.com,basic,Authorization,login+password,login|password,body,start_hook_adapter,False,True,False,False,False,True,True,True,PER_CALL,,$schema|exclusiveMinimum|format|maxLength|maximum|minLength|pattern,False,False,False,False,True,True,seo,https://docs.dataforseo.com/v3/keywords_data/bing/keywords_for_keywords/live/,https://github.com/monid-ai/monid/blob/c57aa3d4b2036f518cbc7d3879a097ac1c8af4ea/connectors/dataforseo/provider.ts
dataforseo#keywords/bing-keywords-for-site,dataforseo,/keywords/bing-keywords-for-site,Bing Keywords for Site,POST,https://api.dataforseo.com/v3/keywords_data/bing/keywords_for_site/live,https://api.dataforseo.com,basic,Authorization,login+password,login|password,body,start_hook_adapter,False,True,False,False,False,True,True,True,PER_CALL,,$schema|exclusiveMinimum|format|maxLength|maximum|minLength|pattern,False,False,False,False,True,True,seo,https://docs.dataforseo.com/v3/keywords_data/bing/keywords_for_site/live/,https://github.com/monid-ai/monid/blob/c57aa3d4b2036f518cbc7d3879a097ac1c8af4ea/connectors/dataforseo/provider.ts
dataforseo#keywords/bing-search-volume,dataforseo,/keywords/bing-search-volume,Bing Search Volume,POST,https://api.dataforseo.com/v3/keywords_data/bing/search_volume/live,https://api.dataforseo.com,basic,Authorization,login+password,login|password,body,start_hook_adapter,False,True,False,False,False,True,True,True,PER_CALL,,$schema|exclusiveMinimum|format|maxItems|maxLength|maximum|minItems|minLength|pattern,False,False,False,False,True,True,seo,https://docs.dataforseo.com/v3/keywords_data/bing/search_volume/live/,https://github.com/monid-ai/monid/blob/c57aa3d4b2036f518cbc7d3879a097ac1c8af4ea/connectors/dataforseo/provider.ts
dataforseo#keywords/bing-search-volume-history,dataforseo,/keywords/bing-search-volume-history,Bing Search Volume History,POST,https://api.dataforseo.com/v3/keywords_data/bing/search_volume_history/live,https://api.dataforseo.com,basic,Authorization,login+password,login|password,body,start_hook_adapter,False,True,False,False,False,True,True,True,PER_CALL,,$schema|exclusiveMinimum|format|maxItems|maxLength|maximum|minItems|minLength|pattern,False,False,False,False,True,True,seo,https://docs.dataforseo.com/v3/keywords_data/bing/search_volume_history/live/,https://github.com/monid-ai/monid/blob/c57aa3d4b2036f518cbc7d3879a097ac1c8af4ea/connectors/dataforseo/provider.ts
dataforseo#keywords/bing-search-volume-history-locations,dataforseo,/keywords/bing-search-volume-history-locations,Bing History Locations,GET,https://api.dataforseo.com/v3/keywords_data/bing/search_volume_history/locations_and_languages,https://api.dataforseo.com,basic,Authorization,login+password,login|password,queryParams,start_hook_adapter,False,True,False,False,False,True,True,True,FREE,,$schema|maxLength|maximum|minLength|minimum,False,False,False,False,True,True,seo,https://docs.dataforseo.com/v3/keywords_data/bing/search_volume_history/locations_and_languages/,https://github.com/monid-ai/monid/blob/c57aa3d4b2036f518cbc7d3879a097ac1c8af4ea/connectors/dataforseo/provider.ts
dataforseo#keywords/clickstream-bulk-search-volume,dataforseo,/keywords/clickstream-bulk-search-volume,Bulk Clickstream Volume,POST,https://api.dataforseo.com/v3/keywords_data/clickstream_data/bulk_search_volume/live,https://api.dataforseo.com,basic,Authorization,login+password,login|password,body,start_hook_adapter,False,True,False,False,False,True,True,True,COMPOSITE,,$schema|exclusiveMinimum|maxItems|maxLength|maximum|minItems|minLength,False,False,False,False,True,True,seo,https://docs.dataforseo.com/v3/keywords_data/clickstream_data/bulk_search_volume/live/,https://github.com/monid-ai/monid/blob/c57aa3d4b2036f518cbc7d3879a097ac1c8af4ea/connectors/dataforseo/endpoints/ai-keyword-search-volume/endpoint.ts
dataforseo#keywords/clickstream-global-search-volume,dataforseo,/keywords/clickstream-global-search-volume,Global Search Volume,POST,https://api.dataforseo.com/v3/keywords_data/clickstream_data/global_search_volume/live,https://api.dataforseo.com,basic,Authorization,login+password,login|password,body,start_hook_adapter,False,True,False,False,False,True,True,True,PER_CALL,,$schema|maxItems|maxLength|minItems|minLength,False,False,False,False,True,True,seo,https://docs.dataforseo.com/v3/keywords_data/clickstream_data/global_search_volume/live/,https://github.com/monid-ai/monid/blob/c57aa3d4b2036f518cbc7d3879a097ac1c8af4ea/connectors/dataforseo/provider.ts
dataforseo#keywords/clickstream-locations,dataforseo,/keywords/clickstream-locations,Clickstream Locations,GET,https://api.dataforseo.com/v3/keywords_data/clickstream_data/locations_and_languages,https://api.dataforseo.com,basic,Authorization,login+password,login|password,queryParams,start_hook_adapter,False,True,False,False,False,True,True,True,FREE,,$schema|maxLength|maximum|minLength|minimum,False,False,False,False,True,True,seo,https://docs.dataforseo.com/v3/keywords_data/clickstream_data/locations_and_languages/,https://github.com/monid-ai/monid/blob/c57aa3d4b2036f518cbc7d3879a097ac1c8af4ea/connectors/dataforseo/provider.ts
dataforseo#keywords/clickstream-search-volume,dataforseo,/keywords/clickstream-search-volume,Clickstream Search Volume,POST,https://api.dataforseo.com/v3/keywords_data/clickstream_data/dataforseo_search_volume/live,https://api.dataforseo.com,basic,Authorization,login+password,login|password,body,start_hook_adapter,False,True,False,False,False,True,True,True,PER_CALL,,$schema|exclusiveMinimum|maxItems|maxLength|maximum|minItems|minLength,False,False,False,False,True,True,seo,https://docs.dataforseo.com/v3/keywords_data/clickstream_data/dataforseo_search_volume/live/,https://github.com/monid-ai/monid/blob/c57aa3d4b2036f518cbc7d3879a097ac1c8af4ea/connectors/dataforseo/provider.ts
dataforseo#keywords/google-ads-ad-traffic,dataforseo,/keywords/google-ads-ad-traffic,Google Ads Traffic Forecast,POST,https://api.dataforseo.com/v3/keywords_data/google_ads/ad_traffic_by_keywords/live,https://api.dataforseo.com,basic,Authorization,login+password,login|password,body,start_hook_adapter,False,True,False,False,False,True,True,True,PER_CALL,,$schema|exclusiveMinimum|format|maxItems|maxLength|maximum|minItems|minLength|minimum|pattern,False,False,False,False,True,True,seo,https://docs.dataforseo.com/v3/keywords_data/google_ads/ad_traffic_by_keywords/live/,https://github.com/monid-ai/monid/blob/c57aa3d4b2036f518cbc7d3879a097ac1c8af4ea/connectors/dataforseo/provider.ts
dataforseo#keywords/google-ads-keywords-for-keywords,dataforseo,/keywords/google-ads-keywords-for-keywords,Google Ads Keyword Ideas,POST,https://api.dataforseo.com/v3/keywords_data/google_ads/keywords_for_keywords/live,https://api.dataforseo.com,basic,Authorization,login+password,login|password,body,start_hook_adapter,False,True,False,False,False,True,True,True,PER_CALL,,$schema|exclusiveMinimum|format|maxItems|maxLength|maximum|minItems|minLength|pattern,False,False,False,False,True,True,seo,https://docs.dataforseo.com/v3/keywords_data/google_ads/keywords_for_keywords/live/,https://github.com/monid-ai/monid/blob/c57aa3d4b2036f518cbc7d3879a097ac1c8af4ea/connectors/dataforseo/provider.ts
dataforseo#keywords/google-ads-keywords-for-site,dataforseo,/keywords/google-ads-keywords-for-site,Google Ads Site Keywords,POST,https://api.dataforseo.com/v3/keywords_data/google_ads/keywords_for_site/live,https://api.dataforseo.com,basic,Authorization,login+password,login|password,body,start_hook_adapter,False,True,False,False,False,True,True,True,PER_CALL,,$schema|exclusiveMinimum|format|maxLength|maximum|minLength|pattern,False,False,False,False,True,True,seo,https://docs.dataforseo.com/v3/keywords_data/google_ads/keywords_for_site/live/,https://github.com/monid-ai/monid/blob/c57aa3d4b2036f518cbc7d3879a097ac1c8af4ea/connectors/dataforseo/provider.ts
dataforseo#keywords/google-ads-locations,dataforseo,/keywords/google-ads-locations,Google Ads Locations,GET,https://api.dataforseo.com/v3/keywords_data/google_ads/locations/{country},https://api.dataforseo.com,basic,Authorization,login+password,login|password,queryParams|pathParams,start_hook_adapter,False,True,False,False,False,True,True,True,FREE,,$schema|maxLength|maximum|minLength|minimum,False,False,False,False,True,True,seo,https://docs.dataforseo.com/v3/keywords_data/google_ads/locations/{country}/,https://github.com/monid-ai/monid/blob/c57aa3d4b2036f518cbc7d3879a097ac1c8af4ea/connectors/dataforseo/provider.ts
dataforseo#keywords/google-ads-search-volume,dataforseo,/keywords/google-ads-search-volume,Google Ads Search Volume,POST,https://api.dataforseo.com/v3/keywords_data/google_ads/search_volume/live,https://api.dataforseo.com,basic,Authorization,login+password,login|password,body,start_hook_adapter,False,True,False,False,False,True,True,True,PER_CALL,,$schema|exclusiveMinimum|format|maxItems|maxLength|maximum|minItems|minLength|pattern,False,False,False,False,True,True,seo,https://docs.dataforseo.com/v3/keywords_data/google_ads/search_volume/live/,https://github.com/monid-ai/monid/blob/c57aa3d4b2036f518cbc7d3879a097ac1c8af4ea/connectors/dataforseo/provider.ts
dataforseo#keywords/google-trends-categories,dataforseo,/keywords/google-trends-categories,Google Trends Categories,GET,https://api.dataforseo.com/v3/keywords_data/google_trends/categories,https://api.dataforseo.com,basic,Authorization,login+password,login|password,queryParams,start_hook_adapter,False,True,False,False,False,True,True,True,FREE,,$schema|maxLength|maximum|minLength|minimum,False,False,False,False,True,True,seo,https://docs.dataforseo.com/v3/keywords_data/google_trends/categories/,https://github.com/monid-ai/monid/blob/c57aa3d4b2036f518cbc7d3879a097ac1c8af4ea/connectors/dataforseo/provider.ts
dataforseo#keywords/google-trends-explore,dataforseo,/keywords/google-trends-explore,Google Trends,POST,https://api.dataforseo.com/v3/keywords_data/google_trends/explore/live,https://api.dataforseo.com,basic,Authorization,login+password,login|password,body,start_hook_adapter,False,True,False,False,False,True,True,True,PER_CALL,,$schema|exclusiveMinimum|format|maxItems|maxLength|maximum|minItems|minLength|minimum|pattern,False,False,False,False,True,True,seo,https://docs.dataforseo.com/v3/keywords_data/google_trends/explore/live/,https://github.com/monid-ai/monid/blob/c57aa3d4b2036f518cbc7d3879a097ac1c8af4ea/connectors/dataforseo/provider.ts
dataforseo#keywords/google-trends-locations,dataforseo,/keywords/google-trends-locations,Google Trends Locations,GET,https://api.dataforseo.com/v3/keywords_data/google_trends/locations/{country},https://api.dataforseo.com,basic,Authorization,login+password,login|password,queryParams|pathParams,start_hook_adapter,False,True,False,False,False,True,True,True,FREE,,$schema|maxLength|maximum|minLength|minimum,False,False,False,False,True,True,seo,https://docs.dataforseo.com/v3/keywords_data/google_trends/locations/{country}/,https://github.com/monid-ai/monid/blob/c57aa3d4b2036f518cbc7d3879a097ac1c8af4ea/connectors/dataforseo/provider.ts
dataforseo#keywords/trends-demography,dataforseo,/keywords/trends-demography,Keyword Trend by Demographic,POST,https://api.dataforseo.com/v3/keywords_data/dataforseo_trends/demography/live,https://api.dataforseo.com,basic,Authorization,login+password,login|password,body,start_hook_adapter,False,True,False,False,False,True,True,True,PER_CALL,,$schema|exclusiveMinimum|format|maxItems|maxLength|maximum|minItems|minLength|pattern,False,False,False,False,True,True,seo,https://docs.dataforseo.com/v3/keywords_data/dataforseo_trends/demography/live/,https://github.com/monid-ai/monid/blob/c57aa3d4b2036f518cbc7d3879a097ac1c8af4ea/connectors/dataforseo/provider.ts
dataforseo#keywords/trends-explore,dataforseo,/keywords/trends-explore,Keyword Trend Explore,POST,https://api.dataforseo.com/v3/keywords_data/dataforseo_trends/explore/live,https://api.dataforseo.com,basic,Authorization,login+password,login|password,body,start_hook_adapter,False,True,False,False,False,True,True,True,PER_CALL,,$schema|exclusiveMinimum|format|maxItems|maxLength|maximum|minItems|minLength|pattern,False,False,False,False,True,True,seo,https://docs.dataforseo.com/v3/keywords_data/dataforseo_trends/explore/live/,https://github.com/monid-ai/monid/blob/c57aa3d4b2036f518cbc7d3879a097ac1c8af4ea/connectors/dataforseo/provider.ts
dataforseo#keywords/trends-locations,dataforseo,/keywords/trends-locations,Keyword Trend Locations,GET,https://api.dataforseo.com/v3/keywords_data/dataforseo_trends/locations/{country},https://api.dataforseo.com,basic,Authorization,login+password,login|password,queryParams|pathParams,start_hook_adapter,False,True,False,False,False,True,True,True,FREE,,$schema|maxLength|maximum|minLength|minimum,False,False,False,False,True,True,seo,https://docs.dataforseo.com/v3/keywords_data/dataforseo_trends/locations/{country}/,https://github.com/monid-ai/monid/blob/c57aa3d4b2036f518cbc7d3879a097ac1c8af4ea/connectors/dataforseo/provider.ts
dataforseo#keywords/trends-merged,dataforseo,/keywords/trends-merged,Keyword Trend Overview,POST,https://api.dataforseo.com/v3/keywords_data/dataforseo_trends/merged_data/live,https://api.dataforseo.com,basic,Authorization,login+password,login|password,body,start_hook_adapter,False,True,False,False,False,True,True,True,PER_CALL,,$schema|exclusiveMinimum|format|maxItems|maxLength|maximum|minItems|minLength|pattern,False,False,False,False,True,True,seo,https://docs.dataforseo.com/v3/keywords_data/dataforseo_trends/merged_data/live/,https://github.com/monid-ai/monid/blob/c57aa3d4b2036f518cbc7d3879a097ac1c8af4ea/connectors/dataforseo/provider.ts
dataforseo#keywords/trends-subregions,dataforseo,/keywords/trends-subregions,Keyword Trend by Region,POST,https://api.dataforseo.com/v3/keywords_data/dataforseo_trends/subregion_interests/live,https://api.dataforseo.com,basic,Authorization,login+password,login|password,body,start_hook_adapter,False,True,False,False,False,True,True,True,PER_CALL,,$schema|exclusiveMinimum|format|maxItems|maxLength|maximum|minItems|minLength|pattern,False,False,False,False,True,True,seo,https://docs.dataforseo.com/v3/keywords_data/dataforseo_trends/subregion_interests/live/,https://github.com/monid-ai/monid/blob/c57aa3d4b2036f518cbc7d3879a097ac1c8af4ea/connectors/dataforseo/provider.ts
dataforseo#labs/amazon-bulk-search-volume,dataforseo,/labs/amazon-bulk-search-volume,Amazon Search Volume,POST,https://api.dataforseo.com/v3/dataforseo_labs/amazon/bulk_search_volume/live,https://api.dataforseo.com,basic,Authorization,login+password,login|password,body,start_hook_adapter,False,True,False,False,False,True,True,True,COMPOSITE,,$schema|exclusiveMinimum|maxItems|maxLength|maximum|minItems|minLength,False,False,False,False,True,True,amazon,https://docs.dataforseo.com/v3/dataforseo_labs/amazon/bulk_search_volume/live/,https://github.com/monid-ai/monid/blob/c57aa3d4b2036f518cbc7d3879a097ac1c8af4ea/connectors/dataforseo/endpoints/ai-keyword-search-volume/endpoint.ts
dataforseo#labs/amazon-product-competitors,dataforseo,/labs/amazon-product-competitors,Amazon Product Competitors,POST,https://api.dataforseo.com/v3/dataforseo_labs/amazon/product_competitors/live,https://api.dataforseo.com,basic,Authorization,login+password,login|password,body,start_hook_adapter,False,True,False,False,False,True,True,True,COMPOSITE,,$schema|exclusiveMinimum|maxItems|maxLength|maximum|minItems|minLength|minimum,False,False,False,False,True,True,amazon,https://docs.dataforseo.com/v3/dataforseo_labs/amazon/product_competitors/live/,https://github.com/monid-ai/monid/blob/c57aa3d4b2036f518cbc7d3879a097ac1c8af4ea/connectors/dataforseo/endpoints/ai-mentions-multi-target-metrics/endpoint.ts
dataforseo#labs/amazon-product-keyword-intersections,dataforseo,/labs/amazon-product-keyword-intersections,Amazon Keyword Intersection,POST,https://api.dataforseo.com/v3/dataforseo_labs/amazon/product_keyword_intersections/live,https://api.dataforseo.com,basic,Authorization,login+password,login|password,body,start_hook_adapter,False,True,False,False,False,True,True,True,COMPOSITE,,$schema|exclusiveMinimum|maxItems|maxLength|maximum|minItems|minLength|minimum|propertyNames,False,False,False,False,True,True,amazon,https://docs.dataforseo.com/v3/dataforseo_labs/amazon/product_keyword_intersections/live/,https://github.com/monid-ai/monid/blob/c57aa3d4b2036f518cbc7d3879a097ac1c8af4ea/connectors/dataforseo/endpoints/ai-mentions-multi-target-metrics/endpoint.ts
dataforseo#labs/amazon-product-rank-overview,dataforseo,/labs/amazon-product-rank-overview,Amazon Product Rank Overview,POST,https://api.dataforseo.com/v3/dataforseo_labs/amazon/product_rank_overview/live,https://api.dataforseo.com,basic,Authorization,login+password,login|password,body,start_hook_adapter,False,True,False,False,False,True,True,True,COMPOSITE,,$schema|exclusiveMinimum|maxItems|maxLength|maximum|minItems|minLength,False,False,False,False,True,True,amazon,https://docs.dataforseo.com/v3/dataforseo_labs/amazon/product_rank_overview/live/,https://github.com/monid-ai/monid/blob/c57aa3d4b2036f518cbc7d3879a097ac1c8af4ea/connectors/dataforseo/endpoints/labs-amazon-product-rank-overview/endpoint.ts
dataforseo#labs/amazon-ranked-keywords,dataforseo,/labs/amazon-ranked-keywords,Amazon Ranked Keywords,POST,https://api.dataforseo.com/v3/dataforseo_labs/amazon/ranked_keywords/live,https://api.dataforseo.com,basic,Authorization,login+password,login|password,body,start_hook_adapter,False,True,False,False,False,True,True,True,COMPOSITE,,$schema|exclusiveMinimum|maxItems|maxLength|maximum|minItems|minLength|minimum,False,False,False,False,True,True,amazon,https://docs.dataforseo.com/v3/dataforseo_labs/amazon/ranked_keywords/live/,https://github.com/monid-ai/monid/blob/c57aa3d4b2036f518cbc7d3879a097ac1c8af4ea/connectors/dataforseo/endpoints/ai-mentions-multi-target-metrics/endpoint.ts
dataforseo#labs/amazon-related-keywords,dataforseo,/labs/amazon-related-keywords,Amazon Related Keywords,POST,https://api.dataforseo.com/v3/dataforseo_labs/amazon/related_keywords/live,https://api.dataforseo.com,basic,Authorization,login+password,login|password,body,start_hook_adapter,False,True,False,False,False,True,True,True,COMPOSITE,,$schema|exclusiveMinimum|maxLength|maximum|minLength|minimum,False,False,False,False,True,True,amazon,https://docs.dataforseo.com/v3/dataforseo_labs/amazon/related_keywords/live/,https://github.com/monid-ai/monid/blob/c57aa3d4b2036f518cbc7d3879a097ac1c8af4ea/connectors/dataforseo/endpoints/ai-mentions-multi-target-metrics/endpoint.ts
dataforseo#labs/app-store-app-competitors,dataforseo,/labs/app-store-app-competitors,App Store App Competitors,POST,https://api.dataforseo.com/v3/dataforseo_labs/apple/app_competitors/live,https://api.dataforseo.com,basic,Authorization,login+password,login|password,body,start_hook_adapter,False,True,False,False,False,True,True,True,COMPOSITE,,$schema|exclusiveMinimum|maxItems|maxLength|maximum|minItems|minLength|minimum,False,False,False,False,True,True,app-stores,https://docs.dataforseo.com/v3/dataforseo_labs/apple/app_competitors/live/,https://github.com/monid-ai/monid/blob/c57aa3d4b2036f518cbc7d3879a097ac1c8af4ea/connectors/dataforseo/endpoints/ai-mentions-multi-target-metrics/endpoint.ts
dataforseo#labs/app-store-app-intersection,dataforseo,/labs/app-store-app-intersection,App Store Keyword Intersection,POST,https://api.dataforseo.com/v3/dataforseo_labs/apple/app_intersection/live,https://api.dataforseo.com,basic,Authorization,login+password,login|password,body,start_hook_adapter,False,True,False,False,False,True,True,True,COMPOSITE,,$schema|exclusiveMinimum|maxItems|maxLength|maximum|minItems|minLength|minimum|propertyNames,False,False,False,False,True,True,app-stores,https://docs.dataforseo.com/v3/dataforseo_labs/apple/app_intersection/live/,https://github.com/monid-ai/monid/blob/c57aa3d4b2036f518cbc7d3879a097ac1c8af4ea/connectors/dataforseo/endpoints/ai-mentions-multi-target-metrics/endpoint.ts
dataforseo#labs/app-store-bulk-app-metrics,dataforseo,/labs/app-store-bulk-app-metrics,App Store App Metrics,POST,https://api.dataforseo.com/v3/dataforseo_labs/apple/bulk_app_metrics/live,https://api.dataforseo.com,basic,Authorization,login+password,login|password,body,start_hook_adapter,False,True,False,False,False,True,True,True,COMPOSITE,,$schema|exclusiveMinimum|maxItems|maxLength|maximum|minItems|minLength,False,False,False,False,True,True,app-stores,https://docs.dataforseo.com/v3/dataforseo_labs/apple/bulk_app_metrics/live/,https://github.com/monid-ai/monid/blob/c57aa3d4b2036f518cbc7d3879a097ac1c8af4ea/connectors/dataforseo/endpoints/labs-app-store-bulk-app-metrics/endpoint.ts
dataforseo#labs/app-store-keywords-for-app,dataforseo,/labs/app-store-keywords-for-app,App Store App Keywords,POST,https://api.dataforseo.com/v3/dataforseo_labs/apple/keywords_for_app/live,https://api.dataforseo.com,basic,Authorization,login+password,login|password,body,start_hook_adapter,False,True,False,False,False,True,True,True,COMPOSITE,,$schema|exclusiveMinimum|maxItems|maxLength|maximum|minItems|minLength|minimum,False,False,False,False,True,True,app-stores,https://docs.dataforseo.com/v3/dataforseo_labs/apple/keywords_for_app/live/,https://github.com/monid-ai/monid/blob/c57aa3d4b2036f518cbc7d3879a097ac1c8af4ea/connectors/dataforseo/endpoints/ai-mentions-multi-target-metrics/endpoint.ts
dataforseo#labs/available-history,dataforseo,/labs/available-history,Labs History Availability,GET,https://api.dataforseo.com/v3/dataforseo_labs/google/available_history,https://api.dataforseo.com,basic,Authorization,login+password,login|password,queryParams,start_hook_adapter,False,True,False,False,False,True,True,True,FREE,,$schema|maxLength|maximum|minLength|minimum,False,False,False,False,True,True,seo,https://docs.dataforseo.com/v3/dataforseo_labs/google/available_history/,https://github.com/monid-ai/monid/blob/c57aa3d4b2036f518cbc7d3879a097ac1c8af4ea/connectors/dataforseo/provider.ts
dataforseo#labs/bulk-keyword-difficulty,dataforseo,/labs/bulk-keyword-difficulty,Bulk Keyword Difficulty,POST,https://api.dataforseo.com/v3/dataforseo_labs/google/bulk_keyword_difficulty/live,https://api.dataforseo.com,basic,Authorization,login+password,login|password,body,start_hook_adapter,False,True,False,False,False,True,True,True,COMPOSITE,,$schema|exclusiveMinimum|maxItems|maxLength|maximum|minItems|minLength,False,False,False,False,True,True,seo,https://docs.dataforseo.com/v3/dataforseo_labs/google/bulk_keyword_difficulty/live/,https://github.com/monid-ai/monid/blob/c57aa3d4b2036f518cbc7d3879a097ac1c8af4ea/connectors/dataforseo/endpoints/ai-keyword-search-volume/endpoint.ts
dataforseo#labs/bulk-traffic-estimation,dataforseo,/labs/bulk-traffic-estimation,Bulk Traffic Estimation,POST,https://api.dataforseo.com/v3/dataforseo_labs/google/bulk_traffic_estimation/live,https://api.dataforseo.com,basic,Authorization,login+password,login|password,body,start_hook_adapter,False,True,False,False,False,True,True,True,COMPOSITE,,$schema|exclusiveMinimum|maxItems|maxLength|maximum|minItems|minLength,False,False,False,False,True,True,seo,https://docs.dataforseo.com/v3/dataforseo_labs/google/bulk_traffic_estimation/live/,https://github.com/monid-ai/monid/blob/c57aa3d4b2036f518cbc7d3879a097ac1c8af4ea/connectors/dataforseo/endpoints/backlinks-bulk-backlinks/endpoint.ts
dataforseo#labs/categories,dataforseo,/labs/categories,Labs Categories,GET,https://api.dataforseo.com/v3/dataforseo_labs/categories,https://api.dataforseo.com,basic,Authorization,login+password,login|password,queryParams,start_hook_adapter,False,True,False,False,False,True,True,True,FREE,,$schema|maxLength|maximum|minLength|minimum,False,False,False,False,True,True,seo,https://docs.dataforseo.com/v3/dataforseo_labs/categories/,https://github.com/monid-ai/monid/blob/c57aa3d4b2036f518cbc7d3879a097ac1c8af4ea/connectors/dataforseo/provider.ts
dataforseo#labs/categories-for-domain,dataforseo,/labs/categories-for-domain,Categories for Domain,POST,https://api.dataforseo.com/v3/dataforseo_labs/google/categories_for_domain/live,https://api.dataforseo.com,basic,Authorization,login+password,login|password,body,start_hook_adapter,False,True,False,False,False,True,True,True,COMPOSITE,,$schema|exclusiveMinimum|maxItems|maxLength|maximum|minItems|minLength|minimum,False,False,False,False,True,True,seo,https://docs.dataforseo.com/v3/dataforseo_labs/google/categories_for_domain/live/,https://github.com/monid-ai/monid/blob/c57aa3d4b2036f518cbc7d3879a097ac1c8af4ea/connectors/dataforseo/endpoints/labs-categories-for-domain/endpoint.ts
dataforseo#labs/categories-for-keywords,dataforseo,/labs/categories-for-keywords,Categories for Keywords,POST,https://api.dataforseo.com/v3/dataforseo_labs/google/categories_for_keywords/live,https://api.dataforseo.com,basic,Authorization,login+password,login|password,body,start_hook_adapter,False,True,False,False,False,True,True,True,COMPOSITE,,$schema|exclusiveMinimum|maxItems|maxLength|maximum|minItems|minLength,False,False,False,False,True,True,seo,https://docs.dataforseo.com/v3/dataforseo_labs/google/categories_for_keywords/live/,https://github.com/monid-ai/monid/blob/c57aa3d4b2036f518cbc7d3879a097ac1c8af4ea/connectors/dataforseo/endpoints/ai-keyword-search-volume/endpoint.ts
dataforseo#labs/competitors-domain,dataforseo,/labs/competitors-domain,Domain Competitors,POST,https://api.dataforseo.com/v3/dataforseo_labs/google/competitors_domain/live,https://api.dataforseo.com,basic,Authorization,login+password,login|password,body,start_hook_adapter,False,True,False,False,False,True,True,True,COMPOSITE,,$schema|exclusiveMinimum|maxItems|maxLength|maximum|minItems|minLength|minimum,False,False,False,False,True,True,seo,https://docs.dataforseo.com/v3/dataforseo_labs/google/competitors_domain/live/,https://github.com/monid-ai/monid/blob/c57aa3d4b2036f518cbc7d3879a097ac1c8af4ea/connectors/dataforseo/endpoints/labs-categories-for-domain/endpoint.ts
dataforseo#labs/domain-intersection,dataforseo,/labs/domain-intersection,Domain Keyword Intersection,POST,https://api.dataforseo.com/v3/dataforseo_labs/google/domain_intersection/live,https://api.dataforseo.com,basic,Authorization,login+password,login|password,body,start_hook_adapter,False,True,False,False,False,True,True,True,COMPOSITE,,$schema|exclusiveMinimum|maxItems|maxLength|maximum|minItems|minLength|minimum,False,False,False,False,True,True,seo,https://docs.dataforseo.com/v3/dataforseo_labs/google/domain_intersection/live/,https://github.com/monid-ai/monid/blob/c57aa3d4b2036f518cbc7d3879a097ac1c8af4ea/connectors/dataforseo/endpoints/labs-categories-for-domain/endpoint.ts
dataforseo#labs/domain-metrics-by-categories,dataforseo,/labs/domain-metrics-by-categories,Domain Metrics by Category,POST,https://api.dataforseo.com/v3/dataforseo_labs/google/domain_metrics_by_categories/live,https://api.dataforseo.com,basic,Authorization,login+password,login|password,body,start_hook_adapter,False,True,False,False,False,True,True,True,COMPOSITE,,$schema|exclusiveMinimum|format|maxItems|maxLength|maximum|minItems|minLength|minimum|pattern,False,False,False,False,True,True,seo,https://docs.dataforseo.com/v3/dataforseo_labs/google/domain_metrics_by_categories/live/,https://github.com/monid-ai/monid/blob/c57aa3d4b2036f518cbc7d3879a097ac1c8af4ea/connectors/dataforseo/endpoints/ai-mentions-multi-target-metrics/endpoint.ts
dataforseo#labs/domain-rank-overview,dataforseo,/labs/domain-rank-overview,Domain Rank Overview,POST,https://api.dataforseo.com/v3/dataforseo_labs/google/domain_rank_overview/live,https://api.dataforseo.com,basic,Authorization,login+password,login|password,body,start_hook_adapter,False,True,False,False,False,True,True,True,COMPOSITE,,$schema|exclusiveMinimum|maxLength|maximum|minLength|minimum,False,False,False,False,True,True,seo,https://docs.dataforseo.com/v3/dataforseo_labs/google/domain_rank_overview/live/,https://github.com/monid-ai/monid/blob/c57aa3d4b2036f518cbc7d3879a097ac1c8af4ea/connectors/dataforseo/endpoints/ai-mentions-multi-target-metrics/endpoint.ts
dataforseo#labs/filters,dataforseo,/labs/filters,Labs Filter Fields,GET,https://api.dataforseo.com/v3/dataforseo_labs/available_filters,https://api.dataforseo.com,basic,Authorization,login+password,login|password,queryParams,start_hook_adapter,False,True,False,False,False,True,True,True,FREE,,$schema,False,False,False,True,True,True,seo,https://docs.dataforseo.com/v3/dataforseo_labs/available_filters/,https://github.com/monid-ai/monid/blob/c57aa3d4b2036f518cbc7d3879a097ac1c8af4ea/connectors/dataforseo/provider.ts
dataforseo#labs/google-play-app-competitors,dataforseo,/labs/google-play-app-competitors,Google Play App Competitors,POST,https://api.dataforseo.com/v3/dataforseo_labs/google/app_competitors/live,https://api.dataforseo.com,basic,Authorization,login+password,login|password,body,start_hook_adapter,False,True,False,False,False,True,True,True,COMPOSITE,,$schema|exclusiveMinimum|maxItems|maxLength|maximum|minItems|minLength|minimum,False,False,False,False,True,True,app-stores,https://docs.dataforseo.com/v3/dataforseo_labs/google/app_competitors/live/,https://github.com/monid-ai/monid/blob/c57aa3d4b2036f518cbc7d3879a097ac1c8af4ea/connectors/dataforseo/endpoints/ai-mentions-multi-target-metrics/endpoint.ts
dataforseo#labs/google-play-app-intersection,dataforseo,/labs/google-play-app-intersection,Google Play Keyword Intersection,POST,https://api.dataforseo.com/v3/dataforseo_labs/google/app_intersection/live,https://api.dataforseo.com,basic,Authorization,login+password,login|password,body,start_hook_adapter,False,True,False,False,False,True,True,True,COMPOSITE,,$schema|exclusiveMinimum|maxItems|maxLength|maximum|minItems|minLength|minimum|propertyNames,False,False,False,False,True,True,app-stores,https://docs.dataforseo.com/v3/dataforseo_labs/google/app_intersection/live/,https://github.com/monid-ai/monid/blob/c57aa3d4b2036f518cbc7d3879a097ac1c8af4ea/connectors/dataforseo/endpoints/ai-mentions-multi-target-metrics/endpoint.ts
dataforseo#labs/google-play-bulk-app-metrics,dataforseo,/labs/google-play-bulk-app-metrics,Google Play App Metrics,POST,https://api.dataforseo.com/v3/dataforseo_labs/google/bulk_app_metrics/live,https://api.dataforseo.com,basic,Authorization,login+password,login|password,body,start_hook_adapter,False,True,False,False,False,True,True,True,COMPOSITE,,$schema|exclusiveMinimum|maxItems|maxLength|maximum|minItems|minLength,False,False,False,False,True,True,app-stores,https://docs.dataforseo.com/v3/dataforseo_labs/google/bulk_app_metrics/live/,https://github.com/monid-ai/monid/blob/c57aa3d4b2036f518cbc7d3879a097ac1c8af4ea/connectors/dataforseo/endpoints/labs-app-store-bulk-app-metrics/endpoint.ts
dataforseo#labs/google-play-keywords-for-app,dataforseo,/labs/google-play-keywords-for-app,Google Play App Keywords,POST,https://api.dataforseo.com/v3/dataforseo_labs/google/keywords_for_app/live,https://api.dataforseo.com,basic,Authorization,login+password,login|password,body,start_hook_adapter,False,True,False,False,False,True,True,True,COMPOSITE,,$schema|exclusiveMinimum|maxItems|maxLength|maximum|minItems|minLength|minimum,False,False,False,False,True,True,app-stores,https://docs.dataforseo.com/v3/dataforseo_labs/google/keywords_for_app/live/,https://github.com/monid-ai/monid/blob/c57aa3d4b2036f518cbc7d3879a097ac1c8af4ea/connectors/dataforseo/endpoints/ai-mentions-multi-target-metrics/endpoint.ts
dataforseo#labs/historical-bulk-traffic-estimation,dataforseo,/labs/historical-bulk-traffic-estimation,Historical Traffic Estimation,POST,https://api.dataforseo.com/v3/dataforseo_labs/google/historical_bulk_traffic_estimation/live,https://api.dataforseo.com,basic,Authorization,login+password,login|password,body,start_hook_adapter,False,True,False,False,False,True,True,True,COMPOSITE,,$schema|exclusiveMinimum|format|maxItems|maxLength|maximum|minItems|minLength|pattern,False,False,False,False,True,True,seo,https://docs.dataforseo.com/v3/dataforseo_labs/google/historical_bulk_traffic_estimation/live/,https://github.com/monid-ai/monid/blob/c57aa3d4b2036f518cbc7d3879a097ac1c8af4ea/connectors/dataforseo/endpoints/backlinks-bulk-backlinks/endpoint.ts
dataforseo#labs/historical-keyword-data,dataforseo,/labs/historical-keyword-data,Historical Keyword Data,POST,https://api.dataforseo.com/v3/dataforseo_labs/google/historical_keyword_data/live,https://api.dataforseo.com,basic,Authorization,login+password,login|password,body,start_hook_adapter,False,True,False,False,False,True,True,True,COMPOSITE,,$schema|exclusiveMinimum|maxItems|maxLength|maximum|minItems|minLength,False,False,False,False,True,True,seo,https://docs.dataforseo.com/v3/dataforseo_labs/google/historical_keyword_data/live/,https://github.com/monid-ai/monid/blob/c57aa3d4b2036f518cbc7d3879a097ac1c8af4ea/connectors/dataforseo/endpoints/ai-keyword-search-volume/endpoint.ts
dataforseo#labs/historical-rank-overview,dataforseo,/labs/historical-rank-overview,Historical Rank Overview,POST,https://api.dataforseo.com/v3/dataforseo_labs/google/historical_rank_overview/live,https://api.dataforseo.com,basic,Authorization,login+password,login|password,body,start_hook_adapter,False,True,False,False,False,True,True,True,COMPOSITE,,$schema|exclusiveMinimum|format|maxLength|maximum|minLength|pattern,False,False,False,False,True,True,seo,https://docs.dataforseo.com/v3/dataforseo_labs/google/historical_rank_overview/live/,https://github.com/monid-ai/monid/blob/c57aa3d4b2036f518cbc7d3879a097ac1c8af4ea/connectors/dataforseo/endpoints/labs-historical-rank-overview/endpoint.ts
dataforseo#labs/historical-serps,dataforseo,/labs/historical-serps,Historical SERPs,POST,https://api.dataforseo.com/v3/dataforseo_labs/google/historical_serps/live,https://api.dataforseo.com,basic,Authorization,login+password,login|password,body,start_hook_adapter,False,True,False,False,False,True,True,True,PER_UNIT,,$schema|exclusiveMinimum|format|maxLength|maximum|minLength|pattern,False,False,False,False,True,True,seo,https://docs.dataforseo.com/v3/dataforseo_labs/google/historical_serps/live/,https://github.com/monid-ai/monid/blob/c57aa3d4b2036f518cbc7d3879a097ac1c8af4ea/connectors/apollo/endpoints/organizations-enrich/endpoint.ts
dataforseo#labs/keyword-ideas,dataforseo,/labs/keyword-ideas,Keyword Ideas,POST,https://api.dataforseo.com/v3/dataforseo_labs/google/keyword_ideas/live,https://api.dataforseo.com,basic,Authorization,login+password,login|password,body,start_hook_adapter,False,True,False,False,False,True,True,True,COMPOSITE,,$schema|exclusiveMinimum|maxItems|maxLength|maximum|minItems|minLength|minimum,False,False,False,False,True,True,seo,https://docs.dataforseo.com/v3/dataforseo_labs/google/keyword_ideas/live/,https://github.com/monid-ai/monid/blob/c57aa3d4b2036f518cbc7d3879a097ac1c8af4ea/connectors/dataforseo/endpoints/labs-categories-for-domain/endpoint.ts
dataforseo#labs/keyword-overview,dataforseo,/labs/keyword-overview,Keyword Overview,POST,https://api.dataforseo.com/v3/dataforseo_labs/google/keyword_overview/live,https://api.dataforseo.com,basic,Authorization,login+password,login|password,body,start_hook_adapter,False,True,False,False,False,True,True,True,COMPOSITE,,$schema|exclusiveMinimum|maxItems|maxLength|maximum|minItems|minLength,False,False,False,False,True,True,seo,https://docs.dataforseo.com/v3/dataforseo_labs/google/keyword_overview/live/,https://github.com/monid-ai/monid/blob/c57aa3d4b2036f518cbc7d3879a097ac1c8af4ea/connectors/dataforseo/endpoints/labs-keyword-overview/endpoint.ts
dataforseo#labs/keyword-suggestions,dataforseo,/labs/keyword-suggestions,Keyword Suggestions,POST,https://api.dataforseo.com/v3/dataforseo_labs/google/keyword_suggestions/live,https://api.dataforseo.com,basic,Authorization,login+password,login|password,body,start_hook_adapter,False,True,False,False,False,True,True,True,COMPOSITE,,$schema|exclusiveMinimum|maxItems|maxLength|maximum|minItems|minLength|minimum,False,False,False,False,True,True,seo,https://docs.dataforseo.com/v3/dataforseo_labs/google/keyword_suggestions/live/,https://github.com/monid-ai/monid/blob/c57aa3d4b2036f518cbc7d3879a097ac1c8af4ea/connectors/dataforseo/endpoints/labs-categories-for-domain/endpoint.ts
dataforseo#labs/keywords-for-categories,dataforseo,/labs/keywords-for-categories,Keywords for Categories,POST,https://api.dataforseo.com/v3/dataforseo_labs/google/keywords_for_categories/live,https://api.dataforseo.com,basic,Authorization,login+password,login|password,body,start_hook_adapter,False,True,False,False,False,True,True,True,COMPOSITE,,$schema|exclusiveMinimum|maxItems|maxLength|maximum|minItems|minLength|minimum,False,False,False,False,True,True,seo,https://docs.dataforseo.com/v3/dataforseo_labs/google/keywords_for_categories/live/,https://github.com/monid-ai/monid/blob/c57aa3d4b2036f518cbc7d3879a097ac1c8af4ea/connectors/dataforseo/endpoints/labs-categories-for-domain/endpoint.ts
dataforseo#labs/keywords-for-site,dataforseo,/labs/keywords-for-site,Keywords for Site,POST,https://api.dataforseo.com/v3/dataforseo_labs/google/keywords_for_site/live,https://api.dataforseo.com,basic,Authorization,login+password,login|password,body,start_hook_adapter,False,True,False,False,False,True,True,True,COMPOSITE,,$schema|exclusiveMinimum|maxItems|maxLength|maximum|minItems|minLength|minimum,False,False,False,False,True,True,seo,https://docs.dataforseo.com/v3/dataforseo_labs/google/keywords_for_site/live/,https://github.com/monid-ai/monid/blob/c57aa3d4b2036f518cbc7d3879a097ac1c8af4ea/connectors/dataforseo/endpoints/labs-categories-for-domain/endpoint.ts
dataforseo#labs/locations,dataforseo,/labs/locations,Labs Locations and Languages,GET,https://api.dataforseo.com/v3/dataforseo_labs/locations_and_languages,https://api.dataforseo.com,basic,Authorization,login+password,login|password,queryParams,start_hook_adapter,False,True,False,False,False,True,True,True,FREE,,$schema|maxLength|maximum|minLength|minimum,False,False,False,False,True,True,seo,https://docs.dataforseo.com/v3/dataforseo_labs/locations_and_languages/,https://github.com/monid-ai/monid/blob/c57aa3d4b2036f518cbc7d3879a097ac1c8af4ea/connectors/dataforseo/provider.ts
dataforseo#labs/page-intersection,dataforseo,/labs/page-intersection,Page Keyword Intersection,POST,https://api.dataforseo.com/v3/dataforseo_labs/google/page_intersection/live,https://api.dataforseo.com,basic,Authorization,login+password,login|password,body,start_hook_adapter,False,True,False,False,False,True,True,True,COMPOSITE,,$schema|exclusiveMinimum|maxItems|maxLength|maximum|minItems|minLength|minimum|propertyNames,False,False,False,False,True,True,seo,https://docs.dataforseo.com/v3/dataforseo_labs/google/page_intersection/live/,https://github.com/monid-ai/monid/blob/c57aa3d4b2036f518cbc7d3879a097ac1c8af4ea/connectors/dataforseo/endpoints/labs-categories-for-domain/endpoint.ts
dataforseo#labs/ranked-keywords,dataforseo,/labs/ranked-keywords,Ranked Keywords,POST,https://api.dataforseo.com/v3/dataforseo_labs/google/ranked_keywords/live,https://api.dataforseo.com,basic,Authorization,login+password,login|password,body,start_hook_adapter,False,True,False,False,False,True,True,True,COMPOSITE,,$schema|exclusiveMinimum|maxItems|maxLength|maximum|minItems|minLength|minimum,False,False,False,True,True,True,seo,https://docs.dataforseo.com/v3/dataforseo_labs/google/ranked_keywords/live/,https://github.com/monid-ai/monid/blob/c57aa3d4b2036f518cbc7d3879a097ac1c8af4ea/connectors/dataforseo/endpoints/labs-categories-for-domain/endpoint.ts
dataforseo#labs/related-keywords,dataforseo,/labs/related-keywords,Related Keywords,POST,https://api.dataforseo.com/v3/dataforseo_labs/google/related_keywords/live,https://api.dataforseo.com,basic,Authorization,login+password,login|password,body,start_hook_adapter,False,True,False,False,False,True,True,True,COMPOSITE,,$schema|exclusiveMinimum|maxItems|maxLength|maximum|minItems|minLength|minimum,False,False,False,False,True,True,seo,https://docs.dataforseo.com/v3/dataforseo_labs/google/related_keywords/live/,https://github.com/monid-ai/monid/blob/c57aa3d4b2036f518cbc7d3879a097ac1c8af4ea/connectors/dataforseo/endpoints/labs-categories-for-domain/endpoint.ts
dataforseo#labs/relevant-pages,dataforseo,/labs/relevant-pages,Top Ranking Pages,POST,https://api.dataforseo.com/v3/dataforseo_labs/google/relevant_pages/live,https://api.dataforseo.com,basic,Authorization,login+password,login|password,body,start_hook_adapter,False,True,False,False,False,True,True,True,COMPOSITE,,$schema|exclusiveMinimum|maxItems|maxLength|maximum|minItems|minLength|minimum,False,False,False,False,True,True,seo,https://docs.dataforseo.com/v3/dataforseo_labs/google/relevant_pages/live/,https://github.com/monid-ai/monid/blob/c57aa3d4b2036f518cbc7d3879a097ac1c8af4ea/connectors/dataforseo/endpoints/labs-categories-for-domain/endpoint.ts
dataforseo#labs/search-intent,dataforseo,/labs/search-intent,Search Intent,POST,https://api.dataforseo.com/v3/dataforseo_labs/google/search_intent/live,https://api.dataforseo.com,basic,Authorization,login+password,login|password,body,start_hook_adapter,False,True,False,False,False,True,True,True,COMPOSITE,,$schema|exclusiveMinimum|maxItems|maxLength|maximum|minItems|minLength,False,False,False,False,True,True,seo,https://docs.dataforseo.com/v3/dataforseo_labs/google/search_intent/live/,https://github.com/monid-ai/monid/blob/c57aa3d4b2036f518cbc7d3879a097ac1c8af4ea/connectors/dataforseo/endpoints/ai-keyword-search-volume/endpoint.ts
dataforseo#labs/serp-competitors,dataforseo,/labs/serp-competitors,SERP Competitors,POST,https://api.dataforseo.com/v3/dataforseo_labs/google/serp_competitors/live,https://api.dataforseo.com,basic,Authorization,login+password,login|password,body,start_hook_adapter,False,True,False,False,False,True,True,True,COMPOSITE,,$schema|exclusiveMinimum|maxItems|maxLength|maximum|minItems|minLength|minimum,False,False,False,False,True,True,seo,https://docs.dataforseo.com/v3/dataforseo_labs/google/serp_competitors/live/,https://github.com/monid-ai/monid/blob/c57aa3d4b2036f518cbc7d3879a097ac1c8af4ea/connectors/dataforseo/endpoints/ai-mentions-multi-target-metrics/endpoint.ts
dataforseo#labs/subdomains,dataforseo,/labs/subdomains,Subdomain Metrics,POST,https://api.dataforseo.com/v3/dataforseo_labs/google/subdomains/live,https://api.dataforseo.com,basic,Authorization,login+password,login|password,body,start_hook_adapter,False,True,False,False,False,True,True,True,COMPOSITE,,$schema|exclusiveMinimum|maxItems|maxLength|maximum|minItems|minLength|minimum,False,False,False,False,True,True,seo,https://docs.dataforseo.com/v3/dataforseo_labs/google/subdomains/live/,https://github.com/monid-ai/monid/blob/c57aa3d4b2036f518cbc7d3879a097ac1c8af4ea/connectors/dataforseo/endpoints/labs-categories-for-domain/endpoint.ts
dataforseo#labs/top-searches,dataforseo,/labs/top-searches,Top Searches,POST,https://api.dataforseo.com/v3/dataforseo_labs/google/top_searches/live,https://api.dataforseo.com,basic,Authorization,login+password,login|password,body,start_hook_adapter,False,True,False,False,False,True,True,True,COMPOSITE,,$schema|exclusiveMinimum|maxItems|maxLength|maximum|minItems|minLength|minimum,False,False,False,False,True,True,seo,https://docs.dataforseo.com/v3/dataforseo_labs/google/top_searches/live/,https://github.com/monid-ai/monid/blob/c57aa3d4b2036f518cbc7d3879a097ac1c8af4ea/connectors/dataforseo/endpoints/labs-categories-for-domain/endpoint.ts
dataforseo#onpage/content-parsing,dataforseo,/onpage/content-parsing,Parse Page Content,POST,https://api.dataforseo.com/v3/on_page/content_parsing/live,https://api.dataforseo.com,basic,Authorization,login+password,login|password,body,start_hook_adapter,False,True,False,False,False,True,True,True,PER_CALL,,$schema|format|maximum|minLength|minimum,False,False,False,False,True,True,web-extraction,https://docs.dataforseo.com/v3/on_page/content_parsing/live/,https://github.com/monid-ai/monid/blob/c57aa3d4b2036f518cbc7d3879a097ac1c8af4ea/connectors/dataforseo/provider.ts
dataforseo#onpage/filters,dataforseo,/onpage/filters,OnPage Filter Fields,GET,https://api.dataforseo.com/v3/on_page/available_filters,https://api.dataforseo.com,basic,Authorization,login+password,login|password,queryParams,start_hook_adapter,False,True,False,False,False,True,True,True,FREE,,$schema,False,False,False,False,True,True,seo,https://docs.dataforseo.com/v3/on_page/available_filters/,https://github.com/monid-ai/monid/blob/c57aa3d4b2036f518cbc7d3879a097ac1c8af4ea/connectors/dataforseo/provider.ts
dataforseo#onpage/instant-pages,dataforseo,/onpage/instant-pages,Audit Page On-Page,POST,https://api.dataforseo.com/v3/on_page/instant_pages,https://api.dataforseo.com,basic,Authorization,login+password,login|password,body,start_hook_adapter,False,True,False,False,False,True,True,True,PER_CALL,,$schema|anyOf|format|maximum|minLength|minimum|propertyNames,False,False,False,False,True,True,web-extraction|seo,https://docs.dataforseo.com/v3/on_page/instant_pages/,https://github.com/monid-ai/monid/blob/c57aa3d4b2036f518cbc7d3879a097ac1c8af4ea/connectors/dataforseo/provider.ts
dataforseo#onpage/lighthouse,dataforseo,/onpage/lighthouse,Run Lighthouse Audit,POST,https://api.dataforseo.com/v3/on_page/lighthouse/live/json,https://api.dataforseo.com,basic,Authorization,login+password,login|password,body,start_hook_adapter,False,True,False,False,False,True,True,True,PER_CALL,,$schema|format|maximum|minLength|minimum,False,False,False,False,True,True,seo|web-extraction,https://docs.dataforseo.com/v3/on_page/lighthouse/live/json/,https://github.com/monid-ai/monid/blob/c57aa3d4b2036f518cbc7d3879a097ac1c8af4ea/connectors/dataforseo/provider.ts
dataforseo#onpage/lighthouse-audits,dataforseo,/onpage/lighthouse-audits,Lighthouse Audits,GET,https://api.dataforseo.com/v3/on_page/lighthouse/audits,https://api.dataforseo.com,basic,Authorization,login+password,login|password,queryParams,start_hook_adapter,False,True,False,False,False,True,True,True,FREE,,$schema,False,False,False,False,True,True,seo,https://docs.dataforseo.com/v3/on_page/lighthouse/audits/,https://github.com/monid-ai/monid/blob/c57aa3d4b2036f518cbc7d3879a097ac1c8af4ea/connectors/dataforseo/provider.ts
dataforseo#onpage/lighthouse-versions,dataforseo,/onpage/lighthouse-versions,Lighthouse Versions,GET,https://api.dataforseo.com/v3/on_page/lighthouse/versions,https://api.dataforseo.com,basic,Authorization,login+password,login|password,queryParams,start_hook_adapter,False,True,False,False,False,True,True,True,FREE,,$schema,False,False,False,False,True,True,seo,https://docs.dataforseo.com/v3/on_page/lighthouse/versions/,https://github.com/monid-ai/monid/blob/c57aa3d4b2036f518cbc7d3879a097ac1c8af4ea/connectors/dataforseo/provider.ts
dataforseo#onpage/page-screenshot,dataforseo,/onpage/page-screenshot,Screenshot Page,POST,https://api.dataforseo.com/v3/on_page/page_screenshot,https://api.dataforseo.com,basic,Authorization,login+password,login|password,body,start_hook_adapter,False,True,False,False,False,True,True,True,PER_CALL,,$schema|format|maximum|minLength|minimum,False,False,False,False,True,True,web-extraction,https://docs.dataforseo.com/v3/on_page/page_screenshot/,https://github.com/monid-ai/monid/blob/c57aa3d4b2036f518cbc7d3879a097ac1c8af4ea/connectors/dataforseo/provider.ts
dataforseo#serp/baidu-locations,dataforseo,/serp/baidu-locations,Baidu Locations,GET,https://api.dataforseo.com/v3/serp/baidu/locations/{country},https://api.dataforseo.com,basic,Authorization,login+password,login|password,queryParams|pathParams,start_hook_adapter,False,True,False,False,False,True,True,True,FREE,,$schema|maxLength|maximum|minLength|minimum,False,False,False,True,True,True,web-search,https://docs.dataforseo.com/v3/serp/baidu/locations/{country}/,https://github.com/monid-ai/monid/blob/c57aa3d4b2036f518cbc7d3879a097ac1c8af4ea/connectors/dataforseo/provider.ts
dataforseo#serp/baidu-organic,dataforseo,/serp/baidu-organic,Baidu Search Results,POST,https://api.dataforseo.com/v3/serp/baidu/organic/task_post,https://api.dataforseo.com,basic,Authorization,login+password,login|password,body,polling_lifecycle_adapter,False,True,True,False,False,True,True,True,PER_UNIT,,$schema|exclusiveMinimum|maxLength|maximum|minLength|minimum|propertyNames,False,False,False,True,True,True,web-search,https://docs.dataforseo.com/v3/serp/baidu/organic/task_post/,https://github.com/monid-ai/monid/blob/c57aa3d4b2036f518cbc7d3879a097ac1c8af4ea/connectors/dataforseo/endpoints/serp-baidu-organic/endpoint.ts
dataforseo#serp/bing-locations,dataforseo,/serp/bing-locations,Bing Locations,GET,https://api.dataforseo.com/v3/serp/bing/locations/{country},https://api.dataforseo.com,basic,Authorization,login+password,login|password,queryParams|pathParams,start_hook_adapter,False,True,False,False,False,True,True,True,FREE,,$schema|maxLength|maximum|minLength|minimum,False,False,False,True,True,True,web-search,https://docs.dataforseo.com/v3/serp/bing/locations/{country}/,https://github.com/monid-ai/monid/blob/c57aa3d4b2036f518cbc7d3879a097ac1c8af4ea/connectors/dataforseo/provider.ts
dataforseo#serp/bing-organic,dataforseo,/serp/bing-organic,Bing Search Results,POST,https://api.dataforseo.com/v3/serp/bing/organic/live/advanced,https://api.dataforseo.com,basic,Authorization,login+password,login|password,body,start_hook_adapter,False,True,False,False,False,True,True,True,PER_UNIT,,$schema|exclusiveMinimum|maxLength|maximum|minLength|minimum|propertyNames,False,False,False,True,True,True,web-search,https://docs.dataforseo.com/v3/serp/bing/organic/live/advanced/,https://github.com/monid-ai/monid/blob/c57aa3d4b2036f518cbc7d3879a097ac1c8af4ea/connectors/dataforseo/endpoints/serp-bing-organic/endpoint.ts
dataforseo#serp/google-ads-advertisers,dataforseo,/serp/google-ads-advertisers,Google Ads Advertisers,POST,https://api.dataforseo.com/v3/serp/google/ads_advertisers/task_post,https://api.dataforseo.com,basic,Authorization,login+password,login|password,body,polling_lifecycle_adapter,False,True,True,False,False,True,True,True,PER_CALL,,$schema|exclusiveMinimum|maxLength|maximum|minLength,False,False,False,True,True,True,seo,https://docs.dataforseo.com/v3/serp/google/ads_advertisers/task_post/,https://github.com/monid-ai/monid/blob/c57aa3d4b2036f518cbc7d3879a097ac1c8af4ea/connectors/dataforseo/provider.ts
dataforseo#serp/google-ads-search,dataforseo,/serp/google-ads-search,Google Ads Library Search,POST,https://api.dataforseo.com/v3/serp/google/ads_search/task_post,https://api.dataforseo.com,basic,Authorization,login+password,login|password,body,polling_lifecycle_adapter,False,True,True,False,False,True,True,True,PER_UNIT,,$schema|exclusiveMinimum|format|maxItems|maxLength|maximum|minItems|minLength|minimum|pattern,False,False,False,True,True,True,seo,https://docs.dataforseo.com/v3/serp/google/ads_search/task_post/,https://github.com/monid-ai/monid/blob/c57aa3d4b2036f518cbc7d3879a097ac1c8af4ea/connectors/dataforseo/endpoints/app-store-app-list/endpoint.ts
dataforseo#serp/google-ai-mode,dataforseo,/serp/google-ai-mode,Google AI Mode Answer,POST,https://api.dataforseo.com/v3/serp/google/ai_mode/live/advanced,https://api.dataforseo.com,basic,Authorization,login+password,login|password,body,start_hook_adapter,False,True,False,False,False,True,True,True,PER_CALL,,$schema|exclusiveMinimum|maxLength|maximum|minLength|minimum,False,False,False,True,True,True,ai-search|geo,https://docs.dataforseo.com/v3/serp/google/ai_mode/live/advanced/,https://github.com/monid-ai/monid/blob/c57aa3d4b2036f518cbc7d3879a097ac1c8af4ea/connectors/dataforseo/provider.ts
dataforseo#serp/google-autocomplete,dataforseo,/serp/google-autocomplete,Google Autocomplete,POST,https://api.dataforseo.com/v3/serp/google/autocomplete/live/advanced,https://api.dataforseo.com,basic,Authorization,login+password,login|password,body,start_hook_adapter,False,True,False,False,False,True,True,True,PER_CALL,,$schema|exclusiveMinimum|maxLength|maximum|minLength|minimum,False,False,False,True,True,True,web-search,https://docs.dataforseo.com/v3/serp/google/autocomplete/live/advanced/,https://github.com/monid-ai/monid/blob/c57aa3d4b2036f518cbc7d3879a097ac1c8af4ea/connectors/dataforseo/provider.ts
dataforseo#serp/google-dataset-info,dataforseo,/serp/google-dataset-info,Google Dataset Details,POST,https://api.dataforseo.com/v3/serp/google/dataset_info/live/advanced,https://api.dataforseo.com,basic,Authorization,login+password,login|password,body,start_hook_adapter,False,True,False,False,False,True,True,True,PER_CALL,,$schema|exclusiveMinimum|maxLength|maximum|minLength,False,False,False,True,True,True,web-search,https://docs.dataforseo.com/v3/serp/google/dataset_info/live/advanced/,https://github.com/monid-ai/monid/blob/c57aa3d4b2036f518cbc7d3879a097ac1c8af4ea/connectors/dataforseo/provider.ts
dataforseo#serp/google-dataset-search,dataforseo,/serp/google-dataset-search,Google Dataset Search,POST,https://api.dataforseo.com/v3/serp/google/dataset_search/live/advanced,https://api.dataforseo.com,basic,Authorization,login+password,login|password,body,start_hook_adapter,False,True,False,False,False,True,True,True,PER_UNIT,,$schema|exclusiveMinimum|maxLength|maximum|minLength|minimum,False,False,False,True,True,True,web-search,https://docs.dataforseo.com/v3/serp/google/dataset_search/live/advanced/,https://github.com/monid-ai/monid/blob/c57aa3d4b2036f518cbc7d3879a097ac1c8af4ea/connectors/dataforseo/endpoints/app-store-app-list/endpoint.ts
dataforseo#serp/google-finance-explore,dataforseo,/serp/google-finance-explore,Google Finance Explore,POST,https://api.dataforseo.com/v3/serp/google/finance_explore/live/advanced,https://api.dataforseo.com,basic,Authorization,login+password,login|password,body,start_hook_adapter,False,True,False,False,False,True,True,True,PER_CALL,,$schema|exclusiveMinimum|maxLength|maximum|minLength,False,False,False,True,True,True,equities,https://docs.dataforseo.com/v3/serp/google/finance_explore/live/advanced/,https://github.com/monid-ai/monid/blob/c57aa3d4b2036f518cbc7d3879a097ac1c8af4ea/connectors/dataforseo/provider.ts
dataforseo#serp/google-finance-markets,dataforseo,/serp/google-finance-markets,Google Finance Markets,POST,https://api.dataforseo.com/v3/serp/google/finance_markets/live/advanced,https://api.dataforseo.com,basic,Authorization,login+password,login|password,body,start_hook_adapter,False,True,False,False,False,True,True,True,PER_CALL,,$schema|exclusiveMinimum|maxLength|maximum|minLength,False,False,False,True,True,True,equities,https://docs.dataforseo.com/v3/serp/google/finance_markets/live/advanced/,https://github.com/monid-ai/monid/blob/c57aa3d4b2036f518cbc7d3879a097ac1c8af4ea/connectors/dataforseo/provider.ts
dataforseo#serp/google-finance-quote,dataforseo,/serp/google-finance-quote,Google Finance Quote,POST,https://api.dataforseo.com/v3/serp/google/finance_quote/live/advanced,https://api.dataforseo.com,basic,Authorization,login+password,login|password,body,start_hook_adapter,False,True,False,False,False,True,True,True,PER_CALL,,$schema|exclusiveMinimum|maxLength|maximum|minLength,False,False,False,True,True,True,equities,https://docs.dataforseo.com/v3/serp/google/finance_quote/live/advanced/,https://github.com/monid-ai/monid/blob/c57aa3d4b2036f518cbc7d3879a097ac1c8af4ea/connectors/dataforseo/provider.ts
dataforseo#serp/google-finance-ticker-search,dataforseo,/serp/google-finance-ticker-search,Google Finance Ticker Search,POST,https://api.dataforseo.com/v3/serp/google/finance_ticker_search/live/advanced,https://api.dataforseo.com,basic,Authorization,login+password,login|password,body,start_hook_adapter,False,True,False,False,False,True,True,True,PER_CALL,,$schema|exclusiveMinimum|maxLength|maximum|minLength,False,False,False,True,True,True,equities,https://docs.dataforseo.com/v3/serp/google/finance_ticker_search/live/advanced/,https://github.com/monid-ai/monid/blob/c57aa3d4b2036f518cbc7d3879a097ac1c8af4ea/connectors/dataforseo/provider.ts
dataforseo#serp/google-images,dataforseo,/serp/google-images,Google Image Results,POST,https://api.dataforseo.com/v3/serp/google/images/live/advanced,https://api.dataforseo.com,basic,Authorization,login+password,login|password,body,start_hook_adapter,False,True,False,False,False,True,True,True,PER_UNIT,,$schema|exclusiveMinimum|maxLength|maximum|minLength|minimum,False,False,False,True,True,True,image-search,https://docs.dataforseo.com/v3/serp/google/images/live/advanced/,https://github.com/monid-ai/monid/blob/c57aa3d4b2036f518cbc7d3879a097ac1c8af4ea/connectors/dataforseo/endpoints/amazon-products/endpoint.ts
dataforseo#serp/google-jobs,dataforseo,/serp/google-jobs,Google Jobs Results,POST,https://api.dataforseo.com/v3/serp/google/jobs/task_post,https://api.dataforseo.com,basic,Authorization,login+password,login|password,body,polling_lifecycle_adapter,False,True,True,False,False,True,True,True,PER_UNIT,,$schema|exclusiveMinimum|maxLength|maximum|minLength|minimum,False,False,False,True,True,True,jobs,https://docs.dataforseo.com/v3/serp/google/jobs/task_post/,https://github.com/monid-ai/monid/blob/c57aa3d4b2036f518cbc7d3879a097ac1c8af4ea/connectors/dataforseo/endpoints/app-store-app-list/endpoint.ts
dataforseo#serp/google-local-finder,dataforseo,/serp/google-local-finder,Google Local Finder,POST,https://api.dataforseo.com/v3/serp/google/local_finder/live/advanced,https://api.dataforseo.com,basic,Authorization,login+password,login|password,body,start_hook_adapter,False,True,False,False,False,True,True,True,PER_UNIT,,$schema|exclusiveMinimum|maxLength|maximum|minLength|minimum,False,False,False,True,True,True,maps,https://docs.dataforseo.com/v3/serp/google/local_finder/live/advanced/,https://github.com/monid-ai/monid/blob/c57aa3d4b2036f518cbc7d3879a097ac1c8af4ea/connectors/dataforseo/endpoints/app-store-app-list/endpoint.ts
dataforseo#serp/google-locations,dataforseo,/serp/google-locations,Google Locations,GET,https://api.dataforseo.com/v3/serp/google/locations/{country},https://api.dataforseo.com,basic,Authorization,login+password,login|password,queryParams|pathParams,start_hook_adapter,False,True,False,False,False,True,True,True,FREE,,$schema|maxLength|maximum|minLength|minimum,False,False,False,True,True,True,web-search,https://docs.dataforseo.com/v3/serp/google/locations/{country}/,https://github.com/monid-ai/monid/blob/c57aa3d4b2036f518cbc7d3879a097ac1c8af4ea/connectors/dataforseo/provider.ts
dataforseo#serp/google-maps,dataforseo,/serp/google-maps,Google Maps Results,POST,https://api.dataforseo.com/v3/serp/google/maps/live/advanced,https://api.dataforseo.com,basic,Authorization,login+password,login|password,body,start_hook_adapter,False,True,False,False,False,True,True,True,PER_UNIT,,$schema|exclusiveMinimum|maxLength|maximum|minLength|minimum,False,False,False,True,True,True,maps,https://docs.dataforseo.com/v3/serp/google/maps/live/advanced/,https://github.com/monid-ai/monid/blob/c57aa3d4b2036f518cbc7d3879a097ac1c8af4ea/connectors/dataforseo/endpoints/amazon-products/endpoint.ts
dataforseo#serp/google-news,dataforseo,/serp/google-news,Google News Results,POST,https://api.dataforseo.com/v3/serp/google/news/live/advanced,https://api.dataforseo.com,basic,Authorization,login+password,login|password,body,start_hook_adapter,False,True,False,False,False,True,True,True,PER_UNIT,,$schema|exclusiveMinimum|maxLength|maximum|minLength|minimum,False,False,False,True,True,True,news-search,https://docs.dataforseo.com/v3/serp/google/news/live/advanced/,https://github.com/monid-ai/monid/blob/c57aa3d4b2036f518cbc7d3879a097ac1c8af4ea/connectors/dataforseo/endpoints/serp-google-news/endpoint.ts
dataforseo#serp/google-organic,dataforseo,/serp/google-organic,Google Search Results,POST,https://api.dataforseo.com/v3/serp/google/organic/live/advanced,https://api.dataforseo.com,basic,Authorization,login+password,login|password,body,start_hook_adapter,False,True,False,False,False,True,True,True,PER_UNIT,,$schema|exclusiveMinimum|maxLength|maximum|minLength|minimum|propertyNames,False,False,False,True,True,True,web-search,https://docs.dataforseo.com/v3/serp/google/organic/live/advanced/,https://github.com/monid-ai/monid/blob/c57aa3d4b2036f518cbc7d3879a097ac1c8af4ea/connectors/dataforseo/endpoints/serp-google-organic/endpoint.ts
dataforseo#serp/google-search-by-image,dataforseo,/serp/google-search-by-image,Google Reverse Image Search,POST,https://api.dataforseo.com/v3/serp/google/search_by_image/task_post,https://api.dataforseo.com,basic,Authorization,login+password,login|password,body,polling_lifecycle_adapter,False,True,True,False,False,True,True,True,PER_UNIT,,$schema|exclusiveMinimum|format|maxLength|maximum|minLength|minimum,False,False,False,True,True,True,image-search,https://docs.dataforseo.com/v3/serp/google/search_by_image/task_post/,https://github.com/monid-ai/monid/blob/c57aa3d4b2036f518cbc7d3879a097ac1c8af4ea/connectors/dataforseo/endpoints/serp-google-search-by-image/endpoint.ts
dataforseo#serp/naver-organic,dataforseo,/serp/naver-organic,Naver Search Results,POST,https://api.dataforseo.com/v3/serp/naver/organic/task_post,https://api.dataforseo.com,basic,Authorization,login+password,login|password,body,polling_lifecycle_adapter,False,True,True,False,False,True,True,True,PER_UNIT,,$schema|maxLength|maximum|minLength|minimum|propertyNames,False,False,False,True,True,True,web-search,https://docs.dataforseo.com/v3/serp/naver/organic/task_post/,https://github.com/monid-ai/monid/blob/c57aa3d4b2036f518cbc7d3879a097ac1c8af4ea/connectors/dataforseo/endpoints/serp-naver-organic/endpoint.ts
dataforseo#serp/seznam-locations,dataforseo,/serp/seznam-locations,Seznam Locations,GET,https://api.dataforseo.com/v3/serp/seznam/locations/{country},https://api.dataforseo.com,basic,Authorization,login+password,login|password,queryParams|pathParams,start_hook_adapter,False,True,False,False,False,True,True,True,FREE,,$schema|maxLength|maximum|minLength|minimum,False,False,False,True,True,True,web-search,https://docs.dataforseo.com/v3/serp/seznam/locations/{country}/,https://github.com/monid-ai/monid/blob/c57aa3d4b2036f518cbc7d3879a097ac1c8af4ea/connectors/dataforseo/provider.ts
dataforseo#serp/seznam-organic,dataforseo,/serp/seznam-organic,Seznam Search Results,POST,https://api.dataforseo.com/v3/serp/seznam/organic/task_post,https://api.dataforseo.com,basic,Authorization,login+password,login|password,body,polling_lifecycle_adapter,False,True,True,False,False,True,True,True,PER_UNIT,,$schema|exclusiveMinimum|maxLength|maximum|minLength|minimum|propertyNames,False,False,False,True,True,True,web-search,https://docs.dataforseo.com/v3/serp/seznam/organic/task_post/,https://github.com/monid-ai/monid/blob/c57aa3d4b2036f518cbc7d3879a097ac1c8af4ea/connectors/dataforseo/endpoints/serp-seznam-organic/endpoint.ts
dataforseo#serp/yahoo-locations,dataforseo,/serp/yahoo-locations,Yahoo Locations,GET,https://api.dataforseo.com/v3/serp/yahoo/locations/{country},https://api.dataforseo.com,basic,Authorization,login+password,login|password,queryParams|pathParams,start_hook_adapter,False,True,False,False,False,True,True,True,FREE,,$schema|maxLength|maximum|minLength|minimum,False,False,False,True,True,True,web-search,https://docs.dataforseo.com/v3/serp/yahoo/locations/{country}/,https://github.com/monid-ai/monid/blob/c57aa3d4b2036f518cbc7d3879a097ac1c8af4ea/connectors/dataforseo/provider.ts
dataforseo#serp/yahoo-organic,dataforseo,/serp/yahoo-organic,Yahoo Search Results,POST,https://api.dataforseo.com/v3/serp/yahoo/organic/live/advanced,https://api.dataforseo.com,basic,Authorization,login+password,login|password,body,start_hook_adapter,False,True,False,False,False,True,True,True,PER_UNIT,,$schema|exclusiveMinimum|maxLength|maximum|minLength|minimum|propertyNames,False,False,False,True,True,True,web-search,https://docs.dataforseo.com/v3/serp/yahoo/organic/live/advanced/,https://github.com/monid-ai/monid/blob/c57aa3d4b2036f518cbc7d3879a097ac1c8af4ea/connectors/dataforseo/endpoints/serp-baidu-organic/endpoint.ts
dataforseo#serp/youtube-comments,dataforseo,/serp/youtube-comments,YouTube Comments,POST,https://api.dataforseo.com/v3/serp/youtube/video_comments/live/advanced,https://api.dataforseo.com,basic,Authorization,login+password,login|password,body,start_hook_adapter,False,True,False,False,False,True,True,True,PER_UNIT,,$schema|exclusiveMinimum|maxLength|maximum|minLength|minimum,False,False,False,True,True,True,youtube,https://docs.dataforseo.com/v3/serp/youtube/video_comments/live/advanced/,https://github.com/monid-ai/monid/blob/c57aa3d4b2036f518cbc7d3879a097ac1c8af4ea/connectors/dataforseo/endpoints/app-store-app-list/endpoint.ts
dataforseo#serp/youtube-locations,dataforseo,/serp/youtube-locations,YouTube Locations,GET,https://api.dataforseo.com/v3/serp/youtube/locations/{country},https://api.dataforseo.com,basic,Authorization,login+password,login|password,queryParams|pathParams,start_hook_adapter,False,True,False,False,False,True,True,True,FREE,,$schema|maxLength|maximum|minLength|minimum,False,False,False,True,True,True,video-search,https://docs.dataforseo.com/v3/serp/youtube/locations/{country}/,https://github.com/monid-ai/monid/blob/c57aa3d4b2036f518cbc7d3879a097ac1c8af4ea/connectors/dataforseo/provider.ts
dataforseo#serp/youtube-organic,dataforseo,/serp/youtube-organic,YouTube Search Results,POST,https://api.dataforseo.com/v3/serp/youtube/organic/live/advanced,https://api.dataforseo.com,basic,Authorization,login+password,login|password,body,start_hook_adapter,False,True,False,False,False,True,True,True,PER_UNIT,,$schema|exclusiveMinimum|maxLength|maximum|minLength|minimum,False,False,False,True,True,True,video-search|youtube,https://docs.dataforseo.com/v3/serp/youtube/organic/live/advanced/,https://github.com/monid-ai/monid/blob/c57aa3d4b2036f518cbc7d3879a097ac1c8af4ea/connectors/dataforseo/endpoints/serp-youtube-organic/endpoint.ts
dataforseo#serp/youtube-subtitles,dataforseo,/serp/youtube-subtitles,YouTube Subtitles,POST,https://api.dataforseo.com/v3/serp/youtube/video_subtitles/live/advanced,https://api.dataforseo.com,basic,Authorization,login+password,login|password,body,start_hook_adapter,False,True,False,False,False,True,True,True,PER_CALL,,$schema|exclusiveMinimum|maxLength|maximum|minLength,False,False,False,True,True,True,youtube,https://docs.dataforseo.com/v3/serp/youtube/video_subtitles/live/advanced/,https://github.com/monid-ai/monid/blob/c57aa3d4b2036f518cbc7d3879a097ac1c8af4ea/connectors/dataforseo/provider.ts
dataforseo#serp/youtube-video-info,dataforseo,/serp/youtube-video-info,YouTube Video Details,POST,https://api.dataforseo.com/v3/serp/youtube/video_info/live/advanced,https://api.dataforseo.com,basic,Authorization,login+password,login|password,body,start_hook_adapter,False,True,False,False,False,True,True,True,PER_CALL,,$schema|exclusiveMinimum|maxLength|maximum|minLength,False,False,False,True,True,True,youtube|video-search,https://docs.dataforseo.com/v3/serp/youtube/video_info/live/advanced/,https://github.com/monid-ai/monid/blob/c57aa3d4b2036f518cbc7d3879a097ac1c8af4ea/connectors/dataforseo/provider.ts
dataforseo#tripadvisor/locations,dataforseo,/tripadvisor/locations,Tripadvisor Locations,GET,https://api.dataforseo.com/v3/business_data/tripadvisor/locations/{country},https://api.dataforseo.com,basic,Authorization,login+password,login|password,queryParams|pathParams,start_hook_adapter,False,True,False,False,False,True,True,True,FREE,,$schema|maxLength|maximum|minLength|minimum,False,False,False,False,True,True,hotels,https://docs.dataforseo.com/v3/business_data/tripadvisor/locations/{country}/,https://github.com/monid-ai/monid/blob/c57aa3d4b2036f518cbc7d3879a097ac1c8af4ea/connectors/dataforseo/provider.ts
dataforseo#tripadvisor/reviews,dataforseo,/tripadvisor/reviews,Tripadvisor Reviews,POST,https://api.dataforseo.com/v3/business_data/tripadvisor/reviews/task_post,https://api.dataforseo.com,basic,Authorization,login+password,login|password,body,polling_lifecycle_adapter,False,True,True,False,False,True,True,True,PER_UNIT,,$schema|anyOf|exclusiveMinimum|maxLength|maximum|minLength|minimum,False,False,False,False,True,True,hotels,https://docs.dataforseo.com/v3/business_data/tripadvisor/reviews/task_post/,https://github.com/monid-ai/monid/blob/c57aa3d4b2036f518cbc7d3879a097ac1c8af4ea/connectors/dataforseo/endpoints/app-store-app-list/endpoint.ts
dataforseo#tripadvisor/search,dataforseo,/tripadvisor/search,Tripadvisor Search,POST,https://api.dataforseo.com/v3/business_data/tripadvisor/search/task_post,https://api.dataforseo.com,basic,Authorization,login+password,login|password,body,polling_lifecycle_adapter,False,True,True,False,False,True,True,True,PER_UNIT,,$schema|exclusiveMinimum|maxLength|maximum|minLength|minimum,False,False,False,False,True,True,hotels,https://docs.dataforseo.com/v3/business_data/tripadvisor/search/task_post/,https://github.com/monid-ai/monid/blob/c57aa3d4b2036f518cbc7d3879a097ac1c8af4ea/connectors/dataforseo/endpoints/app-store-app-list/endpoint.ts
dataforseo#trustpilot/reviews,dataforseo,/trustpilot/reviews,Trustpilot Reviews,POST,https://api.dataforseo.com/v3/business_data/trustpilot/reviews/task_post,https://api.dataforseo.com,basic,Authorization,login+password,login|password,body,polling_lifecycle_adapter,False,True,True,False,False,True,True,True,PER_UNIT,,$schema|maxLength|maximum|minLength|minimum,False,False,False,False,True,True,company-reviews,https://docs.dataforseo.com/v3/business_data/trustpilot/reviews/task_post/,https://github.com/monid-ai/monid/blob/c57aa3d4b2036f518cbc7d3879a097ac1c8af4ea/connectors/dataforseo/endpoints/app-store-app-list/endpoint.ts
dataforseo#trustpilot/search,dataforseo,/trustpilot/search,Trustpilot Search,POST,https://api.dataforseo.com/v3/business_data/trustpilot/search/task_post,https://api.dataforseo.com,basic,Authorization,login+password,login|password,body,polling_lifecycle_adapter,False,True,True,False,False,True,True,True,PER_UNIT,,$schema|maximum|minLength|minimum,False,False,False,False,True,True,company-reviews,https://docs.dataforseo.com/v3/business_data/trustpilot/search/task_post/,https://github.com/monid-ai/monid/blob/c57aa3d4b2036f518cbc7d3879a097ac1c8af4ea/connectors/dataforseo/endpoints/app-store-app-list/endpoint.ts
exa#contents,exa,/contents,Exa Contents,POST,https://api.exa.ai/contents,https://api.exa.ai,header,x-api-key,apiKey,apiKey,body,plain_http_request_candidate,False,False,False,False,False,False,False,True,PER_UNIT,,$schema|anyOf|exclusiveMinimum|maximum|minItems|minimum|propertyNames,False,False,False,True,True,True,web-scraping,https://exa.ai/docs/reference/get-contents,https://github.com/monid-ai/monid/blob/c57aa3d4b2036f518cbc7d3879a097ac1c8af4ea/connectors/exa/endpoints/contents/endpoint.ts
exa#search,exa,/search,Exa Search,POST,https://api.exa.ai/search,https://api.exa.ai,header,x-api-key,apiKey,apiKey,body,request_transform_adapter,True,False,False,False,False,False,False,True,COMPOSITE,,$schema|anyOf|exclusiveMinimum|format|maximum|minLength|minimum|pattern|propertyNames,False,False,False,True,True,True,web-search,https://exa.ai/docs/reference/search,https://github.com/monid-ai/monid/blob/c57aa3d4b2036f518cbc7d3879a097ac1c8af4ea/connectors/exa/endpoints/search/endpoint.ts
firecrawl#agent,firecrawl,/agent,Firecrawl Agent,POST,https://api.firecrawl.dev/v2/agent,https://api.firecrawl.dev,bearer,Authorization,apiKey,apiKey,body,polling_lifecycle_adapter,False,True,True,True,False,False,True,True,PER_UNIT,,$schema|format|maxItems|maxLength|maximum|minimum|propertyNames,False,False,False,True,True,True,web-scraping,https://docs.firecrawl.dev/api-reference/endpoint/agent,https://github.com/monid-ai/monid/blob/c57aa3d4b2036f518cbc7d3879a097ac1c8af4ea/connectors/firecrawl/endpoints/agent/endpoint.ts
firecrawl#batch/scrape,firecrawl,/batch/scrape,Firecrawl Batch Scrape,POST,https://api.firecrawl.dev/v2/batch/scrape,https://api.firecrawl.dev,bearer,Authorization,apiKey,apiKey,body,polling_lifecycle_adapter,False,True,True,True,False,False,True,True,COMPOSITE,,$schema|anyOf|const|format|maxItems|maxLength|maximum|minLength|minimum|pattern|propertyNames,False,False,False,True,True,True,web-scraping,https://docs.firecrawl.dev/api-reference/endpoint/batch-scrape,https://github.com/monid-ai/monid/blob/c57aa3d4b2036f518cbc7d3879a097ac1c8af4ea/connectors/firecrawl/endpoints/batch-scrape/endpoint.ts
firecrawl#batch/scrape/{id},firecrawl,/batch/scrape/{id},Get Batch Scrape Status,GET,https://api.firecrawl.dev/v2/batch/scrape/{id},https://api.firecrawl.dev,bearer,Authorization,apiKey,apiKey,queryParams|pathParams,plain_http_request_candidate,False,False,False,False,False,False,True,True,FREE,,$schema|maximum|minLength|minimum,False,False,False,True,False,False,web-scraping,https://docs.firecrawl.dev/api-reference/endpoint/batch-scrape-get,https://github.com/monid-ai/monid/blob/c57aa3d4b2036f518cbc7d3879a097ac1c8af4ea/connectors/firecrawl/provider.ts
firecrawl#crawl,firecrawl,/crawl,Firecrawl Crawl,POST,https://api.firecrawl.dev/v2/crawl,https://api.firecrawl.dev,bearer,Authorization,apiKey,apiKey,body,polling_lifecycle_adapter,False,True,True,True,False,False,True,True,COMPOSITE,,$schema|anyOf|const|format|maxItems|maxLength|maximum|minLength|minimum|pattern|propertyNames,False,False,False,True,True,True,web-scraping,https://docs.firecrawl.dev/api-reference/endpoint/crawl-post,https://github.com/monid-ai/monid/blob/c57aa3d4b2036f518cbc7d3879a097ac1c8af4ea/connectors/firecrawl/endpoints/crawl/endpoint.ts
firecrawl#crawl/{id},firecrawl,/crawl/{id},Get Crawl Status,GET,https://api.firecrawl.dev/v2/crawl/{id},https://api.firecrawl.dev,bearer,Authorization,apiKey,apiKey,queryParams|pathParams,plain_http_request_candidate,False,False,False,False,False,False,True,True,FREE,,$schema|maximum|minLength|minimum,False,False,False,True,False,False,web-scraping,https://docs.firecrawl.dev/api-reference/endpoint/crawl-get,https://github.com/monid-ai/monid/blob/c57aa3d4b2036f518cbc7d3879a097ac1c8af4ea/connectors/firecrawl/provider.ts
firecrawl#map,firecrawl,/map,Firecrawl Map,POST,https://api.firecrawl.dev/v2/map,https://api.firecrawl.dev,bearer,Authorization,apiKey,apiKey,body,plain_http_request_candidate,False,False,False,False,False,False,True,True,PER_CALL,,$schema|format|maxItems|maxLength|maximum|minimum|pattern,False,False,False,True,True,True,web-scraping,https://docs.firecrawl.dev/api-reference/endpoint/map,https://github.com/monid-ai/monid/blob/c57aa3d4b2036f518cbc7d3879a097ac1c8af4ea/connectors/firecrawl/provider.ts
firecrawl#scrape,firecrawl,/scrape,Firecrawl Scrape,POST,https://api.firecrawl.dev/v2/scrape,https://api.firecrawl.dev,bearer,Authorization,apiKey,apiKey,body,plain_http_request_candidate,False,False,False,False,False,False,True,True,COMPOSITE,,$schema|anyOf|const|format|maxItems|maxLength|maximum|minLength|minimum|pattern|propertyNames,False,False,False,True,True,True,web-scraping,https://docs.firecrawl.dev/api-reference/endpoint/scrape,https://github.com/monid-ai/monid/blob/c57aa3d4b2036f518cbc7d3879a097ac1c8af4ea/connectors/firecrawl/endpoints/scrape/endpoint.ts
firecrawl#search,firecrawl,/search,Firecrawl Search,POST,https://api.firecrawl.dev/v2/search,https://api.firecrawl.dev,bearer,Authorization,apiKey,apiKey,body,plain_http_request_candidate,False,False,False,False,False,False,True,True,COMPOSITE,,$schema|anyOf|const|maxItems|maxLength|maximum|minLength|minimum|pattern|propertyNames,False,False,False,True,True,True,web-search,https://docs.firecrawl.dev/api-reference/endpoint/search,https://github.com/monid-ai/monid/blob/c57aa3d4b2036f518cbc7d3879a097ac1c8af4ea/connectors/firecrawl/endpoints/search/endpoint.ts
fundable#companies,fundable,/companies,Search Funded Companies,POST,https://www.tryfundable.ai/api/v1/companies,https://www.tryfundable.ai,bearer,Authorization,apiKey,apiKey,body,plain_http_request_candidate,False,False,False,False,False,False,False,True,PER_UNIT,,$schema|format|maxItems|maximum|minItems|minLength|minimum|pattern,False,False,False,True,True,True,funding-data|company-enrichment,https://docs.tryfundable.ai/api-reference/companies/list,https://github.com/monid-ai/monid/blob/c57aa3d4b2036f518cbc7d3879a097ac1c8af4ea/connectors/fundable/endpoints/companies/endpoint.ts
fundable#company,fundable,/company,Get Company Funding,GET,https://www.tryfundable.ai/api/v1/company,https://www.tryfundable.ai,bearer,Authorization,apiKey,apiKey,queryParams,plain_http_request_candidate,False,False,False,False,False,False,False,True,PER_CALL,,$schema|format|minLength|pattern,False,False,False,True,True,True,funding-data|company-enrichment,https://docs.tryfundable.ai/api-reference/companies/get,https://github.com/monid-ai/monid/blob/c57aa3d4b2036f518cbc7d3879a097ac1c8af4ea/connectors/fundable/provider.ts
fundable#company/deals,fundable,/company/deals,Get Company Rounds,GET,https://www.tryfundable.ai/api/v1/company/deals,https://www.tryfundable.ai,bearer,Authorization,apiKey,apiKey,queryParams,plain_http_request_candidate,False,False,False,False,False,False,False,True,PER_UNIT,,$schema|format|maximum|minLength|minimum|pattern,False,False,False,True,True,True,funding-data|company-enrichment,https://docs.tryfundable.ai/api-reference/companies/deals,https://github.com/monid-ai/monid/blob/c57aa3d4b2036f518cbc7d3879a097ac1c8af4ea/connectors/fundable/endpoints/company-deals/endpoint.ts
fundable#company/search,fundable,/company/search,Look Up Company,GET,https://www.tryfundable.ai/api/v1/company/search,https://www.tryfundable.ai,bearer,Authorization,apiKey,apiKey,queryParams,plain_http_request_candidate,False,False,False,False,False,False,False,True,PER_CALL,,$schema|minLength,False,False,False,True,True,True,funding-data|company-enrichment,https://docs.tryfundable.ai/api-reference/companies/search,https://github.com/monid-ai/monid/blob/c57aa3d4b2036f518cbc7d3879a097ac1c8af4ea/connectors/fundable/provider.ts
fundable#deals/{id},fundable,/deals/{id},Get Funding Round,GET,https://www.tryfundable.ai/api/v1/deals/{id},https://www.tryfundable.ai,bearer,Authorization,apiKey,apiKey,pathParams,plain_http_request_candidate,False,False,False,False,False,False,False,True,PER_CALL,,$schema|format|pattern,False,False,False,True,True,True,funding-data,https://docs.tryfundable.ai/api-reference/deals/get,https://github.com/monid-ai/monid/blob/c57aa3d4b2036f518cbc7d3879a097ac1c8af4ea/connectors/fundable/provider.ts
fundable#deals/{id}/investors,fundable,/deals/{id}/investors,Get Round Investors,GET,https://www.tryfundable.ai/api/v1/deals/{id}/investors,https://www.tryfundable.ai,bearer,Authorization,apiKey,apiKey,pathParams,plain_http_request_candidate,False,False,False,False,False,False,False,True,PER_CALL,,$schema|format|pattern,False,False,False,True,True,True,funding-data,https://docs.tryfundable.ai/api-reference/deals/investors,https://github.com/monid-ai/monid/blob/c57aa3d4b2036f518cbc7d3879a097ac1c8af4ea/connectors/fundable/provider.ts
fundable#deals,fundable,/deals,Search Funding Rounds,POST,https://www.tryfundable.ai/api/v1/deals,https://www.tryfundable.ai,bearer,Authorization,apiKey,apiKey,body,plain_http_request_candidate,False,False,False,False,False,False,False,True,PER_UNIT,,$schema|format|maximum|minItems|minLength|minimum|pattern,False,False,False,True,True,True,funding-data|company-enrichment,https://docs.tryfundable.ai/api-reference/deals/list,https://github.com/monid-ai/monid/blob/c57aa3d4b2036f518cbc7d3879a097ac1c8af4ea/connectors/fundable/endpoints/companies/endpoint.ts
fundable#industry/search,fundable,/industry/search,Resolve Industry Permalink,GET,https://www.tryfundable.ai/api/v1/industry/search,https://www.tryfundable.ai,bearer,Authorization,apiKey,apiKey,queryParams,plain_http_request_candidate,False,False,False,False,False,False,False,True,FREE,,$schema|minLength,False,False,False,True,True,True,funding-data,https://docs.tryfundable.ai/api-reference/industries/search,https://github.com/monid-ai/monid/blob/c57aa3d4b2036f518cbc7d3879a097ac1c8af4ea/connectors/fundable/provider.ts
fundable#investor,fundable,/investor,Get Investor Profile,GET,https://www.tryfundable.ai/api/v1/investor,https://www.tryfundable.ai,bearer,Authorization,apiKey,apiKey,queryParams,plain_http_request_candidate,False,False,False,False,False,False,False,True,PER_CALL,,$schema|format|minLength|pattern,False,False,False,True,True,True,funding-data,https://docs.tryfundable.ai/api-reference/investors/get,https://github.com/monid-ai/monid/blob/c57aa3d4b2036f518cbc7d3879a097ac1c8af4ea/connectors/fundable/provider.ts
fundable#investor/deals,fundable,/investor/deals,Get Investor Deals,GET,https://www.tryfundable.ai/api/v1/investor/deals,https://www.tryfundable.ai,bearer,Authorization,apiKey,apiKey,queryParams,plain_http_request_candidate,False,False,False,False,False,False,False,True,PER_UNIT,,$schema|format|maximum|minLength|minimum|pattern,False,False,False,True,True,True,funding-data,https://docs.tryfundable.ai/api-reference/investors/deals,https://github.com/monid-ai/monid/blob/c57aa3d4b2036f518cbc7d3879a097ac1c8af4ea/connectors/fundable/endpoints/company-deals/endpoint.ts
fundable#investor/search,fundable,/investor/search,Look Up Investor,GET,https://www.tryfundable.ai/api/v1/investor/search,https://www.tryfundable.ai,bearer,Authorization,apiKey,apiKey,queryParams,plain_http_request_candidate,False,False,False,False,False,False,False,True,PER_CALL,,$schema|minLength,False,False,False,True,True,True,funding-data,https://docs.tryfundable.ai/api-reference/investors/search,https://github.com/monid-ai/monid/blob/c57aa3d4b2036f518cbc7d3879a097ac1c8af4ea/connectors/fundable/provider.ts
fundable#investors,fundable,/investors,Search Investors,POST,https://www.tryfundable.ai/api/v1/investors,https://www.tryfundable.ai,bearer,Authorization,apiKey,apiKey,body,plain_http_request_candidate,False,False,False,False,False,False,False,True,PER_UNIT,,$schema|format|maxItems|maximum|minItems|minLength|minimum|pattern,False,False,False,True,True,True,funding-data,https://docs.tryfundable.ai/api-reference/investors/list,https://github.com/monid-ai/monid/blob/c57aa3d4b2036f518cbc7d3879a097ac1c8af4ea/connectors/fundable/endpoints/companies/endpoint.ts
fundable#location/search,fundable,/location/search,Resolve Location Permalink,GET,https://www.tryfundable.ai/api/v1/location/search,https://www.tryfundable.ai,bearer,Authorization,apiKey,apiKey,queryParams,plain_http_request_candidate,False,False,False,False,False,False,False,True,FREE,,$schema|minLength,False,False,False,True,True,True,funding-data,https://docs.tryfundable.ai/api-reference/locations/search,https://github.com/monid-ai/monid/blob/c57aa3d4b2036f518cbc7d3879a097ac1c8af4ea/connectors/fundable/provider.ts
fundable#people,fundable,/people,Search People,POST,https://www.tryfundable.ai/api/v1/people,https://www.tryfundable.ai,bearer,Authorization,apiKey,apiKey,body,plain_http_request_candidate,False,False,False,False,False,False,False,True,PER_UNIT,,$schema|format|maxItems|maximum|minItems|minLength|minimum|pattern,False,False,False,True,True,True,funding-data|people-enrichment,https://docs.tryfundable.ai/api-reference/people/list,https://github.com/monid-ai/monid/blob/c57aa3d4b2036f518cbc7d3879a097ac1c8af4ea/connectors/fundable/endpoints/companies/endpoint.ts
fundable#person,fundable,/person,Get Person Profile,GET,https://www.tryfundable.ai/api/v1/person,https://www.tryfundable.ai,bearer,Authorization,apiKey,apiKey,queryParams,plain_http_request_candidate,False,False,False,False,False,False,False,True,PER_CALL,,$schema|format|minLength|pattern,False,False,False,True,True,True,funding-data|people-enrichment,https://docs.tryfundable.ai/api-reference/people/get,https://github.com/monid-ai/monid/blob/c57aa3d4b2036f518cbc7d3879a097ac1c8af4ea/connectors/fundable/provider.ts
fundable#person/deals,fundable,/person/deals,Get Person Investments,GET,https://www.tryfundable.ai/api/v1/person/deals,https://www.tryfundable.ai,bearer,Authorization,apiKey,apiKey,queryParams,plain_http_request_candidate,False,False,False,False,False,False,False,True,PER_UNIT,,$schema|format|maximum|minLength|minimum|pattern,False,False,False,True,True,True,funding-data|people-enrichment,https://docs.tryfundable.ai/api-reference/people/deals,https://github.com/monid-ai/monid/blob/c57aa3d4b2036f518cbc7d3879a097ac1c8af4ea/connectors/fundable/endpoints/company-deals/endpoint.ts
fundable#person/search,fundable,/person/search,Look Up Person,GET,https://www.tryfundable.ai/api/v1/person/search,https://www.tryfundable.ai,bearer,Authorization,apiKey,apiKey,queryParams,plain_http_request_candidate,False,False,False,False,False,False,False,True,PER_CALL,,$schema|format|minLength|pattern,False,False,False,True,True,True,funding-data|people-enrichment,https://docs.tryfundable.ai/api-reference/people/search,https://github.com/monid-ai/monid/blob/c57aa3d4b2036f518cbc7d3879a097ac1c8af4ea/connectors/fundable/provider.ts
hunterio#combined/find,hunterio,/combined/find,Enrich Person and Company,GET,https://api.hunter.io/v2/combined/find,https://api.hunter.io,header,X-API-KEY,apiKey,apiKey,queryParams,plain_http_request_candidate,False,False,False,False,False,False,True,False,PER_UNIT,,$schema|format|pattern,False,False,False,True,True,True,people-enrichment,https://hunter.io/api-documentation/v2#combined-enrichment,https://github.com/monid-ai/monid/blob/c57aa3d4b2036f518cbc7d3879a097ac1c8af4ea/connectors/apollo/endpoints/organizations-enrich/endpoint.ts
hunterio#companies/find,hunterio,/companies/find,Enrich Company,GET,https://api.hunter.io/v2/companies/find,https://api.hunter.io,header,X-API-KEY,apiKey,apiKey,queryParams,plain_http_request_candidate,False,False,False,False,False,False,True,False,PER_UNIT,,$schema|minLength,False,False,False,True,True,True,company-enrichment,https://hunter.io/api-documentation/v2#company-enrichment,https://github.com/monid-ai/monid/blob/c57aa3d4b2036f518cbc7d3879a097ac1c8af4ea/connectors/apollo/endpoints/organizations-enrich/endpoint.ts
hunterio#discover,hunterio,/discover,Search Companies,POST,https://api.hunter.io/v2/discover,https://api.hunter.io,header,X-API-KEY,apiKey,apiKey,body,plain_http_request_candidate,False,False,False,False,False,False,True,False,FREE,,$schema|anyOf|maxLength|maximum|minLength|minimum,False,False,False,True,True,True,company-enrichment,https://hunter.io/api-documentation/v2#discover,https://github.com/monid-ai/monid/blob/c57aa3d4b2036f518cbc7d3879a097ac1c8af4ea/connectors/hunterio/provider.ts
hunterio#discover-ai,hunterio,/discover-ai,Search Companies by Prompt,POST,https://api.hunter.io/v2/discover,https://api.hunter.io,header,X-API-KEY,apiKey,apiKey,body,plain_http_request_candidate,False,False,False,False,False,False,True,False,PER_CALL,,$schema|maximum|minLength|minimum|pattern,False,False,False,True,True,True,company-enrichment,https://hunter.io/api-documentation/v2#discover,https://github.com/monid-ai/monid/blob/c57aa3d4b2036f518cbc7d3879a097ac1c8af4ea/connectors/hunterio/provider.ts
hunterio#discover/people,hunterio,/discover/people,Count Reachable People,POST,https://api.hunter.io/v2/discover/people,https://api.hunter.io,header,X-API-KEY,apiKey,apiKey,body,plain_http_request_candidate,False,False,False,False,False,False,True,False,FREE,,$schema|anyOf|maxLength|maximum|minLength|minimum,False,False,False,True,True,True,company-enrichment,https://hunter.io/api-documentation/v2#discover-people,https://github.com/monid-ai/monid/blob/c57aa3d4b2036f518cbc7d3879a097ac1c8af4ea/connectors/hunterio/provider.ts
hunterio#domain-finder,hunterio,/domain-finder,Find Company Domain,GET,https://api.hunter.io/v2/domain-finder,https://api.hunter.io,header,X-API-KEY,apiKey,apiKey,queryParams,plain_http_request_candidate,False,False,False,False,False,False,True,False,FREE,,$schema|maximum|minLength|minimum,False,False,False,True,True,True,company-enrichment,https://hunter.io/api-documentation/v2#domain-finder,https://github.com/monid-ai/monid/blob/c57aa3d4b2036f518cbc7d3879a097ac1c8af4ea/connectors/hunterio/provider.ts
hunterio#domain-search,hunterio,/domain-search,Find Domain Emails,POST,https://api.hunter.io/v2/domain-search,https://api.hunter.io,header,X-API-KEY,apiKey,apiKey,body,plain_http_request_candidate,False,False,False,False,False,False,True,False,PER_UNIT,,$schema|anyOf|maxLength|maximum|minLength|minimum,False,False,False,True,True,True,people-enrichment,https://hunter.io/api-documentation/v2#domain-search,https://github.com/monid-ai/monid/blob/c57aa3d4b2036f518cbc7d3879a097ac1c8af4ea/connectors/contextdev/endpoints/news-search/endpoint.ts
hunterio#email-count,hunterio,/email-count,Count Domain Emails,GET,https://api.hunter.io/v2/email-count,https://api.hunter.io,header,X-API-KEY,apiKey,apiKey,queryParams,plain_http_request_candidate,False,False,False,False,False,False,True,False,FREE,,$schema|anyOf|minLength,False,False,False,True,True,True,people-enrichment,https://hunter.io/api-documentation/v2#email-count,https://github.com/monid-ai/monid/blob/c57aa3d4b2036f518cbc7d3879a097ac1c8af4ea/connectors/hunterio/provider.ts
hunterio#email-finder,hunterio,/email-finder,Find Person's Email,GET,https://api.hunter.io/v2/email-finder,https://api.hunter.io,header,X-API-KEY,apiKey,apiKey,queryParams,plain_http_request_candidate,False,False,False,False,False,False,True,False,PER_UNIT,,$schema|anyOf|maximum|minLength|minimum,False,False,False,True,True,True,people-enrichment,https://hunter.io/api-documentation/v2#email-finder,https://github.com/monid-ai/monid/blob/c57aa3d4b2036f518cbc7d3879a097ac1c8af4ea/connectors/apollo/endpoints/organizations-enrich/endpoint.ts
hunterio#email-verifier,hunterio,/email-verifier,Verify Email,GET,https://api.hunter.io/v2/email-verifier,https://api.hunter.io,header,X-API-KEY,apiKey,apiKey,queryParams,polling_lifecycle_adapter,False,True,True,False,False,False,True,False,PER_UNIT,,$schema|format|pattern,False,False,False,True,True,True,people-enrichment,https://hunter.io/api-documentation/v2#email-verifier,https://github.com/monid-ai/monid/blob/c57aa3d4b2036f518cbc7d3879a097ac1c8af4ea/connectors/apollo/endpoints/organizations-enrich/endpoint.ts
hunterio#multi-domain-search,hunterio,/multi-domain-search,Search People Across Companies,POST,https://api.hunter.io/v2/multi-domain-search,https://api.hunter.io,header,X-API-KEY,apiKey,apiKey,queryParams,plain_http_request_candidate,False,False,False,False,False,False,True,False,FREE,,$schema|anyOf|maximum|minLength|minimum,False,False,False,True,True,True,people-enrichment,https://hunter.io/api-documentation/v2#multi-domain-search,https://github.com/monid-ai/monid/blob/c57aa3d4b2036f518cbc7d3879a097ac1c8af4ea/connectors/hunterio/provider.ts
hunterio#multi-domain-search/reveal,hunterio,/multi-domain-search/reveal,Reveal Email Addresses,POST,https://api.hunter.io/v2/multi-domain-search/reveal,https://api.hunter.io,header,X-API-KEY,apiKey,apiKey,body,plain_http_request_candidate,False,False,False,False,False,False,True,True,PER_UNIT,,$schema|maxItems|minItems|minLength,False,False,False,True,True,True,people-enrichment,https://hunter.io/api-documentation/v2#multi-domain-search-reveal,https://github.com/monid-ai/monid/blob/c57aa3d4b2036f518cbc7d3879a097ac1c8af4ea/connectors/hunterio/endpoints/multi-domain-search-reveal/endpoint.ts
hunterio#people/find,hunterio,/people/find,Enrich Person,GET,https://api.hunter.io/v2/people/find,https://api.hunter.io,header,X-API-KEY,apiKey,apiKey,queryParams,plain_http_request_candidate,False,False,False,False,False,False,True,False,PER_UNIT,,$schema|anyOf|format|minLength|pattern,False,False,False,True,True,True,people-enrichment,https://hunter.io/api-documentation/v2#email-enrichment,https://github.com/monid-ai/monid/blob/c57aa3d4b2036f518cbc7d3879a097ac1c8af4ea/connectors/apollo/endpoints/organizations-enrich/endpoint.ts
kling#image-to-video/kling-2.5-turbo,kling,/image-to-video/kling-2.5-turbo,Kling 2.5 Turbo Image to Video,POST,https://api-singapore.klingai.com/image-to-video/kling-2.5-turbo,https://api-singapore.klingai.com,bearer,Authorization,apiKey,apiKey,body,polling_lifecycle_adapter,False,True,True,False,False,False,False,True,COMPOSITE,,$schema|const|maxLength|minItems|minLength|oneOf|pattern,False,False,False,True,False,False,video-generation,https://kling.ai/document-api/api/video/2-5-turbo/image-to-video/legacy,https://github.com/monid-ai/monid/blob/c57aa3d4b2036f518cbc7d3879a097ac1c8af4ea/connectors/kling/endpoints/image-to-video-kling-2-5-turbo/endpoint.ts
kling#image-to-video/kling-2.6,kling,/image-to-video/kling-2.6,Kling 2.6 Image to Video,POST,https://api-singapore.klingai.com/image-to-video/kling-2.6,https://api-singapore.klingai.com,bearer,Authorization,apiKey,apiKey,body,polling_lifecycle_adapter,False,True,True,False,False,False,False,True,COMPOSITE,,$schema|const|maxLength|minItems|minLength|oneOf|pattern,False,False,False,True,False,False,video-generation,https://kling.ai/document-api/api/video/2-6/image-to-video,https://github.com/monid-ai/monid/blob/c57aa3d4b2036f518cbc7d3879a097ac1c8af4ea/connectors/kling/endpoints/image-to-video-kling-2-6/endpoint.ts
kling#image-to-video/kling-3.0,kling,/image-to-video/kling-3.0,Kling 3.0 Image to Video,POST,https://api-singapore.klingai.com/image-to-video/kling-3.0,https://api-singapore.klingai.com,bearer,Authorization,apiKey,apiKey,body,polling_lifecycle_adapter,False,True,True,False,False,False,False,True,COMPOSITE,,$schema|const|maxLength|maximum|minItems|minLength|minimum|oneOf|pattern,False,False,False,True,False,False,video-generation,https://kling.ai/document-api/api/video/3-0-omni/image-to-video,https://github.com/monid-ai/monid/blob/c57aa3d4b2036f518cbc7d3879a097ac1c8af4ea/connectors/kling/endpoints/image-to-video-kling-3-0/endpoint.ts
kling#image-to-video/kling-3.0-turbo,kling,/image-to-video/kling-3.0-turbo,Kling 3.0 Turbo Image to Video,POST,https://api-singapore.klingai.com/image-to-video/kling-3.0-turbo,https://api-singapore.klingai.com,bearer,Authorization,apiKey,apiKey,body,polling_lifecycle_adapter,False,True,True,False,False,False,False,True,COMPOSITE,,$schema|const|maxLength|maximum|minItems|minLength|minimum|oneOf|pattern,False,False,False,True,False,False,video-generation,https://kling.ai/document-api/api/video/3-0-turbo/image-to-video,https://github.com/monid-ai/monid/blob/c57aa3d4b2036f518cbc7d3879a097ac1c8af4ea/connectors/kling/endpoints/image-to-video-kling-2-5-turbo/endpoint.ts
kling#motion-control/kling-2.6,kling,/motion-control/kling-2.6,Kling 2.6 Motion Control,POST,https://api-singapore.klingai.com/motion-control/kling-2.6,https://api-singapore.klingai.com,bearer,Authorization,apiKey,apiKey,body,polling_lifecycle_adapter,False,True,True,False,False,False,False,True,COMPOSITE,,$schema|const|maxLength|minItems|minLength|oneOf|pattern,False,False,False,True,False,False,video-generation,https://kling.ai/document-api/api/video/2-6/motion-control,https://github.com/monid-ai/monid/blob/c57aa3d4b2036f518cbc7d3879a097ac1c8af4ea/connectors/kling/endpoints/motion-control-kling-2-6/endpoint.ts
kling#motion-control/kling-3.0,kling,/motion-control/kling-3.0,Kling 3.0 Motion Control,POST,https://api-singapore.klingai.com/motion-control/kling-3.0,https://api-singapore.klingai.com,bearer,Authorization,apiKey,apiKey,body,polling_lifecycle_adapter,False,True,True,False,False,False,False,True,COMPOSITE,,$schema|const|maxLength|minItems|minLength|oneOf|pattern,False,False,False,True,False,False,video-generation,https://kling.ai/document-api/api/video/3-0-omni/motion-control,https://github.com/monid-ai/monid/blob/c57aa3d4b2036f518cbc7d3879a097ac1c8af4ea/connectors/kling/endpoints/motion-control-kling-2-6/endpoint.ts
kling#omni-video/kling-3.0-omni,kling,/omni-video/kling-3.0-omni,Kling 3.0 Omni Video,POST,https://api-singapore.klingai.com/omni-video/kling-3.0-omni,https://api-singapore.klingai.com,bearer,Authorization,apiKey,apiKey,body,polling_lifecycle_adapter,False,True,True,False,False,False,False,True,COMPOSITE,,$schema|const|maxLength|maximum|minItems|minLength|minimum|oneOf|pattern,False,False,False,True,False,False,video-generation,https://kling.ai/document-api/api/video/3-0-omni/video-omni,https://github.com/monid-ai/monid/blob/c57aa3d4b2036f518cbc7d3879a097ac1c8af4ea/connectors/kling/endpoints/omni-video-kling-3-0-omni/endpoint.ts
kling#omni-video/kling-o1,kling,/omni-video/kling-o1,Kling O1 Video,POST,https://api-singapore.klingai.com/omni-video/kling-o1,https://api-singapore.klingai.com,bearer,Authorization,apiKey,apiKey,body,polling_lifecycle_adapter,False,True,True,False,False,False,False,True,COMPOSITE,,$schema|const|maxLength|maximum|minItems|minLength|minimum|oneOf|pattern,False,False,False,True,False,False,video-generation,https://kling.ai/document-api/api/video/o1/video-omni,https://github.com/monid-ai/monid/blob/c57aa3d4b2036f518cbc7d3879a097ac1c8af4ea/connectors/kling/endpoints/omni-video-kling-o1/endpoint.ts
kling#text-to-video/kling-2.5-turbo,kling,/text-to-video/kling-2.5-turbo,Kling 2.5 Turbo Text to Video,POST,https://api-singapore.klingai.com/text-to-video/kling-2.5-turbo,https://api-singapore.klingai.com,bearer,Authorization,apiKey,apiKey,body,polling_lifecycle_adapter,False,True,True,False,False,False,False,True,COMPOSITE,,$schema|maxLength|minLength,False,False,False,True,False,False,video-generation,https://kling.ai/document-api/api/video/2-5-turbo/text-to-video,https://github.com/monid-ai/monid/blob/c57aa3d4b2036f518cbc7d3879a097ac1c8af4ea/connectors/kling/endpoints/image-to-video-kling-2-5-turbo/endpoint.ts
kling#text-to-video/kling-2.6,kling,/text-to-video/kling-2.6,Kling 2.6 Text to Video,POST,https://api-singapore.klingai.com/text-to-video/kling-2.6,https://api-singapore.klingai.com,bearer,Authorization,apiKey,apiKey,body,polling_lifecycle_adapter,False,True,True,False,False,False,False,True,COMPOSITE,,$schema|maxLength|minLength,False,False,False,True,False,False,video-generation,https://kling.ai/document-api/api/video/2-6/text-to-video,https://github.com/monid-ai/monid/blob/c57aa3d4b2036f518cbc7d3879a097ac1c8af4ea/connectors/kling/endpoints/image-to-video-kling-2-6/endpoint.ts
kling#text-to-video/kling-3.0,kling,/text-to-video/kling-3.0,Kling 3.0 Text to Video,POST,https://api-singapore.klingai.com/text-to-video/kling-3.0,https://api-singapore.klingai.com,bearer,Authorization,apiKey,apiKey,body,polling_lifecycle_adapter,False,True,True,False,False,False,False,True,COMPOSITE,,$schema|maxLength|maximum|minLength|minimum,False,False,False,True,False,False,video-generation,https://kling.ai/document-api/api/video/3-0-omni/text-to-video,https://github.com/monid-ai/monid/blob/c57aa3d4b2036f518cbc7d3879a097ac1c8af4ea/connectors/kling/endpoints/image-to-video-kling-3-0/endpoint.ts
kling#text-to-video/kling-3.0-turbo,kling,/text-to-video/kling-3.0-turbo,Kling 3.0 Turbo Text to Video,POST,https://api-singapore.klingai.com/text-to-video/kling-3.0-turbo,https://api-singapore.klingai.com,bearer,Authorization,apiKey,apiKey,body,polling_lifecycle_adapter,False,True,True,False,False,False,False,True,COMPOSITE,,$schema|maxLength|maximum|minLength|minimum,False,False,False,True,False,False,video-generation,https://kling.ai/document-api/api/video/3-0-turbo/text-to-video,https://github.com/monid-ai/monid/blob/c57aa3d4b2036f518cbc7d3879a097ac1c8af4ea/connectors/kling/endpoints/image-to-video-kling-2-5-turbo/endpoint.ts
litescrape#apple/app-store/product,litescrape,/apple/app-store/product,Get App Store Product,GET,https://api.litescrape.com/api/apple/app-store/product,https://api.litescrape.com,bearer,Authorization,apiKey,apiKey,queryParams,request_transform_adapter,True,False,False,False,False,False,True,False,PER_UNIT,,$schema|pattern,False,False,False,True,False,False,app-stores,https://litescrape.com/docs/apple-app-store-product,https://github.com/monid-ai/monid/blob/c57aa3d4b2036f518cbc7d3879a097ac1c8af4ea/connectors/apollo/endpoints/organizations-enrich/endpoint.ts
litescrape#apple/app-store/reviews,litescrape,/apple/app-store/reviews,Get App Store Reviews,GET,https://api.litescrape.com/api/apple/app-store/reviews,https://api.litescrape.com,bearer,Authorization,apiKey,apiKey,queryParams,request_transform_adapter,True,False,False,False,False,False,True,False,PER_UNIT,,$schema|maximum|minimum|pattern,False,False,False,True,False,False,app-stores,https://litescrape.com/docs/apple-app-store-reviews,https://github.com/monid-ai/monid/blob/c57aa3d4b2036f518cbc7d3879a097ac1c8af4ea/connectors/apollo/endpoints/organizations-enrich/endpoint.ts
litescrape#apple/app-store/search,litescrape,/apple/app-store/search,Search App Store,GET,https://api.litescrape.com/api/apple/app-store/search,https://api.litescrape.com,bearer,Authorization,apiKey,apiKey,queryParams,request_transform_adapter,True,False,False,False,False,False,True,False,PER_UNIT,,$schema|maxLength|maximum|minLength|minimum|pattern,False,False,False,True,False,False,app-stores,https://litescrape.com/docs/apple-app-store-search,https://github.com/monid-ai/monid/blob/c57aa3d4b2036f518cbc7d3879a097ac1c8af4ea/connectors/apollo/endpoints/organizations-enrich/endpoint.ts
litescrape#apple/maps/places,litescrape,/apple/maps/places,Get Apple Maps Places,GET,https://api.litescrape.com/api/apple/maps/places,https://api.litescrape.com,bearer,Authorization,apiKey,apiKey,queryParams,request_transform_adapter,True,False,False,False,False,False,True,False,PER_UNIT,muid,$schema|maxItems|minItems|pattern,False,False,False,True,False,False,maps,https://litescrape.com/docs/apple-maps-places,https://github.com/monid-ai/monid/blob/c57aa3d4b2036f518cbc7d3879a097ac1c8af4ea/connectors/apollo/endpoints/organizations-enrich/endpoint.ts
litescrape#apple/maps/reviews,litescrape,/apple/maps/reviews,Get Apple Maps Reviews,GET,https://api.litescrape.com/api/apple/maps/reviews,https://api.litescrape.com,bearer,Authorization,apiKey,apiKey,queryParams,request_transform_adapter,True,False,False,False,False,False,True,False,PER_UNIT,,$schema|pattern,False,False,False,True,False,False,maps,https://litescrape.com/docs/apple-maps-reviews,https://github.com/monid-ai/monid/blob/c57aa3d4b2036f518cbc7d3879a097ac1c8af4ea/connectors/apollo/endpoints/organizations-enrich/endpoint.ts
litescrape#bing/maps,litescrape,/bing/maps,Search Bing Maps,GET,https://api.litescrape.com/api/bing/maps,https://api.litescrape.com,bearer,Authorization,apiKey,apiKey,queryParams,request_transform_adapter,True,False,False,False,False,False,True,False,PER_UNIT,,$schema|anyOf|maxLength|maximum|minLength|minimum|pattern,False,False,False,True,True,True,maps,https://litescrape.com/docs/bing-maps,https://github.com/monid-ai/monid/blob/c57aa3d4b2036f518cbc7d3879a097ac1c8af4ea/connectors/apollo/endpoints/organizations-enrich/endpoint.ts
litescrape#bing/search,litescrape,/bing/search,Search Bing,GET,https://api.litescrape.com/api/bing/search,https://api.litescrape.com,bearer,Authorization,apiKey,apiKey,queryParams,request_transform_adapter,True,False,False,False,False,False,True,False,PER_UNIT,,$schema|maxLength|maximum|minLength|minimum|pattern,False,False,False,True,True,True,web-search,https://litescrape.com/docs/bing-search,https://github.com/monid-ai/monid/blob/c57aa3d4b2036f518cbc7d3879a097ac1c8af4ea/connectors/apollo/endpoints/organizations-enrich/endpoint.ts
litescrape#duckduckgo/maps,litescrape,/duckduckgo/maps,Search DuckDuckGo Maps,GET,https://api.litescrape.com/api/duckduckgo/maps,https://api.litescrape.com,bearer,Authorization,apiKey,apiKey,queryParams,request_transform_adapter,True,False,False,False,False,False,True,False,PER_UNIT,,$schema|anyOf|maxLength|maximum|minLength|minimum|pattern,False,False,False,True,True,True,maps,https://litescrape.com/docs/duckduckgo-maps,https://github.com/monid-ai/monid/blob/c57aa3d4b2036f518cbc7d3879a097ac1c8af4ea/connectors/apollo/endpoints/organizations-enrich/endpoint.ts
litescrape#duckduckgo/search,litescrape,/duckduckgo/search,Search DuckDuckGo,GET,https://api.litescrape.com/api/duckduckgo/search,https://api.litescrape.com,bearer,Authorization,apiKey,apiKey,queryParams,request_transform_adapter,True,False,False,False,False,False,True,False,PER_UNIT,,$schema|maxLength|maximum|minLength|minimum|pattern,False,False,False,True,True,True,web-search,https://litescrape.com/docs/duckduckgo-search,https://github.com/monid-ai/monid/blob/c57aa3d4b2036f518cbc7d3879a097ac1c8af4ea/connectors/apollo/endpoints/organizations-enrich/endpoint.ts
litescrape#google/ads,litescrape,/google/ads,Find Google Ads,GET,https://api.litescrape.com/api/google/ads,https://api.litescrape.com,bearer,Authorization,apiKey,apiKey,queryParams,request_transform_adapter,True,False,False,False,False,False,True,False,PER_UNIT,,$schema|maxLength|minLength,False,False,False,True,True,True,seo,https://litescrape.com/docs/google-ads,https://github.com/monid-ai/monid/blob/c57aa3d4b2036f518cbc7d3879a097ac1c8af4ea/connectors/apollo/endpoints/organizations-enrich/endpoint.ts
litescrape#google/ai-mode,litescrape,/google/ai-mode,Ask Google AI Mode,GET,https://api.litescrape.com/api/google/ai-mode,https://api.litescrape.com,bearer,Authorization,apiKey,apiKey,queryParams,request_transform_adapter,True,False,False,False,False,False,True,False,PER_UNIT,,$schema|maxLength|minLength|pattern,False,False,False,True,True,True,ai-search,https://litescrape.com/docs/google-ai-mode,https://github.com/monid-ai/monid/blob/c57aa3d4b2036f518cbc7d3879a097ac1c8af4ea/connectors/apollo/endpoints/organizations-enrich/endpoint.ts
litescrape#google/ai-overview,litescrape,/google/ai-overview,Get AI Overview,GET,https://api.litescrape.com/api/google/ai-overview,https://api.litescrape.com,bearer,Authorization,apiKey,apiKey,queryParams,request_transform_adapter,True,False,False,False,False,False,True,False,PER_UNIT,,$schema|anyOf|maxLength|maximum|minLength|minimum|pattern,False,False,False,True,True,True,ai-search,https://litescrape.com/docs/google-ai-overview,https://github.com/monid-ai/monid/blob/c57aa3d4b2036f518cbc7d3879a097ac1c8af4ea/connectors/apollo/endpoints/organizations-enrich/endpoint.ts
litescrape#google/contributor-reviews,litescrape,/google/contributor-reviews,Get Contributor Reviews,GET,https://api.litescrape.com/api/google/contributor-reviews,https://api.litescrape.com,bearer,Authorization,apiKey,apiKey,queryParams,request_transform_adapter,True,False,False,False,False,False,True,False,PER_UNIT,,$schema|maxLength|maximum|minLength|minimum|pattern,False,False,False,True,True,True,maps,https://litescrape.com/docs/google-contributor-reviews,https://github.com/monid-ai/monid/blob/c57aa3d4b2036f518cbc7d3879a097ac1c8af4ea/connectors/apollo/endpoints/organizations-enrich/endpoint.ts
litescrape#google/local,litescrape,/google/local,Search Google Local,GET,https://api.litescrape.com/api/google/local,https://api.litescrape.com,bearer,Authorization,apiKey,apiKey,queryParams,request_transform_adapter,True,False,False,False,False,False,True,False,PER_UNIT,,$schema|maxLength|maximum|minLength|minimum|pattern,False,False,False,True,True,True,maps,https://litescrape.com/docs/google-local,https://github.com/monid-ai/monid/blob/c57aa3d4b2036f518cbc7d3879a097ac1c8af4ea/connectors/apollo/endpoints/organizations-enrich/endpoint.ts
litescrape#google/maps,litescrape,/google/maps,Search Google Maps,GET,https://api.litescrape.com/api/google/maps,https://api.litescrape.com,bearer,Authorization,apiKey,apiKey,queryParams,request_transform_adapter,True,False,False,False,False,False,True,False,PER_UNIT,,$schema|anyOf|const|maxLength|maximum|minLength|minimum|pattern,False,False,False,True,True,True,maps,https://litescrape.com/docs/google-maps,https://github.com/monid-ai/monid/blob/c57aa3d4b2036f518cbc7d3879a097ac1c8af4ea/connectors/apollo/endpoints/organizations-enrich/endpoint.ts
litescrape#google/maps/photo-meta,litescrape,/google/maps/photo-meta,Get Photo Metadata,GET,https://api.litescrape.com/api/google/maps/photo-meta,https://api.litescrape.com,bearer,Authorization,apiKey,apiKey,queryParams,request_transform_adapter,True,False,False,False,False,False,True,False,PER_UNIT,,$schema|maxLength|minLength|pattern,False,False,False,True,False,False,maps,https://litescrape.com/docs/google-maps-photo-meta,https://github.com/monid-ai/monid/blob/c57aa3d4b2036f518cbc7d3879a097ac1c8af4ea/connectors/apollo/endpoints/organizations-enrich/endpoint.ts
litescrape#google/maps/popular-times,litescrape,/google/maps/popular-times,Get Live Foot Traffic,GET,https://api.litescrape.com/api/google/maps/popular-times,https://api.litescrape.com,bearer,Authorization,apiKey,apiKey,queryParams,request_transform_adapter,True,False,False,False,False,False,True,False,PER_UNIT,,$schema|maxLength|minLength|pattern,False,False,False,True,False,False,maps,https://litescrape.com/docs/google-maps-popular-times,https://github.com/monid-ai/monid/blob/c57aa3d4b2036f518cbc7d3879a097ac1c8af4ea/connectors/apollo/endpoints/organizations-enrich/endpoint.ts
litescrape#google/maps/posts,litescrape,/google/maps/posts,Get Maps Posts,GET,https://api.litescrape.com/api/google/maps/posts,https://api.litescrape.com,bearer,Authorization,apiKey,apiKey,queryParams,request_transform_adapter,True,False,False,False,False,False,True,False,PER_UNIT,,$schema|maxLength|minLength|pattern,False,False,False,True,False,False,maps,https://litescrape.com/docs/google-maps-posts,https://github.com/monid-ai/monid/blob/c57aa3d4b2036f518cbc7d3879a097ac1c8af4ea/connectors/apollo/endpoints/organizations-enrich/endpoint.ts
litescrape#google/play/apps,litescrape,/google/play/apps,Search Play Apps,GET,https://api.litescrape.com/api/google/play/apps,https://api.litescrape.com,bearer,Authorization,apiKey,apiKey,queryParams,request_transform_adapter,True,False,False,False,False,False,True,False,PER_UNIT,,$schema|maxLength|minLength|pattern,False,False,False,True,False,False,app-stores,https://litescrape.com/docs/google-play-apps,https://github.com/monid-ai/monid/blob/c57aa3d4b2036f518cbc7d3879a097ac1c8af4ea/connectors/apollo/endpoints/organizations-enrich/endpoint.ts
litescrape#google/play/books,litescrape,/google/play/books,Search Play Books,GET,https://api.litescrape.com/api/google/play/books,https://api.litescrape.com,bearer,Authorization,apiKey,apiKey,queryParams,request_transform_adapter,True,False,False,False,False,False,True,False,PER_UNIT,,$schema|anyOf|const|maxLength|minLength|pattern,False,False,False,True,False,False,app-stores,https://litescrape.com/docs/google-play-books,https://github.com/monid-ai/monid/blob/c57aa3d4b2036f518cbc7d3879a097ac1c8af4ea/connectors/apollo/endpoints/organizations-enrich/endpoint.ts
litescrape#google/play/games,litescrape,/google/play/games,Browse Play Games,GET,https://api.litescrape.com/api/google/play/games,https://api.litescrape.com,bearer,Authorization,apiKey,apiKey,queryParams,request_transform_adapter,True,False,False,False,False,False,True,False,PER_UNIT,,$schema|maxLength|minLength|pattern,False,False,False,True,False,False,app-stores,https://litescrape.com/docs/google-play-games,https://github.com/monid-ai/monid/blob/c57aa3d4b2036f518cbc7d3879a097ac1c8af4ea/connectors/apollo/endpoints/organizations-enrich/endpoint.ts
litescrape#google/play/movies,litescrape,/google/play/movies,Search Play Movies,GET,https://api.litescrape.com/api/google/play/movies,https://api.litescrape.com,bearer,Authorization,apiKey,apiKey,queryParams,request_transform_adapter,True,False,False,False,False,False,True,False,PER_UNIT,,$schema|maxLength|minLength|pattern,False,False,False,True,False,False,app-stores,https://litescrape.com/docs/google-play-movies,https://github.com/monid-ai/monid/blob/c57aa3d4b2036f518cbc7d3879a097ac1c8af4ea/connectors/apollo/endpoints/organizations-enrich/endpoint.ts
litescrape#google/play/product,litescrape,/google/play/product,Get Play Product,GET,https://api.litescrape.com/api/google/play/product,https://api.litescrape.com,bearer,Authorization,apiKey,apiKey,queryParams,request_transform_adapter,True,False,False,False,False,False,True,False,PER_UNIT,,$schema|maxLength|pattern,False,False,False,True,False,False,app-stores,https://litescrape.com/docs/google-play-product,https://github.com/monid-ai/monid/blob/c57aa3d4b2036f518cbc7d3879a097ac1c8af4ea/connectors/apollo/endpoints/organizations-enrich/endpoint.ts
litescrape#google/play/reviews,litescrape,/google/play/reviews,Get Play Reviews,GET,https://api.litescrape.com/api/google/play/reviews,https://api.litescrape.com,bearer,Authorization,apiKey,apiKey,queryParams,request_transform_adapter,True,False,False,False,False,False,True,False,PER_UNIT,,$schema|anyOf|const|maxLength|maximum|minLength|minimum|pattern,False,False,False,True,False,False,app-stores,https://litescrape.com/docs/google-play-reviews,https://github.com/monid-ai/monid/blob/c57aa3d4b2036f518cbc7d3879a097ac1c8af4ea/connectors/apollo/endpoints/organizations-enrich/endpoint.ts
litescrape#google/reviews,litescrape,/google/reviews,Get Google Reviews,GET,https://api.litescrape.com/api/google/reviews,https://api.litescrape.com,bearer,Authorization,apiKey,apiKey,queryParams,request_transform_adapter,True,False,False,False,False,False,True,False,PER_UNIT,,$schema|anyOf|maxLength|maximum|minLength|minimum|pattern,False,False,False,True,True,True,maps,https://litescrape.com/docs/google-maps-reviews,https://github.com/monid-ai/monid/blob/c57aa3d4b2036f518cbc7d3879a097ac1c8af4ea/connectors/apollo/endpoints/organizations-enrich/endpoint.ts
litescrape#google/search,litescrape,/google/search,Search Google,GET,https://api.litescrape.com/api/google/search,https://api.litescrape.com,bearer,Authorization,apiKey,apiKey,queryParams,request_transform_adapter,True,False,False,False,False,False,True,False,PER_UNIT,,$schema|anyOf|maxLength|maximum|minLength|minimum|pattern,False,False,False,True,True,True,web-search,https://litescrape.com/docs/google-search,https://github.com/monid-ai/monid/blob/c57aa3d4b2036f518cbc7d3879a097ac1c8af4ea/connectors/apollo/endpoints/organizations-enrich/endpoint.ts
litescrape#google/shopping,litescrape,/google/shopping,Search Google Shopping,GET,https://api.litescrape.com/api/google/shopping,https://api.litescrape.com,bearer,Authorization,apiKey,apiKey,queryParams,request_transform_adapter,True,False,False,False,False,False,True,False,PER_UNIT,,$schema|anyOf|maxLength|maximum|minLength|minimum|pattern,False,False,False,True,True,True,google-shopping,https://litescrape.com/docs/google-shopping,https://github.com/monid-ai/monid/blob/c57aa3d4b2036f518cbc7d3879a097ac1c8af4ea/connectors/apollo/endpoints/organizations-enrich/endpoint.ts
litescrape#google/shopping/product,litescrape,/google/shopping/product,Get Shopping Product,GET,https://api.litescrape.com/api/google/shopping/product,https://api.litescrape.com,bearer,Authorization,apiKey,apiKey,queryParams,request_transform_adapter,True,False,False,False,False,False,True,False,PER_UNIT,,$schema|anyOf|maxLength|minLength|pattern,False,False,False,True,False,False,google-shopping,https://litescrape.com/docs/google-shopping-product,https://github.com/monid-ai/monid/blob/c57aa3d4b2036f518cbc7d3879a097ac1c8af4ea/connectors/apollo/endpoints/organizations-enrich/endpoint.ts
litescrape#tripadvisor/place,litescrape,/tripadvisor/place,Get Tripadvisor Place,GET,https://api.litescrape.com/api/tripadvisor/place,https://api.litescrape.com,bearer,Authorization,apiKey,apiKey,queryParams,request_transform_adapter,True,False,False,False,False,False,True,False,PER_UNIT,,$schema|pattern,False,False,False,True,True,True,maps|hotels,https://litescrape.com/docs/tripadvisor-place,https://github.com/monid-ai/monid/blob/c57aa3d4b2036f518cbc7d3879a097ac1c8af4ea/connectors/apollo/endpoints/organizations-enrich/endpoint.ts
litescrape#tripadvisor/reviews,litescrape,/tripadvisor/reviews,Get Tripadvisor Reviews,GET,https://api.litescrape.com/api/tripadvisor/reviews,https://api.litescrape.com,bearer,Authorization,apiKey,apiKey,queryParams,request_transform_adapter,True,False,False,False,False,False,True,False,PER_UNIT,,$schema|maximum|minimum|pattern,False,False,False,True,True,True,maps|hotels,https://litescrape.com/docs/tripadvisor-reviews,https://github.com/monid-ai/monid/blob/c57aa3d4b2036f518cbc7d3879a097ac1c8af4ea/connectors/apollo/endpoints/organizations-enrich/endpoint.ts
litescrape#tripadvisor/search,litescrape,/tripadvisor/search,Search Tripadvisor,GET,https://api.litescrape.com/api/tripadvisor/search,https://api.litescrape.com,bearer,Authorization,apiKey,apiKey,queryParams,request_transform_adapter,True,False,False,False,False,False,True,False,PER_UNIT,,$schema|maxLength|maximum|minLength|minimum|pattern,False,False,False,True,True,True,maps|hotels,https://litescrape.com/docs/tripadvisor-search,https://github.com/monid-ai/monid/blob/c57aa3d4b2036f518cbc7d3879a097ac1c8af4ea/connectors/apollo/endpoints/organizations-enrich/endpoint.ts
litescrape#yelp/reviews,litescrape,/yelp/reviews,Get Yelp Reviews,GET,https://api.litescrape.com/api/yelp/reviews,https://api.litescrape.com,bearer,Authorization,apiKey,apiKey,queryParams,request_transform_adapter,True,False,False,False,False,False,True,False,PER_UNIT,rating,$schema|maxItems|maxLength|maximum|minItems|minLength|minimum|pattern,False,False,False,True,True,True,maps,https://litescrape.com/docs/yelp-reviews,https://github.com/monid-ai/monid/blob/c57aa3d4b2036f518cbc7d3879a097ac1c8af4ea/connectors/apollo/endpoints/organizations-enrich/endpoint.ts
litescrape#yelp/search,litescrape,/yelp/search,Search Yelp,GET,https://api.litescrape.com/api/yelp/search,https://api.litescrape.com,bearer,Authorization,apiKey,apiKey,queryParams,request_transform_adapter,True,False,False,False,False,False,True,False,PER_UNIT,attrs,$schema|maximum|minItems|minLength|minimum|pattern,False,False,False,True,True,True,maps,https://litescrape.com/docs/yelp-search,https://github.com/monid-ai/monid/blob/c57aa3d4b2036f518cbc7d3879a097ac1c8af4ea/connectors/apollo/endpoints/organizations-enrich/endpoint.ts
magic-hour#v1/image/magic-hour-ai-gif,magic-hour,/v1/image/magic-hour-ai-gif,Magic Hour AI GIF Generator,POST,https://api.magichour.ai/v1/ai-gif-generator,https://api.magichour.ai,bearer,Authorization,apiKey,apiKey,body,polling_lifecycle_adapter,False,True,True,False,False,False,False,True,PER_CALL,,$schema|maxLength|minLength,False,False,False,True,False,True,image-generation|video-generation,https://docs.magichour.ai/api-reference/image-projects/ai-gif-generator,https://github.com/monid-ai/monid/blob/c57aa3d4b2036f518cbc7d3879a097ac1c8af4ea/connectors/magic-hour/provider.ts
minimax#v1/image_generation,minimax,/v1/image_generation,MiniMax Image,POST,https://api.minimax.io/v1/image_generation,https://api.minimax.io,bearer,Authorization,apiKey,apiKey,body,start_hook_adapter,False,True,False,False,False,True,True,False,PER_UNIT,,$schema|const|maxItems|maxLength|maximum|minItems|minLength|minimum|pattern,False,False,False,True,True,True,image-generation,https://platform.minimax.io/docs/api-reference/image-generation-i2i,https://github.com/monid-ai/monid/blob/c57aa3d4b2036f518cbc7d3879a097ac1c8af4ea/connectors/minimax/endpoints/image-generation/endpoint.ts
minimax#v1/music_generation,minimax,/v1/music_generation,MiniMax Music,POST,https://api.minimax.io/v1/music_generation,https://api.minimax.io,bearer,Authorization,apiKey,apiKey,body,start_hook_adapter,False,True,False,False,False,True,True,False,PER_CALL,,$schema|anyOf|const|maxLength|minLength,False,False,False,True,True,True,music-generation,https://platform.minimax.io/docs/api-reference/music-generation,https://github.com/monid-ai/monid/blob/c57aa3d4b2036f518cbc7d3879a097ac1c8af4ea/connectors/minimax/provider.ts
minimax#v1/t2a_v2,minimax,/v1/t2a_v2,MiniMax Text to Speech,POST,https://api.minimax.io/v1/t2a_v2,https://api.minimax.io,bearer,Authorization,apiKey,apiKey,body,start_hook_adapter,False,True,False,False,False,True,True,False,COMPOSITE,,$schema|anyOf|const|exclusiveMinimum|maxItems|maxLength|maximum|minItems|minLength|minimum,False,False,False,True,True,True,speech,https://platform.minimax.io/docs/api-reference/speech-t2a-http,https://github.com/monid-ai/monid/blob/c57aa3d4b2036f518cbc7d3879a097ac1c8af4ea/connectors/minimax/endpoints/text-to-speech/endpoint.ts
minimax#v1/video/minimax-h3,minimax,/v1/video/minimax-h3,MiniMax Video (H3),POST,https://api.minimax.io/v2/video_generation,https://api.minimax.io,bearer,Authorization,apiKey,apiKey,body,polling_lifecycle_adapter,False,True,True,False,False,True,True,False,COMPOSITE,,$schema|const|maxLength|maximum|minItems|minLength|minimum|oneOf|pattern,False,False,False,True,True,True,video-generation,https://platform.minimax.io/docs/api-reference/video-generation-v2-create,https://github.com/monid-ai/monid/blob/c57aa3d4b2036f518cbc7d3879a097ac1c8af4ea/connectors/minimax/endpoints/video-h3/endpoint.ts
minimax#v1/video/minimax-h3-fast,minimax,/v1/video/minimax-h3-fast,MiniMax Video (H3 Fast),POST,https://api.minimax.io/v2/video_generation,https://api.minimax.io,bearer,Authorization,apiKey,apiKey,body,polling_lifecycle_adapter,False,True,True,False,False,True,True,False,COMPOSITE,,$schema|const|maxLength|maximum|minItems|minLength|minimum|oneOf|pattern,False,False,False,True,True,True,video-generation,https://platform.minimax.io/docs/api-reference/video-generation-v2-create,https://github.com/monid-ai/monid/blob/c57aa3d4b2036f518cbc7d3879a097ac1c8af4ea/connectors/minimax/endpoints/video-h3-fast/endpoint.ts
minimax#v1/video/minimax-h3-max,minimax,/v1/video/minimax-h3-max,MiniMax Video (H3 Max),POST,https://api.minimax.io/v2/video_generation,https://api.minimax.io,bearer,Authorization,apiKey,apiKey,body,polling_lifecycle_adapter,False,True,True,False,False,True,True,False,COMPOSITE,,$schema|const|maxLength|maximum|minItems|minLength|minimum|oneOf|pattern,False,False,False,True,True,True,video-generation,https://platform.minimax.io/docs/api-reference/video-generation-v2-create,https://github.com/monid-ai/monid/blob/c57aa3d4b2036f518cbc7d3879a097ac1c8af4ea/connectors/minimax/endpoints/video-h3-max/endpoint.ts
minimax#v1/video/minimax-h3-max-turbo,minimax,/v1/video/minimax-h3-max-turbo,MiniMax Video (H3 Max Turbo),POST,https://api.minimax.io/v2/video_generation,https://api.minimax.io,bearer,Authorization,apiKey,apiKey,body,polling_lifecycle_adapter,False,True,True,False,False,True,True,False,COMPOSITE,,$schema|const|maxLength|maximum|minItems|minLength|minimum|oneOf|pattern,False,False,False,True,True,True,video-generation,https://platform.minimax.io/docs/api-reference/video-generation-v2-create,https://github.com/monid-ai/monid/blob/c57aa3d4b2036f518cbc7d3879a097ac1c8af4ea/connectors/minimax/endpoints/video-h3-max-turbo/endpoint.ts
minimax#v1/video/minimax-hailuo-2.3,minimax,/v1/video/minimax-hailuo-2.3,MiniMax Video (Hailuo-2.3),POST,https://api.minimax.io/v1/video_generation,https://api.minimax.io,bearer,Authorization,apiKey,apiKey,body,polling_lifecycle_adapter,False,True,True,False,False,True,True,False,COMPOSITE,,$schema|anyOf|const|maxLength|minLength|pattern,False,False,False,True,True,True,video-generation,https://platform.minimax.io/docs/api-reference/video-generation-t2v,https://github.com/monid-ai/monid/blob/c57aa3d4b2036f518cbc7d3879a097ac1c8af4ea/connectors/minimax/endpoints/video-hailuo-2-3/endpoint.ts
mrscraper#1688/category,mrscraper,/1688/category,1688 Category Listings,POST,https://sync.scraper.mrscraper.com/api/1688/cbc/sync,https://sync.scraper.mrscraper.com,bearer,Authorization,apiKey,apiKey,body,plain_http_request_candidate,False,False,False,False,False,True,False,True,PER_UNIT,,$schema|pattern,False,False,False,True,True,True,1688,https://docs.mrscraper.com/docs/features/marketplace,https://github.com/monid-ai/monid/blob/c57aa3d4b2036f518cbc7d3879a097ac1c8af4ea/connectors/apollo/endpoints/organizations-enrich/endpoint.ts
mrscraper#agoda/hotel,mrscraper,/agoda/hotel,Agoda Hotel Details by ID,POST,https://sync.scraper.mrscraper.com/api/hotels/agoda/sync,https://sync.scraper.mrscraper.com,bearer,Authorization,apiKey,apiKey,body,plain_http_request_candidate,False,False,False,False,False,True,False,True,PER_UNIT,,$schema|format|maxLength|maximum|minLength|minimum|pattern,False,False,False,True,True,True,hotels,https://docs.mrscraper.com/docs/features/marketplace,https://github.com/monid-ai/monid/blob/c57aa3d4b2036f518cbc7d3879a097ac1c8af4ea/connectors/apollo/endpoints/organizations-enrich/endpoint.ts
mrscraper#agoda/rates,mrscraper,/agoda/rates,Agoda Hotel Rates,POST,https://sync.scraper.mrscraper.com/api/hotels/agoda/rates/sync,https://sync.scraper.mrscraper.com,bearer,Authorization,apiKey,apiKey,body,plain_http_request_candidate,False,False,False,False,False,True,False,True,PER_UNIT,,$schema|maxLength|minLength|pattern,False,False,False,True,True,True,hotels,https://docs.mrscraper.com/docs/features/marketplace,https://github.com/monid-ai/monid/blob/c57aa3d4b2036f518cbc7d3879a097ac1c8af4ea/connectors/apollo/endpoints/organizations-enrich/endpoint.ts
mrscraper#agoda/reviews,mrscraper,/agoda/reviews,Agoda Hotel Reviews,POST,https://sync.scraper.mrscraper.com/api/hotels/agoda/review/sync,https://sync.scraper.mrscraper.com,bearer,Authorization,apiKey,apiKey,body,plain_http_request_candidate,False,False,False,False,False,True,False,True,PER_UNIT,,$schema|pattern,False,False,False,True,True,True,hotels,https://docs.mrscraper.com/docs/features/marketplace,https://github.com/monid-ai/monid/blob/c57aa3d4b2036f518cbc7d3879a097ac1c8af4ea/connectors/apollo/endpoints/organizations-enrich/endpoint.ts
mrscraper#amazon/product,mrscraper,/amazon/product,Amazon Product Details,POST,https://sync.scraper.mrscraper.com/api/amazon/pdp/sync,https://sync.scraper.mrscraper.com,bearer,Authorization,apiKey,apiKey,body,plain_http_request_candidate,False,False,False,False,False,True,False,True,PER_UNIT,,$schema|pattern,False,False,False,True,True,True,amazon,https://docs.mrscraper.com/docs/features/marketplace,https://github.com/monid-ai/monid/blob/c57aa3d4b2036f518cbc7d3879a097ac1c8af4ea/connectors/apollo/endpoints/organizations-enrich/endpoint.ts
mrscraper#autozone/category,mrscraper,/autozone/category,AutoZone Category Listings,POST,https://sync.scraper.mrscraper.com/api/autozone/category/sync,https://sync.scraper.mrscraper.com,bearer,Authorization,apiKey,apiKey,body,plain_http_request_candidate,False,False,False,False,False,True,False,True,PER_UNIT,,$schema|maximum|minLength|minimum|pattern,False,False,False,True,True,True,autozone,https://docs.mrscraper.com/docs/features/marketplace,https://github.com/monid-ai/monid/blob/c57aa3d4b2036f518cbc7d3879a097ac1c8af4ea/connectors/apollo/endpoints/organizations-enrich/endpoint.ts
mrscraper#booking/rates,mrscraper,/booking/rates,Booking Hotel Rates,POST,https://sync.scraper.mrscraper.com/api/hotels/booking/rates/sync,https://sync.scraper.mrscraper.com,bearer,Authorization,apiKey,apiKey,body,plain_http_request_candidate,False,False,False,False,False,True,False,True,PER_UNIT,,$schema|pattern,False,False,False,True,True,True,hotels,https://docs.mrscraper.com/docs/features/marketplace,https://github.com/monid-ai/monid/blob/c57aa3d4b2036f518cbc7d3879a097ac1c8af4ea/connectors/apollo/endpoints/organizations-enrich/endpoint.ts
mrscraper#booking/reviews,mrscraper,/booking/reviews,Booking Hotel Reviews,POST,https://sync.scraper.mrscraper.com/api/hotels/booking/review/sync,https://sync.scraper.mrscraper.com,bearer,Authorization,apiKey,apiKey,body,plain_http_request_candidate,False,False,False,False,False,True,False,True,PER_UNIT,,$schema|pattern,False,False,False,True,True,True,hotels,https://docs.mrscraper.com/docs/features/marketplace,https://github.com/monid-ai/monid/blob/c57aa3d4b2036f518cbc7d3879a097ac1c8af4ea/connectors/apollo/endpoints/organizations-enrich/endpoint.ts
mrscraper#china-southern/flights,mrscraper,/china-southern/flights,China Southern Fare Search,POST,https://sync.scraper.mrscraper.com/api/china-south/flight/sync,https://sync.scraper.mrscraper.com,bearer,Authorization,apiKey,apiKey,body,plain_http_request_candidate,False,False,False,False,False,True,False,True,PER_UNIT,,$schema|format|maxLength|maximum|minLength|minimum|pattern,False,False,False,True,True,True,flights,https://docs.mrscraper.com/docs/features/marketplace,https://github.com/monid-ai/monid/blob/c57aa3d4b2036f518cbc7d3879a097ac1c8af4ea/connectors/apollo/endpoints/organizations-enrich/endpoint.ts
mrscraper#cvs/product,mrscraper,/cvs/product,CVS Product Page HTML,POST,https://sync.scraper.mrscraper.com/api/cvs,https://sync.scraper.mrscraper.com,bearer,Authorization,apiKey,apiKey,body,plain_http_request_candidate,False,False,False,False,False,True,False,True,PER_UNIT,,$schema|minLength|pattern,False,False,False,True,True,True,cvs,https://docs.mrscraper.com/docs/features/marketplace,https://github.com/monid-ai/monid/blob/c57aa3d4b2036f518cbc7d3879a097ac1c8af4ea/connectors/apollo/endpoints/organizations-enrich/endpoint.ts
mrscraper#expedia/rates,mrscraper,/expedia/rates,Expedia Hotel Rates,POST,https://sync.scraper.mrscraper.com/api/hotels/expedia/detail/sync,https://sync.scraper.mrscraper.com,bearer,Authorization,apiKey,apiKey,body,plain_http_request_candidate,False,False,False,False,False,True,False,True,PER_UNIT,,$schema|pattern,False,False,False,True,True,True,hotels,https://docs.mrscraper.com/docs/features/marketplace,https://github.com/monid-ai/monid/blob/c57aa3d4b2036f518cbc7d3879a097ac1c8af4ea/connectors/apollo/endpoints/organizations-enrich/endpoint.ts
mrscraper#expedia/search,mrscraper,/expedia/search,Expedia Hotel Search,POST,https://sync.scraper.mrscraper.com/api/hotels/expedia/search/sync,https://sync.scraper.mrscraper.com,bearer,Authorization,apiKey,apiKey,body,plain_http_request_candidate,False,False,False,False,False,True,False,True,PER_UNIT,,$schema|pattern,False,False,False,True,True,True,hotels,https://docs.mrscraper.com/docs/features/marketplace,https://github.com/monid-ai/monid/blob/c57aa3d4b2036f518cbc7d3879a097ac1c8af4ea/connectors/apollo/endpoints/organizations-enrich/endpoint.ts
mrscraper#gemini/ask,mrscraper,/gemini/ask,Ask Gemini,POST,https://sync.scraper.mrscraper.com/api/gemini/sync,https://sync.scraper.mrscraper.com,bearer,Authorization,apiKey,apiKey,body,plain_http_request_candidate,False,False,False,False,False,True,False,True,PER_UNIT,,$schema|minLength,False,False,False,True,True,True,ai-search,https://docs.mrscraper.com/docs/features/marketplace,https://github.com/monid-ai/monid/blob/c57aa3d4b2036f518cbc7d3879a097ac1c8af4ea/connectors/apollo/endpoints/organizations-enrich/endpoint.ts
mrscraper#google/ai-mode,mrscraper,/google/ai-mode,Google AI Mode Answer,POST,https://sync.scraper.mrscraper.com/api/google/ai-mode/sync,https://sync.scraper.mrscraper.com,bearer,Authorization,apiKey,apiKey,body,plain_http_request_candidate,False,False,False,False,False,True,False,True,PER_UNIT,,$schema|maxLength|minLength|pattern,False,False,False,True,True,True,ai-search,https://docs.mrscraper.com/docs/features/marketplace,https://github.com/monid-ai/monid/blob/c57aa3d4b2036f518cbc7d3879a097ac1c8af4ea/connectors/apollo/endpoints/organizations-enrich/endpoint.ts
mrscraper#google/flights,mrscraper,/google/flights,Search Google Flights,POST,https://sync.scraper.mrscraper.com/api/google-flight/cbc/sync,https://sync.scraper.mrscraper.com,bearer,Authorization,apiKey,apiKey,body,plain_http_request_candidate,False,False,False,False,False,True,False,True,PER_UNIT,,$schema|anyOf|const|format|maxLength|minLength|pattern,False,False,False,True,True,True,flights,https://docs.mrscraper.com/docs/features/marketplace,https://github.com/monid-ai/monid/blob/c57aa3d4b2036f518cbc7d3879a097ac1c8af4ea/connectors/apollo/endpoints/organizations-enrich/endpoint.ts
mrscraper#google/hotel,mrscraper,/google/hotel,Google Hotels Booking Prices,POST,https://sync.scraper.mrscraper.com/api/google/serp/sync,https://sync.scraper.mrscraper.com,bearer,Authorization,apiKey,apiKey,body,plain_http_request_candidate,False,False,False,False,False,True,False,True,PER_UNIT,,$schema|pattern,False,False,False,True,True,True,hotels,https://docs.mrscraper.com/docs/features/marketplace,https://github.com/monid-ai/monid/blob/c57aa3d4b2036f518cbc7d3879a097ac1c8af4ea/connectors/apollo/endpoints/organizations-enrich/endpoint.ts
mrscraper#gpt/web-search,mrscraper,/gpt/web-search,GPT Web Search,POST,https://sync.scraper.mrscraper.com/api/gpt/websearch/sync,https://sync.scraper.mrscraper.com,bearer,Authorization,apiKey,apiKey,body,plain_http_request_candidate,False,False,False,False,False,True,False,True,PER_UNIT,,$schema|maxLength|minLength,False,False,False,True,True,True,ai-search,https://docs.mrscraper.com/docs/features/marketplace,https://github.com/monid-ai/monid/blob/c57aa3d4b2036f518cbc7d3879a097ac1c8af4ea/connectors/apollo/endpoints/organizations-enrich/endpoint.ts
mrscraper#homedepot/product,mrscraper,/homedepot/product,Home Depot Product Page HTML,POST,https://sync.scraper.mrscraper.com/api/homedepot/pdp/sync,https://sync.scraper.mrscraper.com,bearer,Authorization,apiKey,apiKey,body,plain_http_request_candidate,False,False,False,False,False,True,False,True,PER_UNIT,,$schema|minLength|pattern,False,False,False,True,True,True,homedepot,https://docs.mrscraper.com/docs/features/marketplace,https://github.com/monid-ai/monid/blob/c57aa3d4b2036f518cbc7d3879a097ac1c8af4ea/connectors/apollo/endpoints/organizations-enrich/endpoint.ts
mrscraper#hotels-com/reviews,mrscraper,/hotels-com/reviews,Hotels.com Guest Reviews,POST,https://sync.scraper.mrscraper.com/api/hotels/hotels/review/sync,https://sync.scraper.mrscraper.com,bearer,Authorization,apiKey,apiKey,body,plain_http_request_candidate,False,False,False,False,False,True,False,True,PER_UNIT,,$schema|pattern,False,False,False,True,True,True,hotels,https://docs.mrscraper.com/docs/features/marketplace,https://github.com/monid-ai/monid/blob/c57aa3d4b2036f518cbc7d3879a097ac1c8af4ea/connectors/apollo/endpoints/organizations-enrich/endpoint.ts
mrscraper#kroger/product,mrscraper,/kroger/product,Kroger Product Page HTML,POST,https://sync.scraper.mrscraper.com/api/kroger/pdp/sync,https://sync.scraper.mrscraper.com,bearer,Authorization,apiKey,apiKey,body,plain_http_request_candidate,False,False,False,False,False,True,False,True,PER_UNIT,,$schema|minLength|pattern,False,False,False,True,True,True,kroger,https://docs.mrscraper.com/docs/features/marketplace,https://github.com/monid-ai/monid/blob/c57aa3d4b2036f518cbc7d3879a097ac1c8af4ea/connectors/apollo/endpoints/organizations-enrich/endpoint.ts
mrscraper#lazada/category,mrscraper,/lazada/category,Lazada Category Listings,POST,https://sync.scraper.mrscraper.com/api/lazada/cbc/sync,https://sync.scraper.mrscraper.com,bearer,Authorization,apiKey,apiKey,body,plain_http_request_candidate,False,False,False,False,False,True,False,True,PER_UNIT,,$schema|pattern,False,False,False,True,True,True,lazada,https://docs.mrscraper.com/docs/features/marketplace,https://github.com/monid-ai/monid/blob/c57aa3d4b2036f518cbc7d3879a097ac1c8af4ea/connectors/apollo/endpoints/organizations-enrich/endpoint.ts
mrscraper#lazada/product,mrscraper,/lazada/product,Lazada Product Details,POST,https://sync.scraper.mrscraper.com/api/lazada/pdp/sync,https://sync.scraper.mrscraper.com,bearer,Authorization,apiKey,apiKey,body,plain_http_request_candidate,False,False,False,False,False,True,False,True,PER_UNIT,,$schema|pattern,False,False,False,True,True,True,lazada,https://docs.mrscraper.com/docs/features/marketplace,https://github.com/monid-ai/monid/blob/c57aa3d4b2036f518cbc7d3879a097ac1c8af4ea/connectors/apollo/endpoints/organizations-enrich/endpoint.ts
mrscraper#meijer/product,mrscraper,/meijer/product,Meijer Product Page HTML,POST,https://sync.scraper.mrscraper.com/api/meijer/pdp/sync,https://sync.scraper.mrscraper.com,bearer,Authorization,apiKey,apiKey,body,plain_http_request_candidate,False,False,False,False,False,True,False,True,PER_UNIT,,$schema|minLength|pattern,False,False,False,True,True,True,meijer,https://docs.mrscraper.com/docs/features/marketplace,https://github.com/monid-ai/monid/blob/c57aa3d4b2036f518cbc7d3879a097ac1c8af4ea/connectors/apollo/endpoints/organizations-enrich/endpoint.ts
mrscraper#nordstrom/product,mrscraper,/nordstrom/product,Nordstrom Product Details,POST,https://sync.scraper.mrscraper.com/api/nordstrom/pdp/sync,https://sync.scraper.mrscraper.com,bearer,Authorization,apiKey,apiKey,body,plain_http_request_candidate,False,False,False,False,False,True,False,True,PER_UNIT,,$schema|pattern,False,False,False,True,True,True,nordstrom,https://docs.mrscraper.com/docs/features/marketplace,https://github.com/monid-ai/monid/blob/c57aa3d4b2036f518cbc7d3879a097ac1c8af4ea/connectors/apollo/endpoints/organizations-enrich/endpoint.ts
mrscraper#scrape/detail,mrscraper,/scrape/detail,Extract Detail Page,POST,https://api.mrscraper.com/,https://api.mrscraper.com,header,x-api-token,apiKey,apiKey,body,request_transform_adapter,True,False,False,False,False,True,False,True,PER_UNIT,,$schema|maxLength|maximum|minLength|minimum|pattern,False,False,False,True,True,True,web-extraction,https://docs.mrscraper.com/docs/features/ai-scraper/general,https://github.com/monid-ai/monid/blob/c57aa3d4b2036f518cbc7d3879a097ac1c8af4ea/connectors/mrscraper/endpoints/scrape-detail/endpoint.ts
mrscraper#scrape/extract,mrscraper,/scrape/extract,Extract Structured Data,POST,https://api.mrscraper.com/,https://api.mrscraper.com,header,x-api-token,apiKey,apiKey,body,request_transform_adapter,True,False,False,False,False,True,False,True,PER_UNIT,,$schema|maxLength|maximum|minLength|minimum|pattern,False,False,False,True,True,True,web-extraction,https://docs.mrscraper.com/docs/api/playground/scrape-json,https://github.com/monid-ai/monid/blob/c57aa3d4b2036f518cbc7d3879a097ac1c8af4ea/connectors/mrscraper/endpoints/scrape-detail/endpoint.ts
mrscraper#scrape/html,mrscraper,/scrape/html,Scrape Raw HTML,POST,https://api.mrscraper.com/,https://api.mrscraper.com,header,x-api-token,apiKey,apiKey,body,request_transform_adapter,True,False,False,False,False,True,False,True,PER_UNIT,,$schema|maxLength|maximum|minLength|minimum|pattern,False,False,False,True,True,True,web-extraction,https://docs.mrscraper.com/docs/api/v3/scraper/unblocker-scraping,https://github.com/monid-ai/monid/blob/c57aa3d4b2036f518cbc7d3879a097ac1c8af4ea/connectors/mrscraper/endpoints/scrape-html/endpoint.ts
mrscraper#scrape/listing,mrscraper,/scrape/listing,Extract Listing Pages,POST,https://api.mrscraper.com/,https://api.mrscraper.com,header,x-api-token,apiKey,apiKey,body,request_transform_adapter,True,False,False,False,False,True,False,True,PER_UNIT,,$schema|maxLength|maximum|minLength|minimum|pattern,False,False,False,True,True,True,web-extraction,https://docs.mrscraper.com/docs/api/playground/listing-page,https://github.com/monid-ai/monid/blob/c57aa3d4b2036f518cbc7d3879a097ac1c8af4ea/connectors/mrscraper/endpoints/scrape-listing/endpoint.ts
mrscraper#scrape/map,mrscraper,/scrape/map,Map Site URLs,POST,https://api.mrscraper.com/,https://api.mrscraper.com,header,x-api-token,apiKey,apiKey,body,request_transform_adapter,True,False,False,False,False,True,False,True,PER_UNIT,,$schema|maxLength|maximum|minLength|minimum|pattern,False,False,False,True,True,True,web-extraction,https://docs.mrscraper.com/docs/api/playground/scrape-sitemap,https://github.com/monid-ai/monid/blob/c57aa3d4b2036f518cbc7d3879a097ac1c8af4ea/connectors/mrscraper/endpoints/scrape-listing/endpoint.ts
mrscraper#scrape/markdown,mrscraper,/scrape/markdown,Scrape Markdown,POST,https://api.mrscraper.com/,https://api.mrscraper.com,header,x-api-token,apiKey,apiKey,body,request_transform_adapter,True,False,False,False,False,True,False,True,PER_UNIT,,$schema|maxLength|maximum|minLength|minimum|pattern,False,False,False,True,True,True,web-extraction,https://docs.mrscraper.com/docs/api/playground/scrape-markdown,https://github.com/monid-ai/monid/blob/c57aa3d4b2036f518cbc7d3879a097ac1c8af4ea/connectors/mrscraper/endpoints/scrape-html/endpoint.ts
mrscraper#scrape/screenshot,mrscraper,/scrape/screenshot,Capture Page Screenshot,POST,https://api.mrscraper.com/,https://api.mrscraper.com,header,x-api-token,apiKey,apiKey,body,request_transform_adapter,True,False,False,False,False,True,False,True,PER_UNIT,,$schema|maxLength|maximum|minLength|minimum|pattern,False,False,False,True,True,True,web-extraction,https://docs.mrscraper.com/docs/api/playground/get-screenshot,https://github.com/monid-ai/monid/blob/c57aa3d4b2036f518cbc7d3879a097ac1c8af4ea/connectors/mrscraper/endpoints/scrape-html/endpoint.ts
mrscraper#segari/product,mrscraper,/segari/product,Segari Product Details,POST,https://sync.scraper.mrscraper.com/api/segari/pdp/sync,https://sync.scraper.mrscraper.com,bearer,Authorization,apiKey,apiKey,body,plain_http_request_candidate,False,False,False,False,False,True,False,True,PER_UNIT,,$schema|pattern,False,False,False,True,True,True,segari,https://docs.mrscraper.com/docs/features/marketplace,https://github.com/monid-ai/monid/blob/c57aa3d4b2036f518cbc7d3879a097ac1c8af4ea/connectors/apollo/endpoints/organizations-enrich/endpoint.ts
mrscraper#serp/google,mrscraper,/serp/google,Search Google Results,POST,https://sync.scraper.mrscraper.com/api/google/serp/v2/sync,https://sync.scraper.mrscraper.com,bearer,Authorization,apiKey,apiKey,body,request_transform_adapter,True,False,False,False,False,True,False,True,PER_UNIT,,$schema|maxLength|maximum|minLength|minimum,False,False,False,True,True,True,web-search,https://docs.mrscraper.com/docs/features/marketplace,https://github.com/monid-ai/monid/blob/c57aa3d4b2036f518cbc7d3879a097ac1c8af4ea/connectors/apollo/endpoints/organizations-enrich/endpoint.ts
mrscraper#shein/product,mrscraper,/shein/product,Shein Product Details,POST,https://sync.scraper.mrscraper.com/api/commerce/shein/v4/detail/sync,https://sync.scraper.mrscraper.com,bearer,Authorization,apiKey,apiKey,body,plain_http_request_candidate,False,False,False,False,False,True,False,True,PER_UNIT,,$schema|pattern,False,False,False,True,True,True,shein,https://docs.mrscraper.com/docs/features/marketplace,https://github.com/monid-ai/monid/blob/c57aa3d4b2036f518cbc7d3879a097ac1c8af4ea/connectors/apollo/endpoints/organizations-enrich/endpoint.ts
mrscraper#tiket/hotel,mrscraper,/tiket/hotel,Tiket Hotel Details,POST,https://sync.scraper.mrscraper.com/api/tiket/hotel/sync,https://sync.scraper.mrscraper.com,bearer,Authorization,apiKey,apiKey,body,plain_http_request_candidate,False,False,False,False,False,True,False,True,PER_UNIT,,$schema|format|maxLength|maximum|minLength|minimum|pattern,False,False,False,True,True,True,hotels,https://docs.mrscraper.com/docs/features/marketplace,https://github.com/monid-ai/monid/blob/c57aa3d4b2036f518cbc7d3879a097ac1c8af4ea/connectors/apollo/endpoints/organizations-enrich/endpoint.ts
mrscraper#tiktok/catalog,mrscraper,/tiktok/catalog,TikTok Shop Category Page,POST,https://sync.scraper.mrscraper.com/api/tiktok/web/catalog/sync,https://sync.scraper.mrscraper.com,bearer,Authorization,apiKey,apiKey,body,plain_http_request_candidate,False,False,False,False,False,True,False,True,PER_UNIT,,$schema|pattern,False,False,False,True,True,True,tiktok-shop,https://docs.mrscraper.com/docs/features/marketplace,https://github.com/monid-ai/monid/blob/c57aa3d4b2036f518cbc7d3879a097ac1c8af4ea/connectors/apollo/endpoints/organizations-enrich/endpoint.ts
mrscraper#tiktok/hashtag,mrscraper,/tiktok/hashtag,TikTok Hashtag Stats,POST,https://sync.scraper.mrscraper.com/api/tiktok/tags/sync,https://sync.scraper.mrscraper.com,bearer,Authorization,apiKey,apiKey,body,plain_http_request_candidate,False,False,False,False,False,True,False,True,PER_UNIT,,$schema|minLength|pattern,False,False,False,True,True,True,tiktok,https://docs.mrscraper.com/docs/features/marketplace,https://github.com/monid-ai/monid/blob/c57aa3d4b2036f518cbc7d3879a097ac1c8af4ea/connectors/apollo/endpoints/organizations-enrich/endpoint.ts
mrscraper#tiktok/product,mrscraper,/tiktok/product,TikTok Shop Product,POST,https://sync.scraper.mrscraper.com/api/tiktok/pdp/sync,https://sync.scraper.mrscraper.com,bearer,Authorization,apiKey,apiKey,body,plain_http_request_candidate,False,False,False,False,False,True,False,True,PER_UNIT,,$schema|pattern,False,False,False,True,True,True,tiktok-shop,https://docs.mrscraper.com/docs/features/marketplace,https://github.com/monid-ai/monid/blob/c57aa3d4b2036f518cbc7d3879a097ac1c8af4ea/connectors/apollo/endpoints/organizations-enrich/endpoint.ts
mrscraper#tiktok/search,mrscraper,/tiktok/search,Search TikTok Shop,POST,https://sync.scraper.mrscraper.com/api/tiktok/search,https://sync.scraper.mrscraper.com,bearer,Authorization,apiKey,apiKey,body,plain_http_request_candidate,False,False,False,False,False,True,False,True,PER_UNIT,,$schema|maximum|minLength|minimum,False,False,False,True,True,True,tiktok-shop,https://docs.mrscraper.com/docs/features/marketplace,https://github.com/monid-ai/monid/blob/c57aa3d4b2036f518cbc7d3879a097ac1c8af4ea/connectors/apollo/endpoints/organizations-enrich/endpoint.ts
mrscraper#tiktok/video,mrscraper,/tiktok/video,TikTok Video Details,POST,https://sync.scraper.mrscraper.com/api/sns/tiktok/video/sync,https://sync.scraper.mrscraper.com,bearer,Authorization,apiKey,apiKey,body,plain_http_request_candidate,False,False,False,False,False,True,False,True,PER_UNIT,,$schema|pattern,False,False,False,True,True,True,tiktok,https://docs.mrscraper.com/docs/features/marketplace,https://github.com/monid-ai/monid/blob/c57aa3d4b2036f518cbc7d3879a097ac1c8af4ea/connectors/apollo/endpoints/organizations-enrich/endpoint.ts
mrscraper#tiktok/video-download,mrscraper,/tiktok/video-download,TikTok Video Download Link,POST,https://sync.scraper.mrscraper.com/api/video/tiktok/sync,https://sync.scraper.mrscraper.com,bearer,Authorization,apiKey,apiKey,body,plain_http_request_candidate,False,False,False,False,False,True,False,True,PER_UNIT,,$schema|pattern,False,False,False,True,True,True,tiktok,https://docs.mrscraper.com/docs/features/marketplace,https://github.com/monid-ai/monid/blob/c57aa3d4b2036f518cbc7d3879a097ac1c8af4ea/connectors/apollo/endpoints/organizations-enrich/endpoint.ts
mrscraper#trip/hotel,mrscraper,/trip/hotel,Trip.com Hotel Details,POST,https://sync.scraper.mrscraper.com/api/trip/hotel/sync,https://sync.scraper.mrscraper.com,bearer,Authorization,apiKey,apiKey,body,plain_http_request_candidate,False,False,False,False,False,True,False,True,PER_UNIT,,$schema|format|maxLength|maximum|minLength|minimum|pattern,False,False,False,True,True,True,hotels,https://docs.mrscraper.com/docs/features/marketplace,https://github.com/monid-ai/monid/blob/c57aa3d4b2036f518cbc7d3879a097ac1c8af4ea/connectors/apollo/endpoints/organizations-enrich/endpoint.ts
mrscraper#trip/rates,mrscraper,/trip/rates,Trip.com Hotel Rates,POST,https://sync.scraper.mrscraper.com/api/hotels/trip/rates/sync,https://sync.scraper.mrscraper.com,bearer,Authorization,apiKey,apiKey,body,plain_http_request_candidate,False,False,False,False,False,True,False,True,PER_UNIT,,$schema|pattern,False,False,False,True,True,True,hotels,https://docs.mrscraper.com/docs/features/marketplace,https://github.com/monid-ai/monid/blob/c57aa3d4b2036f518cbc7d3879a097ac1c8af4ea/connectors/apollo/endpoints/organizations-enrich/endpoint.ts
mrscraper#trip/reviews,mrscraper,/trip/reviews,Trip.com Hotel Reviews,POST,https://sync.scraper.mrscraper.com/api/hotels/trip/review/sync,https://sync.scraper.mrscraper.com,bearer,Authorization,apiKey,apiKey,body,plain_http_request_candidate,False,False,False,False,False,True,False,True,PER_UNIT,,$schema|pattern,False,False,False,True,True,True,hotels,https://docs.mrscraper.com/docs/features/marketplace,https://github.com/monid-ai/monid/blob/c57aa3d4b2036f518cbc7d3879a097ac1c8af4ea/connectors/apollo/endpoints/organizations-enrich/endpoint.ts
mrscraper#tripadvisor/reviews,mrscraper,/tripadvisor/reviews,TripAdvisor Reviews,POST,https://tvlk.mrscraper.com/api/hotels/tripadv/review/sync,https://tvlk.mrscraper.com,bearer,Authorization,apiKey,apiKey,body,plain_http_request_candidate,False,False,False,False,False,True,False,True,PER_UNIT,,$schema|pattern,False,False,False,True,True,True,hotels,https://docs.mrscraper.com/docs/features/marketplace,https://github.com/monid-ai/monid/blob/c57aa3d4b2036f518cbc7d3879a097ac1c8af4ea/connectors/apollo/endpoints/organizations-enrich/endpoint.ts
mrscraper#walmart/product,mrscraper,/walmart/product,Walmart Product Details,POST,https://sync.scraper.mrscraper.com/api/walmart/pdp/sync,https://sync.scraper.mrscraper.com,bearer,Authorization,apiKey,apiKey,body,plain_http_request_candidate,False,False,False,False,False,True,False,True,PER_UNIT,,$schema|maxLength|minLength|pattern,False,False,False,True,True,True,walmart,https://docs.mrscraper.com/docs/features/marketplace,https://github.com/monid-ai/monid/blob/c57aa3d4b2036f518cbc7d3879a097ac1c8af4ea/connectors/apollo/endpoints/organizations-enrich/endpoint.ts
mrscraper#watsons/category,mrscraper,/watsons/category,Watsons Category Listings,POST,https://sync.scraper.mrscraper.com/api/watsons/category/sync,https://sync.scraper.mrscraper.com,bearer,Authorization,apiKey,apiKey,body,plain_http_request_candidate,False,False,False,False,False,True,False,True,PER_UNIT,,$schema|pattern,False,False,False,True,True,True,watsons,https://docs.mrscraper.com/docs/features/marketplace,https://github.com/monid-ai/monid/blob/c57aa3d4b2036f518cbc7d3879a097ac1c8af4ea/connectors/apollo/endpoints/organizations-enrich/endpoint.ts
mrscraper#youtube/comments,mrscraper,/youtube/comments,YouTube Video Comments,POST,https://sync.scraper.mrscraper.com/api/youtube/comments/sync,https://sync.scraper.mrscraper.com,bearer,Authorization,apiKey,apiKey,body,plain_http_request_candidate,False,False,False,False,False,True,False,True,PER_UNIT,,$schema|pattern,False,False,False,True,True,True,youtube,https://docs.mrscraper.com/docs/features/marketplace,https://github.com/monid-ai/monid/blob/c57aa3d4b2036f518cbc7d3879a097ac1c8af4ea/connectors/apollo/endpoints/organizations-enrich/endpoint.ts
mrscraper#youtube/video,mrscraper,/youtube/video,YouTube Video Media Info,POST,https://sync.scraper.mrscraper.com/api/video/youtube/sync,https://sync.scraper.mrscraper.com,bearer,Authorization,apiKey,apiKey,body,plain_http_request_candidate,False,False,False,False,False,True,False,True,PER_UNIT,,$schema|pattern,False,False,False,True,True,True,youtube,https://docs.mrscraper.com/docs/features/marketplace,https://github.com/monid-ai/monid/blob/c57aa3d4b2036f518cbc7d3879a097ac1c8af4ea/connectors/apollo/endpoints/organizations-enrich/endpoint.ts
mrscraper#zepto/product,mrscraper,/zepto/product,Zepto Product Details,POST,https://sync.scraper.mrscraper.com/api/zepto/pdp/sync,https://sync.scraper.mrscraper.com,bearer,Authorization,apiKey,apiKey,body,plain_http_request_candidate,False,False,False,False,False,True,False,True,PER_UNIT,,$schema|minLength|pattern,False,False,False,True,True,True,zepto,https://docs.mrscraper.com/docs/features/marketplace,https://github.com/monid-ai/monid/blob/c57aa3d4b2036f518cbc7d3879a097ac1c8af4ea/connectors/apollo/endpoints/organizations-enrich/endpoint.ts
octen#broad-search,octen,/broad-search,Octen Broad Search,POST,https://api.octen.ai/broad-search,https://api.octen.ai,header,x-api-key,apiKey,apiKey,body,plain_http_request_candidate,False,False,False,False,False,False,False,True,COMPOSITE,,$schema|format|maxItems|maxLength|maximum|minLength|minimum|pattern,False,False,False,True,True,True,web-search,https://docs.octen.ai/api-reference/broad-search,https://github.com/monid-ai/monid/blob/c57aa3d4b2036f518cbc7d3879a097ac1c8af4ea/connectors/octen/endpoints/broad-search/endpoint.ts
octen#embedding,octen,/embedding,Octen Embedding,POST,https://api.octen.ai/embedding,https://api.octen.ai,header,x-api-key,apiKey,apiKey,body,plain_http_request_candidate,False,False,False,False,False,False,False,True,COMPOSITE,,$schema|exclusiveMinimum|maximum|minItems,False,False,False,True,True,True,embeddings,https://docs.octen.ai/api-reference/embedding,https://github.com/monid-ai/monid/blob/c57aa3d4b2036f518cbc7d3879a097ac1c8af4ea/connectors/octen/endpoints/embedding/endpoint.ts
octen#extract,octen,/extract,Octen Extract,POST,https://api.octen.ai/extract,https://api.octen.ai,header,x-api-key,apiKey,apiKey,body,plain_http_request_candidate,False,False,False,False,False,False,False,True,PER_UNIT,,$schema|exclusiveMinimum|maxItems|maxLength|maximum|minItems,False,False,False,True,True,True,web-scraping,https://docs.octen.ai/api-reference/extract,https://github.com/monid-ai/monid/blob/c57aa3d4b2036f518cbc7d3879a097ac1c8af4ea/connectors/exa/endpoints/contents/endpoint.ts
octen#search,octen,/search,Octen Web Search,POST,https://api.octen.ai/search,https://api.octen.ai,header,x-api-key,apiKey,apiKey,body,plain_http_request_candidate,False,False,False,False,False,False,False,True,COMPOSITE,,$schema|format|maxItems|maxLength|maximum|minLength|minimum|pattern,False,False,False,True,True,True,web-search|news-search,https://docs.octen.ai/api-reference/search,https://github.com/monid-ai/monid/blob/c57aa3d4b2036f518cbc7d3879a097ac1c8af4ea/connectors/octen/endpoints/search/endpoint.ts
opoint#search,opoint,/search,Search News,POST,https://api.opoint.com/search/,https://api.opoint.com,header_with_token_prefix,Authorization,apiKey,apiKey,body,start_hook_adapter,True,True,False,False,False,True,False,False,PER_CALL,,$schema|maxItems|maxLength|maximum|minLength|minimum,False,False,False,True,True,True,news-search,https://api-docs.opoint.com/references/search-request,https://github.com/monid-ai/monid/blob/c57aa3d4b2036f518cbc7d3879a097ac1c8af4ea/connectors/opoint/provider.ts
opoint#search-advanced,opoint,/search-advanced,Search News with Filters,POST,https://api.opoint.com/search/,https://api.opoint.com,header_with_token_prefix,Authorization,apiKey,apiKey,body,start_hook_adapter,True,True,False,False,False,True,False,False,PER_CALL,,$schema|anyOf|maxItems|maxLength|maximum|minItems|minLength|minimum,False,False,False,True,True,True,news-search,https://api-docs.opoint.com/references/search-request,https://github.com/monid-ai/monid/blob/c57aa3d4b2036f518cbc7d3879a097ac1c8af4ea/connectors/opoint/provider.ts
opoint#search-by-ids,opoint,/search-by-ids,Fetch Articles by Id,POST,https://api.opoint.com/search/,https://api.opoint.com,header_with_token_prefix,Authorization,apiKey,apiKey,body,start_hook_adapter,True,True,False,False,False,True,False,False,PER_CALL,,$schema|maxItems|maxLength|maximum|minItems|minimum,False,False,False,True,True,True,news-search,https://api-docs.opoint.com/references/search-request,https://github.com/monid-ai/monid/blob/c57aa3d4b2036f518cbc7d3879a097ac1c8af4ea/connectors/opoint/provider.ts
opoint#search-headlines,opoint,/search-headlines,Search News Headlines,POST,https://api.opoint.com/search/,https://api.opoint.com,header_with_token_prefix,Authorization,apiKey,apiKey,body,start_hook_adapter,True,True,False,False,False,True,False,False,PER_CALL,,$schema|maxItems|maxLength|maximum|minLength|minimum,False,False,False,True,True,True,news-search,https://api-docs.opoint.com/references/search-request,https://github.com/monid-ai/monid/blob/c57aa3d4b2036f518cbc7d3879a097ac1c8af4ea/connectors/opoint/provider.ts
opoint#suggest,opoint,/suggest,Resolve Filter Ids,GET,https://suggest.api.opoint.com/suggest/en_GB_1/single/{limit}/{offsets}/0/1/nometa/{term},https://suggest.api.opoint.com,no_injection,,,apiKey,queryParams,start_hook_adapter,True,True,False,False,False,True,False,False,FREE,types,$schema|maxItems|maxLength|maximum|minItems|minLength|minimum,False,False,False,True,True,True,news-search,https://api-docs.opoint.com/references/suggestion-server,https://github.com/monid-ai/monid/blob/c57aa3d4b2036f518cbc7d3879a097ac1c8af4ea/connectors/opoint/provider.ts
orbit#v3/enrich/{profile_id},orbit,/v3/enrich/{profile_id},Enrich Person Profile,POST,https://api.orbitsearch.com/v3/enrich/{profile_id},https://api.orbitsearch.com,bearer,Authorization,apiKey,apiKey,body|pathParams,polling_lifecycle_adapter,False,True,True,False,False,False,True,True,PER_UNIT,,$schema|minLength,False,False,False,True,True,True,people-enrichment,https://docs.orbitsearch.com/api/enrich/enrich-profile,https://github.com/monid-ai/monid/blob/c57aa3d4b2036f518cbc7d3879a097ac1c8af4ea/connectors/orbit/endpoints/enrich/endpoint.ts
orbit#v3/enrich,orbit,/v3/enrich,Enrich Person Profiles (Batch),POST,https://api.orbitsearch.com/v3/enrich,https://api.orbitsearch.com,bearer,Authorization,apiKey,apiKey,body,polling_lifecycle_adapter,False,True,True,False,False,False,True,True,PER_UNIT,,$schema|maxItems|minItems|minLength,False,False,False,True,True,True,people-enrichment,https://docs.orbitsearch.com/api/enrich/batch-enrich,https://github.com/monid-ai/monid/blob/c57aa3d4b2036f518cbc7d3879a097ac1c8af4ea/connectors/orbit/endpoints/enrich-batch/endpoint.ts
orbit#v3/profile/{profile_id},orbit,/v3/profile/{profile_id},Read Person Profile,GET,https://api.orbitsearch.com/v3/enrich/{profile_id},https://api.orbitsearch.com,bearer,Authorization,apiKey,apiKey,pathParams,plain_http_request_candidate,False,False,False,False,False,False,True,True,PER_UNIT,,$schema|minLength,False,False,False,True,True,True,people-enrichment,https://docs.orbitsearch.com/api/enrich/read-profile,https://github.com/monid-ai/monid/blob/c57aa3d4b2036f518cbc7d3879a097ac1c8af4ea/connectors/orbit/endpoints/profile-read/endpoint.ts
orbit#v3/search,orbit,/v3/search,Orbit People Search,POST,https://api.orbitsearch.com/v3/search,https://api.orbitsearch.com,bearer,Authorization,apiKey,apiKey,body,polling_lifecycle_adapter,False,True,True,False,False,False,True,True,PER_UNIT,,$schema|anyOf|const|format|maximum|minItems|minLength|minimum|pattern,False,False,False,True,True,True,people-enrichment,https://docs.orbitsearch.com/api/search/search,https://github.com/monid-ai/monid/blob/c57aa3d4b2036f518cbc7d3879a097ac1c8af4ea/connectors/orbit/endpoints/search/endpoint.ts
pdl#v5/company/enrich,pdl,/v5/company/enrich,Enrich Company,GET,https://api.peopledatalabs.com/v5/company/enrich,https://api.peopledatalabs.com,header,X-Api-Key,apiKey,apiKey,queryParams,plain_http_request_candidate,False,False,False,False,False,False,False,False,PER_CALL,pdl_id|name|profile|ticker|website|location,$schema|maximum|minItems|minLength|minimum,False,True,False,True,True,True,company-enrichment,https://docs.peopledatalabs.com/docs/reference-company-enrichment-api,https://github.com/monid-ai/monid/blob/c57aa3d4b2036f518cbc7d3879a097ac1c8af4ea/connectors/pdl/provider.ts
pdl#v5/company/search,pdl,/v5/company/search,Find Companies,POST,https://api.peopledatalabs.com/v5/company/search,https://api.peopledatalabs.com,header,X-Api-Key,apiKey,apiKey,body,plain_http_request_candidate,False,False,False,False,False,False,False,False,PER_UNIT,,$schema|anyOf|maximum|minLength|minimum|propertyNames,False,True,True,True,True,True,company-enrichment,https://docs.peopledatalabs.com/docs/reference-company-search-api,https://github.com/monid-ai/monid/blob/c57aa3d4b2036f518cbc7d3879a097ac1c8af4ea/connectors/pdl/endpoints/company-search/endpoint.ts
pdl#v5/person/enrich,pdl,/v5/person/enrich,Enrich Person,GET,https://api.peopledatalabs.com/v5/person/enrich,https://api.peopledatalabs.com,header,X-Api-Key,apiKey,apiKey,queryParams,plain_http_request_candidate,False,False,False,False,False,False,False,False,PER_CALL,pdl_id|name|first_name|last_name|middle_name|location|postal_code|company|school|phone|email|email_hash|profile|lid|birth_date,$schema|maximum|minItems|minLength|minimum,False,True,False,True,True,True,people-enrichment,https://docs.peopledatalabs.com/docs/reference-person-enrichment-api,https://github.com/monid-ai/monid/blob/c57aa3d4b2036f518cbc7d3879a097ac1c8af4ea/connectors/pdl/provider.ts
pdl#v5/person/search,pdl,/v5/person/search,Find People,POST,https://api.peopledatalabs.com/v5/person/search,https://api.peopledatalabs.com,header,X-Api-Key,apiKey,apiKey,body,request_transform_adapter,True,False,False,False,False,False,False,False,PER_UNIT,,$schema|anyOf|maximum|minLength|minimum|propertyNames,False,False,False,True,True,True,people-enrichment,https://docs.peopledatalabs.com/docs/reference-person-search-api,https://github.com/monid-ai/monid/blob/c57aa3d4b2036f518cbc7d3879a097ac1c8af4ea/connectors/pdl/endpoints/company-search/endpoint.ts
ploid#v1/agent,ploid,/v1/agent,Run Research Agent,POST,https://api.ploid.com/v1/agent,https://api.ploid.com,bearer,Authorization,apiKey,apiKey,body,polling_lifecycle_adapter,True,True,True,False,False,False,False,True,PER_UNIT,,$schema|maxLength|maximum|minLength|minimum|propertyNames,False,False,False,True,False,False,agents,https://ploid.com/documentation/api/agent,https://github.com/monid-ai/monid/blob/c57aa3d4b2036f518cbc7d3879a097ac1c8af4ea/connectors/ploid/endpoints/agent/endpoint.ts
ploid#v1/enrich,ploid,/v1/enrich,Enrich Person Contacts,POST,https://api.ploid.com/v1/enrich,https://api.ploid.com,bearer,Authorization,apiKey,apiKey,body,plain_http_request_candidate,False,False,False,False,False,False,False,True,COMPOSITE,,$schema|format|maxItems|minItems|minLength,False,False,False,True,False,False,people-enrichment,https://ploid.com/documentation/api/enrichment,https://github.com/monid-ai/monid/blob/c57aa3d4b2036f518cbc7d3879a097ac1c8af4ea/connectors/ploid/endpoints/enrich/endpoint.ts
ploid#v1/linkedin/profiles/comments,ploid,/v1/linkedin/profiles/comments,List Profile Comments,GET,https://api.ploid.com/v1/linkedin/profiles/comments,https://api.ploid.com,bearer,Authorization,apiKey,apiKey,queryParams,plain_http_request_candidate,False,False,False,False,False,False,False,True,PER_CALL,,$schema|minLength,False,False,False,True,False,False,linkedin,https://ploid.com/documentation/api/social,https://github.com/monid-ai/monid/blob/c57aa3d4b2036f518cbc7d3879a097ac1c8af4ea/connectors/ploid/provider.ts
ploid#v1/linkedin/companies/get,ploid,/v1/linkedin/companies/get,Get Company Profile,GET,https://api.ploid.com/v1/linkedin/companies/get,https://api.ploid.com,bearer,Authorization,apiKey,apiKey,queryParams,plain_http_request_candidate,False,False,False,False,False,False,False,True,PER_CALL,,$schema|minLength,False,False,False,True,False,False,linkedin|company-enrichment,https://ploid.com/documentation/api/social,https://github.com/monid-ai/monid/blob/c57aa3d4b2036f518cbc7d3879a097ac1c8af4ea/connectors/ploid/provider.ts
ploid#v1/linkedin/companies/posts,ploid,/v1/linkedin/companies/posts,List Company Posts,GET,https://api.ploid.com/v1/linkedin/companies/posts,https://api.ploid.com,bearer,Authorization,apiKey,apiKey,queryParams,plain_http_request_candidate,False,False,False,False,False,False,False,True,PER_CALL,,$schema|minLength,False,False,False,True,False,False,linkedin|company-enrichment,https://ploid.com/documentation/api/social,https://github.com/monid-ai/monid/blob/c57aa3d4b2036f518cbc7d3879a097ac1c8af4ea/connectors/ploid/provider.ts
ploid#v1/linkedin/posts,ploid,/v1/linkedin/posts,List Profile Posts,GET,https://api.ploid.com/v1/linkedin/posts,https://api.ploid.com,bearer,Authorization,apiKey,apiKey,queryParams,plain_http_request_candidate,False,False,False,False,False,False,False,True,PER_CALL,,$schema|maximum|minLength|minimum,False,False,False,True,False,False,linkedin,https://ploid.com/documentation/api/social,https://github.com/monid-ai/monid/blob/c57aa3d4b2036f518cbc7d3879a097ac1c8af4ea/connectors/ploid/provider.ts
ploid#v1/linkedin/profile,ploid,/v1/linkedin/profile,Fetch Public Profile,GET,https://api.ploid.com/v1/linkedin/profile,https://api.ploid.com,bearer,Authorization,apiKey,apiKey,queryParams,plain_http_request_candidate,False,False,False,False,False,False,False,True,PER_CALL,,$schema|minLength,False,False,False,True,False,False,linkedin,https://ploid.com/documentation/api/social,https://github.com/monid-ai/monid/blob/c57aa3d4b2036f518cbc7d3879a097ac1c8af4ea/connectors/ploid/provider.ts
ploid#v1/linkedin/search,ploid,/v1/linkedin/search,Search Professionals,POST,https://api.ploid.com/v1/linkedin/search,https://api.ploid.com,bearer,Authorization,apiKey,apiKey,body,plain_http_request_candidate,False,False,False,False,False,False,False,True,PER_UNIT,,$schema|anyOf|maxLength|maximum|minLength|minimum,False,False,False,True,False,False,linkedin,https://ploid.com/documentation/api/social,https://github.com/monid-ai/monid/blob/c57aa3d4b2036f518cbc7d3879a097ac1c8af4ea/connectors/clay/endpoints/query-mode-run/endpoint.ts
ploid#v1/search,ploid,/v1/search,Search People,POST,https://api.ploid.com/v1/search,https://api.ploid.com,bearer,Authorization,apiKey,apiKey,body,plain_http_request_candidate,False,False,False,False,False,False,False,True,PER_UNIT,,$schema|maxLength|maximum|minLength|minimum,False,False,False,True,False,False,people-enrichment,https://ploid.com/documentation/api/search,https://github.com/monid-ai/monid/blob/c57aa3d4b2036f518cbc7d3879a097ac1c8af4ea/connectors/ploid/endpoints/search/endpoint.ts
ploid#v1/socials,ploid,/v1/socials,Enrich Social Profile,POST,https://api.ploid.com/v1/socials,https://api.ploid.com,bearer,Authorization,apiKey,apiKey,body,plain_http_request_candidate,False,False,False,False,False,False,False,True,PER_CALL,,$schema|maxLength|minLength,False,False,False,True,False,False,people-enrichment,https://ploid.com/documentation/api/social,https://github.com/monid-ai/monid/blob/c57aa3d4b2036f518cbc7d3879a097ac1c8af4ea/connectors/ploid/provider.ts
saperly#call-recordings,saperly,/call-recordings,Get Call Recording,GET,https://api.saperly.com/calls/{id}/recording,https://api.saperly.com,bearer,Authorization,apiKey,apiKey,body,resource_ownership_adapter,True,True,False,False,True,True,True,False,FREE,,$schema|minLength,False,False,False,True,False,False,agentic-phone,https://saperly.com/docs/guides/voice,https://github.com/monid-ai/monid/blob/c57aa3d4b2036f518cbc7d3879a097ac1c8af4ea/connectors/saperly/provider.ts
saperly#call-transcripts,saperly,/call-transcripts,Get Call Transcript,GET,https://api.saperly.com/calls/{id}/transcript,https://api.saperly.com,bearer,Authorization,apiKey,apiKey,body,resource_ownership_adapter,True,True,False,False,True,True,True,False,FREE,,$schema|minLength,False,False,False,True,False,False,agentic-phone,https://saperly.com/docs/guides/voice,https://github.com/monid-ai/monid/blob/c57aa3d4b2036f518cbc7d3879a097ac1c8af4ea/connectors/saperly/provider.ts
saperly#get-calls,saperly,/get-calls,Get Call,GET,https://api.saperly.com/calls/{id},https://api.saperly.com,bearer,Authorization,apiKey,apiKey,body,resource_ownership_adapter,True,True,False,False,True,True,True,False,FREE,,$schema|minLength,False,False,False,True,False,False,agentic-phone,https://saperly.com/docs/guides/voice,https://github.com/monid-ai/monid/blob/c57aa3d4b2036f518cbc7d3879a097ac1c8af4ea/connectors/saperly/provider.ts
saperly#get-numbers,saperly,/get-numbers,Get Phone Number,GET,https://api.saperly.com/numbers/{id},https://api.saperly.com,bearer,Authorization,apiKey,apiKey,body,resource_ownership_adapter,True,True,False,False,True,True,True,False,FREE,,$schema|minLength,False,False,False,True,False,False,agentic-phone,https://saperly.com/docs/guides/connections,https://github.com/monid-ai/monid/blob/c57aa3d4b2036f518cbc7d3879a097ac1c8af4ea/connectors/saperly/provider.ts
saperly#inbound-calls,saperly,/inbound-calls,Inbound Call Answered,GET,https://api.saperly.com/calls/{id},https://api.saperly.com,bearer,Authorization,apiKey,apiKey,body,polling_lifecycle_adapter,True,True,True,True,False,True,True,True,PER_UNIT,,$schema|minLength,False,False,False,True,False,False,agentic-phone,https://saperly.com/docs/guides/voice,https://github.com/monid-ai/monid/blob/c57aa3d4b2036f518cbc7d3879a097ac1c8af4ea/connectors/saperly/endpoints/inbound-calls/endpoint.ts
saperly#inbound-messages,saperly,/inbound-messages,Inbound SMS Received,GET,https://api.saperly.com/messages,https://api.saperly.com,bearer,Authorization,apiKey,apiKey,body,start_hook_adapter,False,True,False,False,False,True,True,False,PER_CALL,,$schema,False,False,False,True,False,False,sms,https://saperly.com/docs/guides/messaging,https://github.com/monid-ai/monid/blob/c57aa3d4b2036f518cbc7d3879a097ac1c8af4ea/connectors/saperly/provider.ts
saperly#list-calls,saperly,/list-calls,List Calls,GET,https://api.saperly.com/calls,https://api.saperly.com,bearer,Authorization,apiKey,apiKey,queryParams,resource_ownership_adapter,False,True,False,False,True,True,True,False,FREE,,$schema|minLength,False,False,False,True,True,True,agentic-phone,https://saperly.com/docs/guides/voice,https://github.com/monid-ai/monid/blob/c57aa3d4b2036f518cbc7d3879a097ac1c8af4ea/connectors/saperly/provider.ts
saperly#list-languages,saperly,/list-languages,List Languages,GET,https://api.saperly.com/languages,https://api.saperly.com,bearer,Authorization,apiKey,apiKey,,plain_http_request_candidate,False,False,False,False,False,True,True,False,FREE,,,False,False,False,True,True,True,agentic-phone,https://saperly.com/docs/api-reference,https://github.com/monid-ai/monid/blob/c57aa3d4b2036f518cbc7d3879a097ac1c8af4ea/connectors/saperly/provider.ts
saperly#list-messages,saperly,/list-messages,List SMS Messages,GET,https://api.saperly.com/messages,https://api.saperly.com,bearer,Authorization,apiKey,apiKey,queryParams,resource_ownership_adapter,False,False,False,False,True,True,True,False,FREE,,$schema|minLength,False,False,False,True,True,True,sms,https://saperly.com/docs/guides/messaging,https://github.com/monid-ai/monid/blob/c57aa3d4b2036f518cbc7d3879a097ac1c8af4ea/connectors/saperly/provider.ts
saperly#list-numbers,saperly,/list-numbers,List Your Phone Numbers,GET,https://api.saperly.com/numbers,https://api.saperly.com,bearer,Authorization,apiKey,apiKey,,resource_ownership_adapter,False,True,False,False,True,True,True,False,FREE,,,False,False,False,True,True,True,agentic-phone,https://saperly.com/docs/guides/numbers,https://github.com/monid-ai/monid/blob/c57aa3d4b2036f518cbc7d3879a097ac1c8af4ea/connectors/saperly/provider.ts
saperly#list-voices,saperly,/list-voices,List Voices,GET,https://api.saperly.com/voices,https://api.saperly.com,bearer,Authorization,apiKey,apiKey,queryParams,plain_http_request_candidate,False,False,False,False,False,True,True,False,FREE,,$schema|maxLength|minLength,False,False,False,True,True,True,agentic-phone,https://saperly.com/docs/api-reference,https://github.com/monid-ai/monid/blob/c57aa3d4b2036f518cbc7d3879a097ac1c8af4ea/connectors/saperly/provider.ts
saperly#place-calls,saperly,/place-calls,Place Outbound Call,POST,https://api.saperly.com/calls,https://api.saperly.com,bearer,Authorization,apiKey,apiKey,body,resource_ownership_adapter,False,True,True,True,True,True,True,True,PER_UNIT,,$schema|maxLength|minLength|pattern,False,False,False,True,True,True,agentic-phone,https://saperly.com/docs/guides/voice,https://github.com/monid-ai/monid/blob/c57aa3d4b2036f518cbc7d3879a097ac1c8af4ea/connectors/saperly/endpoints/inbound-calls/endpoint.ts
saperly#provision-numbers,saperly,/provision-numbers,Provision Phone Number,POST,https://api.saperly.com/numbers,https://api.saperly.com,bearer,Authorization,apiKey,apiKey,body,resource_ownership_adapter,False,True,False,False,True,True,True,True,PER_CALL,,$schema|anyOf|const|maxLength|minLength|pattern,False,False,False,True,True,True,agentic-phone,https://saperly.com/docs/guides/numbers,https://github.com/monid-ai/monid/blob/c57aa3d4b2036f518cbc7d3879a097ac1c8af4ea/connectors/saperly/provider.ts
saperly#release-numbers,saperly,/release-numbers,Release Phone Number,POST,https://api.saperly.com/numbers/{id}/release,https://api.saperly.com,bearer,Authorization,apiKey,apiKey,body,resource_ownership_adapter,True,True,False,False,True,True,True,False,FREE,,$schema|minLength,False,False,False,True,False,False,agentic-phone,https://saperly.com/docs/guides/numbers,https://github.com/monid-ai/monid/blob/c57aa3d4b2036f518cbc7d3879a097ac1c8af4ea/connectors/saperly/provider.ts
saperly#send-messages,saperly,/send-messages,Send SMS Message,POST,https://api.saperly.com/messages,https://api.saperly.com,bearer,Authorization,apiKey,apiKey,body,resource_ownership_adapter,False,False,False,False,True,True,True,False,PER_CALL,,$schema|maxLength|minLength|pattern,False,False,False,True,True,True,sms,https://saperly.com/docs/guides/messaging,https://github.com/monid-ai/monid/blob/c57aa3d4b2036f518cbc7d3879a097ac1c8af4ea/connectors/saperly/provider.ts
saperly#sync-numbers,saperly,/sync-numbers,Sync Phone Number,GET,https://api.saperly.com/numbers/{id},https://api.saperly.com,bearer,Authorization,apiKey,apiKey,body,resource_ownership_adapter,True,False,False,False,True,True,True,False,FREE,,$schema|minLength,False,False,False,True,False,False,agentic-phone,https://saperly.com/docs/guides/numbers,https://github.com/monid-ai/monid/blob/c57aa3d4b2036f518cbc7d3879a097ac1c8af4ea/connectors/saperly/provider.ts
saperly#update-numbers,saperly,/update-numbers,Update Phone Number,POST,https://api.saperly.com/numbers/{id}/connection,https://api.saperly.com,bearer,Authorization,apiKey,apiKey,body,resource_ownership_adapter,True,True,False,False,True,True,True,False,FREE,,$schema|anyOf|maxLength|minLength,False,False,False,True,False,False,agentic-phone,https://saperly.com/docs/guides/connections,https://github.com/monid-ai/monid/blob/c57aa3d4b2036f518cbc7d3879a097ac1c8af4ea/connectors/saperly/provider.ts
search1api#crawl,search1api,/crawl,Search1API Page Crawl,POST,https://api.search1api.com/crawl,https://api.search1api.com,bearer,Authorization,apiKey,apiKey,body,plain_http_request_candidate,False,False,False,False,False,False,True,False,PER_CALL,,$schema|minLength,False,False,False,True,True,True,web-extraction,https://s1.dev/docs/basic/crawl,https://github.com/monid-ai/monid/blob/c57aa3d4b2036f518cbc7d3879a097ac1c8af4ea/connectors/search1api/provider.ts
search1api#news,search1api,/news,Search1API News,POST,https://api.search1api.com/news,https://api.search1api.com,bearer,Authorization,apiKey,apiKey,body,plain_http_request_candidate,False,False,False,False,False,False,True,False,COMPOSITE,,$schema|maximum|minLength|minimum,False,False,False,True,True,True,news-search,https://s1.dev/docs/basic/news,https://github.com/monid-ai/monid/blob/c57aa3d4b2036f518cbc7d3879a097ac1c8af4ea/connectors/search1api/endpoints/news/endpoint.ts
search1api#search,search1api,/search,Search1API Web Search,POST,https://api.search1api.com/search,https://api.search1api.com,bearer,Authorization,apiKey,apiKey,body,plain_http_request_candidate,False,False,False,False,False,False,True,False,COMPOSITE,,$schema|maximum|minLength|minimum,False,False,False,True,True,True,web-search,https://s1.dev/docs/basic/search,https://github.com/monid-ai/monid/blob/c57aa3d4b2036f518cbc7d3879a097ac1c8af4ea/connectors/search1api/endpoints/news/endpoint.ts
search1api#sitemap,search1api,/sitemap,Search1API Sitemap,POST,https://api.search1api.com/sitemap,https://api.search1api.com,bearer,Authorization,apiKey,apiKey,body,plain_http_request_candidate,False,False,False,False,False,False,True,False,PER_UNIT,,$schema|minLength,False,False,False,True,True,True,web-scraping,https://s1.dev/docs/advanced/sitemap,https://github.com/monid-ai/monid/blob/c57aa3d4b2036f518cbc7d3879a097ac1c8af4ea/connectors/apollo/endpoints/organizations-enrich/endpoint.ts
search1api#trending,search1api,/trending,Search1API Trending,POST,https://api.search1api.com/trending,https://api.search1api.com,bearer,Authorization,apiKey,apiKey,body,plain_http_request_candidate,False,False,False,False,False,False,True,False,PER_UNIT,,$schema|maximum|minimum,False,False,False,True,True,True,web-search,https://s1.dev/docs/advanced/trending,https://github.com/monid-ai/monid/blob/c57aa3d4b2036f518cbc7d3879a097ac1c8af4ea/connectors/apollo/endpoints/organizations-enrich/endpoint.ts
surf#dex/token/price,surf,/dex/token/price,DEX Token OHLCV Price,GET,https://api.asksurf.ai/gateway/v1/dex/token/price,https://api.asksurf.ai,bearer,Authorization,apiKey,apiKey,queryParams,plain_http_request_candidate,False,False,False,False,False,False,True,False,PER_CALL,,$schema|minLength,False,False,False,True,True,True,token-prices,https://docs.asksurf.ai/data-api/dex/token-price,https://github.com/monid-ai/monid/blob/c57aa3d4b2036f518cbc7d3879a097ac1c8af4ea/connectors/surf/provider.ts
surf#exchange/candles,surf,/exchange/candles,Exchange Historical Candles,GET,https://api.asksurf.ai/gateway/v1/exchange/candles,https://api.asksurf.ai,bearer,Authorization,apiKey,apiKey,queryParams,plain_http_request_candidate,False,False,False,False,False,False,True,False,PER_CALL,,$schema|maximum|minLength|minimum,False,False,False,True,True,True,token-prices,https://docs.asksurf.ai/data-api/exchange/candles,https://github.com/monid-ai/monid/blob/c57aa3d4b2036f518cbc7d3879a097ac1c8af4ea/connectors/surf/provider.ts
surf#exchange/coverage,surf,/exchange/coverage,Exchange Market Coverage,GET,https://api.asksurf.ai/gateway/v1/exchange/coverage,https://api.asksurf.ai,bearer,Authorization,apiKey,apiKey,queryParams,plain_http_request_candidate,False,False,False,False,False,False,True,False,PER_CALL,,$schema|maximum|minLength|minimum,False,False,False,True,True,True,token-prices,https://docs.asksurf.ai/data-api/exchange/coverage,https://github.com/monid-ai/monid/blob/c57aa3d4b2036f518cbc7d3879a097ac1c8af4ea/connectors/surf/provider.ts
surf#exchange/depth,surf,/exchange/depth,Exchange Order Book Depth,GET,https://api.asksurf.ai/gateway/v1/exchange/depth,https://api.asksurf.ai,bearer,Authorization,apiKey,apiKey,queryParams,plain_http_request_candidate,False,False,False,False,False,False,True,False,PER_CALL,,$schema|maximum|minLength|minimum,False,False,False,True,True,True,token-prices,https://docs.asksurf.ai/data-api/exchange/depth,https://github.com/monid-ai/monid/blob/c57aa3d4b2036f518cbc7d3879a097ac1c8af4ea/connectors/surf/provider.ts
surf#exchange/funding-history,surf,/exchange/funding-history,Exchange Funding Rate History,GET,https://api.asksurf.ai/gateway/v1/exchange/funding-history,https://api.asksurf.ai,bearer,Authorization,apiKey,apiKey,queryParams,plain_http_request_candidate,False,False,False,False,False,False,True,False,PER_CALL,,$schema|maximum|minLength|minimum,False,False,False,True,True,True,derivatives,https://docs.asksurf.ai/data-api/exchange/funding-history,https://github.com/monid-ai/monid/blob/c57aa3d4b2036f518cbc7d3879a097ac1c8af4ea/connectors/surf/provider.ts
surf#exchange/klines,surf,/exchange/klines,Exchange OHLCV Candlesticks,GET,https://api.asksurf.ai/gateway/v1/exchange/klines,https://api.asksurf.ai,bearer,Authorization,apiKey,apiKey,queryParams,plain_http_request_candidate,False,False,False,False,False,False,True,False,PER_CALL,,$schema|maximum|minLength|minimum,False,False,False,True,True,True,token-prices,https://docs.asksurf.ai/data-api/exchange/klines,https://github.com/monid-ai/monid/blob/c57aa3d4b2036f518cbc7d3879a097ac1c8af4ea/connectors/surf/provider.ts
surf#exchange/long-short-ratio,surf,/exchange/long-short-ratio,Exchange Long/Short Ratio History,GET,https://api.asksurf.ai/gateway/v1/exchange/long-short-ratio,https://api.asksurf.ai,bearer,Authorization,apiKey,apiKey,queryParams,plain_http_request_candidate,False,False,False,False,False,False,True,False,PER_CALL,,$schema|maximum|minLength|minimum,False,False,False,True,True,True,derivatives,https://docs.asksurf.ai/data-api/exchange/long-short-ratio,https://github.com/monid-ai/monid/blob/c57aa3d4b2036f518cbc7d3879a097ac1c8af4ea/connectors/surf/provider.ts
surf#exchange/markets,surf,/exchange/markets,Exchange Trading Pairs,GET,https://api.asksurf.ai/gateway/v1/exchange/markets,https://api.asksurf.ai,bearer,Authorization,apiKey,apiKey,queryParams,plain_http_request_candidate,False,False,False,False,False,False,True,False,PER_CALL,,$schema|maximum|minLength|minimum,False,False,False,True,True,True,token-prices,https://docs.asksurf.ai/data-api/exchange/markets,https://github.com/monid-ai/monid/blob/c57aa3d4b2036f518cbc7d3879a097ac1c8af4ea/connectors/surf/provider.ts
surf#exchange/perp,surf,/exchange/perp,Exchange Perpetual Contract Snapshot,GET,https://api.asksurf.ai/gateway/v1/exchange/perp,https://api.asksurf.ai,bearer,Authorization,apiKey,apiKey,queryParams,plain_http_request_candidate,False,False,False,False,False,False,True,False,PER_CALL,,$schema|minLength,False,False,False,True,True,True,derivatives,https://docs.asksurf.ai/data-api/exchange/perp,https://github.com/monid-ai/monid/blob/c57aa3d4b2036f518cbc7d3879a097ac1c8af4ea/connectors/surf/provider.ts
surf#exchange/price,surf,/exchange/price,Exchange Ticker Price,GET,https://api.asksurf.ai/gateway/v1/exchange/price,https://api.asksurf.ai,bearer,Authorization,apiKey,apiKey,queryParams,plain_http_request_candidate,False,False,False,False,False,False,True,False,PER_CALL,,$schema|minLength,False,False,False,True,True,True,token-prices,https://docs.asksurf.ai/data-api/exchange/price,https://github.com/monid-ai/monid/blob/c57aa3d4b2036f518cbc7d3879a097ac1c8af4ea/connectors/surf/provider.ts
surf#fund/detail,surf,/fund/detail,Fund Profile Detail,GET,https://api.asksurf.ai/gateway/v1/fund/detail,https://api.asksurf.ai,bearer,Authorization,apiKey,apiKey,queryParams,plain_http_request_candidate,False,False,False,False,False,False,True,False,PER_CALL,,$schema|anyOf|minLength,False,False,False,True,True,True,company-enrichment|funding-data,https://docs.asksurf.ai/data-api/fund/detail,https://github.com/monid-ai/monid/blob/c57aa3d4b2036f518cbc7d3879a097ac1c8af4ea/connectors/surf/provider.ts
surf#fund/portfolio,surf,/fund/portfolio,Fund Portfolio,GET,https://api.asksurf.ai/gateway/v1/fund/portfolio,https://api.asksurf.ai,bearer,Authorization,apiKey,apiKey,queryParams,plain_http_request_candidate,False,False,False,False,False,False,True,False,PER_CALL,,$schema|anyOf|maximum|minLength|minimum,False,False,False,True,True,True,company-enrichment|funding-data,https://docs.asksurf.ai/data-api/fund/portfolio,https://github.com/monid-ai/monid/blob/c57aa3d4b2036f518cbc7d3879a097ac1c8af4ea/connectors/surf/provider.ts
surf#fund/ranking,surf,/fund/ranking,Fund Ranking,GET,https://api.asksurf.ai/gateway/v1/fund/ranking,https://api.asksurf.ai,bearer,Authorization,apiKey,apiKey,queryParams,plain_http_request_candidate,False,False,False,False,False,False,True,False,PER_CALL,,$schema|maximum|minimum,False,False,False,True,True,True,company-enrichment|funding-data,https://docs.asksurf.ai/data-api/fund/ranking,https://github.com/monid-ai/monid/blob/c57aa3d4b2036f518cbc7d3879a097ac1c8af4ea/connectors/surf/provider.ts
surf#heatscore/detail,surf,/heatscore/detail,Signal Detail,GET,https://api.asksurf.ai/gateway/v1/heatscore/detail,https://api.asksurf.ai,bearer,Authorization,apiKey,apiKey,queryParams,plain_http_request_candidate,False,False,False,False,False,False,True,False,PER_CALL,,$schema|anyOf|minLength,False,False,False,True,True,True,crypto-signals,https://docs.asksurf.ai/data-api/signal/detail,https://github.com/monid-ai/monid/blob/c57aa3d4b2036f518cbc7d3879a097ac1c8af4ea/connectors/surf/provider.ts
surf#heatscore/projects,surf,/heatscore/projects,Signal Projects,GET,https://api.asksurf.ai/gateway/v1/heatscore/projects,https://api.asksurf.ai,bearer,Authorization,apiKey,apiKey,queryParams,plain_http_request_candidate,False,False,False,False,False,False,True,False,PER_CALL,,$schema|maximum|minimum,False,False,False,True,True,True,crypto-signals,https://docs.asksurf.ai/data-api/signal/projects,https://github.com/monid-ai/monid/blob/c57aa3d4b2036f518cbc7d3879a097ac1c8af4ea/connectors/surf/provider.ts
surf#heatscore/token-of-the-day,surf,/heatscore/token-of-the-day,Signal Token Of The Day,GET,https://api.asksurf.ai/gateway/v1/heatscore/token-of-the-day,https://api.asksurf.ai,bearer,Authorization,apiKey,apiKey,queryParams,plain_http_request_candidate,False,False,False,False,False,False,True,False,PER_CALL,,$schema|maximum|minimum,False,False,False,True,True,True,crypto-signals,https://docs.asksurf.ai/data-api/signal/token-of-the-day,https://github.com/monid-ai/monid/blob/c57aa3d4b2036f518cbc7d3879a097ac1c8af4ea/connectors/surf/provider.ts
surf#heatscore/token-of-week,surf,/heatscore/token-of-week,Signal Token Of The Week,GET,https://api.asksurf.ai/gateway/v1/heatscore/token-of-week,https://api.asksurf.ai,bearer,Authorization,apiKey,apiKey,queryParams,plain_http_request_candidate,False,False,False,False,False,False,True,False,PER_CALL,,$schema|maximum|minimum,False,False,False,True,True,True,crypto-signals,https://docs.asksurf.ai/data-api/signal/token-of-week,https://github.com/monid-ai/monid/blob/c57aa3d4b2036f518cbc7d3879a097ac1c8af4ea/connectors/surf/provider.ts
surf#hyperliquid/account,surf,/hyperliquid/account,Account Portfolio,GET,https://api.asksurf.ai/gateway/v1/hyperliquid/account,https://api.asksurf.ai,bearer,Authorization,apiKey,apiKey,queryParams,plain_http_request_candidate,False,False,False,False,False,False,True,False,PER_CALL,,$schema|minLength,False,False,False,True,True,True,derivatives,https://docs.asksurf.ai/data-api/hyperliquid/account,https://github.com/monid-ai/monid/blob/c57aa3d4b2036f518cbc7d3879a097ac1c8af4ea/connectors/surf/provider.ts
surf#hyperliquid/candles,surf,/hyperliquid/candles,Market Candles,GET,https://api.asksurf.ai/gateway/v1/hyperliquid/candles,https://api.asksurf.ai,bearer,Authorization,apiKey,apiKey,queryParams,plain_http_request_candidate,False,False,False,False,False,False,True,False,PER_CALL,,$schema|minLength,False,False,False,True,True,True,derivatives,https://docs.asksurf.ai,https://github.com/monid-ai/monid/blob/c57aa3d4b2036f518cbc7d3879a097ac1c8af4ea/connectors/surf/provider.ts
surf#hyperliquid/fills,surf,/hyperliquid/fills,Fills,GET,https://api.asksurf.ai/gateway/v1/hyperliquid/fills,https://api.asksurf.ai,bearer,Authorization,apiKey,apiKey,queryParams,plain_http_request_candidate,False,False,False,False,False,False,True,False,PER_CALL,,$schema|maximum|minLength|minimum,False,False,False,True,True,True,derivatives,https://docs.asksurf.ai/data-api/hyperliquid/fills,https://github.com/monid-ai/monid/blob/c57aa3d4b2036f518cbc7d3879a097ac1c8af4ea/connectors/surf/provider.ts
surf#hyperliquid/leaderboard,surf,/hyperliquid/leaderboard,Trader Leaderboard,GET,https://api.asksurf.ai/gateway/v1/hyperliquid/leaderboard,https://api.asksurf.ai,bearer,Authorization,apiKey,apiKey,queryParams,plain_http_request_candidate,False,False,False,False,False,False,True,False,PER_CALL,,$schema|maximum|minimum,False,False,False,True,True,True,derivatives,https://docs.asksurf.ai/data-api/hyperliquid/leaderboard,https://github.com/monid-ai/monid/blob/c57aa3d4b2036f518cbc7d3879a097ac1c8af4ea/connectors/surf/provider.ts
surf#hyperliquid/orders,surf,/hyperliquid/orders,Open & Recent Orders,GET,https://api.asksurf.ai/gateway/v1/hyperliquid/orders,https://api.asksurf.ai,bearer,Authorization,apiKey,apiKey,queryParams,plain_http_request_candidate,False,False,False,False,False,False,True,False,PER_CALL,,$schema|maximum|minLength|minimum,False,False,False,True,True,True,derivatives,https://docs.asksurf.ai/data-api/hyperliquid/orders,https://github.com/monid-ai/monid/blob/c57aa3d4b2036f518cbc7d3879a097ac1c8af4ea/connectors/surf/provider.ts
surf#hyperliquid/performance,surf,/hyperliquid/performance,Trading Performance,GET,https://api.asksurf.ai/gateway/v1/hyperliquid/performance,https://api.asksurf.ai,bearer,Authorization,apiKey,apiKey,queryParams,plain_http_request_candidate,False,False,False,False,False,False,True,False,PER_CALL,,$schema|minLength,False,False,False,True,True,True,derivatives,https://docs.asksurf.ai/data-api/hyperliquid/performance,https://github.com/monid-ai/monid/blob/c57aa3d4b2036f518cbc7d3879a097ac1c8af4ea/connectors/surf/provider.ts
surf#hyperliquid/positions,surf,/hyperliquid/positions,Open Positions,GET,https://api.asksurf.ai/gateway/v1/hyperliquid/positions,https://api.asksurf.ai,bearer,Authorization,apiKey,apiKey,queryParams,plain_http_request_candidate,False,False,False,False,False,False,True,False,PER_CALL,,$schema|minLength,False,False,False,True,True,True,derivatives,https://docs.asksurf.ai/data-api/hyperliquid/positions,https://github.com/monid-ai/monid/blob/c57aa3d4b2036f518cbc7d3879a097ac1c8af4ea/connectors/surf/provider.ts
surf#hyperliquid/trades,surf,/hyperliquid/trades,Closed Trades,GET,https://api.asksurf.ai/gateway/v1/hyperliquid/trades,https://api.asksurf.ai,bearer,Authorization,apiKey,apiKey,queryParams,plain_http_request_candidate,False,False,False,False,False,False,True,False,PER_CALL,,$schema|maximum|minLength|minimum,False,False,False,True,True,True,derivatives,https://docs.asksurf.ai/data-api/hyperliquid/trades,https://github.com/monid-ai/monid/blob/c57aa3d4b2036f518cbc7d3879a097ac1c8af4ea/connectors/surf/provider.ts
surf#hyperliquid/trades/aggregate,surf,/hyperliquid/trades/aggregate,Closed Trades Aggregate,GET,https://api.asksurf.ai/gateway/v1/hyperliquid/trades/aggregate,https://api.asksurf.ai,bearer,Authorization,apiKey,apiKey,queryParams,plain_http_request_candidate,False,False,False,False,False,False,True,False,PER_CALL,,$schema|minLength,False,False,False,True,True,True,derivatives,https://docs.asksurf.ai/data-api/hyperliquid/trades-aggregate,https://github.com/monid-ai/monid/blob/c57aa3d4b2036f518cbc7d3879a097ac1c8af4ea/connectors/surf/provider.ts
surf#hyperliquid/trades/context,surf,/hyperliquid/trades/context,Closed Trade Funding and Leverage,GET,https://api.asksurf.ai/gateway/v1/hyperliquid/trades/context,https://api.asksurf.ai,bearer,Authorization,apiKey,apiKey,queryParams,plain_http_request_candidate,False,False,False,False,False,False,True,False,PER_CALL,,$schema|maximum|minLength|minimum,False,False,False,True,True,True,derivatives,https://docs.asksurf.ai,https://github.com/monid-ai/monid/blob/c57aa3d4b2036f518cbc7d3879a097ac1c8af4ea/connectors/surf/provider.ts
surf#market/etf,surf,/market/etf,ETF Flow History,GET,https://api.asksurf.ai/gateway/v1/market/etf,https://api.asksurf.ai,bearer,Authorization,apiKey,apiKey,queryParams,plain_http_request_candidate,False,False,False,False,False,False,True,False,PER_CALL,,$schema|minLength,False,False,False,True,True,True,token-prices,https://docs.asksurf.ai/data-api/market/etf,https://github.com/monid-ai/monid/blob/c57aa3d4b2036f518cbc7d3879a097ac1c8af4ea/connectors/surf/provider.ts
surf#market/exchange-flow/exchanges,surf,/market/exchange-flow/exchanges,Exchange Flow Exchanges,GET,https://api.asksurf.ai/gateway/v1/market/exchange-flow/exchanges,https://api.asksurf.ai,bearer,Authorization,apiKey,apiKey,queryParams,plain_http_request_candidate,False,False,False,False,False,False,True,False,PER_CALL,,$schema|maximum|minimum,False,False,False,True,True,True,token-prices,https://docs.asksurf.ai/data-api/market/exchange-flow-exchanges,https://github.com/monid-ai/monid/blob/c57aa3d4b2036f518cbc7d3879a097ac1c8af4ea/connectors/surf/provider.ts
surf#market/fear-greed,surf,/market/fear-greed,Fear & Greed Index History,GET,https://api.asksurf.ai/gateway/v1/market/fear-greed,https://api.asksurf.ai,bearer,Authorization,apiKey,apiKey,queryParams,plain_http_request_candidate,False,False,False,False,False,False,True,False,PER_CALL,,$schema|minLength,False,False,False,True,True,True,crypto-signals,https://docs.asksurf.ai/data-api/market/fear-greed,https://github.com/monid-ai/monid/blob/c57aa3d4b2036f518cbc7d3879a097ac1c8af4ea/connectors/surf/provider.ts
surf#market/futures,surf,/market/futures,Futures Market Overview,GET,https://api.asksurf.ai/gateway/v1/market/futures,https://api.asksurf.ai,bearer,Authorization,apiKey,apiKey,queryParams,plain_http_request_candidate,False,False,False,False,False,False,True,False,PER_CALL,,$schema,False,False,False,True,True,True,derivatives,https://docs.asksurf.ai/data-api/market/futures,https://github.com/monid-ai/monid/blob/c57aa3d4b2036f518cbc7d3879a097ac1c8af4ea/connectors/surf/provider.ts
surf#market/liquidation/chart,surf,/market/liquidation/chart,Liquidation Chart,GET,https://api.asksurf.ai/gateway/v1/market/liquidation/chart,https://api.asksurf.ai,bearer,Authorization,apiKey,apiKey,queryParams,plain_http_request_candidate,False,False,False,False,False,False,True,False,PER_CALL,,$schema|maximum|minLength|minimum,False,False,False,True,True,True,derivatives,https://docs.asksurf.ai/data-api/market/liquidation-chart,https://github.com/monid-ai/monid/blob/c57aa3d4b2036f518cbc7d3879a097ac1c8af4ea/connectors/surf/provider.ts
surf#market/liquidation/exchange-list,surf,/market/liquidation/exchange-list,Liquidation by Exchange,GET,https://api.asksurf.ai/gateway/v1/market/liquidation/exchange-list,https://api.asksurf.ai,bearer,Authorization,apiKey,apiKey,queryParams,plain_http_request_candidate,False,False,False,False,False,False,True,False,PER_CALL,,$schema|minLength,False,False,False,True,True,True,derivatives,https://docs.asksurf.ai/data-api/market/liquidation-exchange-list,https://github.com/monid-ai/monid/blob/c57aa3d4b2036f518cbc7d3879a097ac1c8af4ea/connectors/surf/provider.ts
surf#market/liquidation/order,surf,/market/liquidation/order,Large Liquidation Orders,GET,https://api.asksurf.ai/gateway/v1/market/liquidation/order,https://api.asksurf.ai,bearer,Authorization,apiKey,apiKey,queryParams,plain_http_request_candidate,False,False,False,False,False,False,True,False,PER_CALL,,$schema|maximum|minLength|minimum,False,False,False,True,True,True,derivatives,https://docs.asksurf.ai/data-api/market/liquidation-order,https://github.com/monid-ai/monid/blob/c57aa3d4b2036f518cbc7d3879a097ac1c8af4ea/connectors/surf/provider.ts
surf#market/listing,surf,/market/listing,Exchange Listing Events,GET,https://api.asksurf.ai/gateway/v1/market/listing,https://api.asksurf.ai,bearer,Authorization,apiKey,apiKey,queryParams,plain_http_request_candidate,False,False,False,False,False,False,True,False,PER_CALL,,$schema|maximum|minLength|minimum,False,False,False,True,True,True,token-prices,https://docs.asksurf.ai/data-api/market/listing,https://github.com/monid-ai/monid/blob/c57aa3d4b2036f518cbc7d3879a097ac1c8af4ea/connectors/surf/provider.ts
surf#market/onchain-indicator,surf,/market/onchain-indicator,On-Chain Indicator,GET,https://api.asksurf.ai/gateway/v1/market/onchain-indicator,https://api.asksurf.ai,bearer,Authorization,apiKey,apiKey,queryParams,plain_http_request_candidate,False,False,False,False,False,False,True,False,PER_CALL,,$schema|minLength,False,False,False,True,True,True,crypto-signals,https://docs.asksurf.ai/data-api/market/onchain-indicator,https://github.com/monid-ai/monid/blob/c57aa3d4b2036f518cbc7d3879a097ac1c8af4ea/connectors/surf/provider.ts
surf#market/options,surf,/market/options,Options Market Data,GET,https://api.asksurf.ai/gateway/v1/market/options,https://api.asksurf.ai,bearer,Authorization,apiKey,apiKey,queryParams,plain_http_request_candidate,False,False,False,False,False,False,True,False,PER_CALL,,$schema,False,False,False,True,True,True,derivatives,https://docs.asksurf.ai/data-api/market/options,https://github.com/monid-ai/monid/blob/c57aa3d4b2036f518cbc7d3879a097ac1c8af4ea/connectors/surf/provider.ts
surf#market/price,surf,/market/price,Token Price History,GET,https://api.asksurf.ai/gateway/v1/market/price,https://api.asksurf.ai,bearer,Authorization,apiKey,apiKey,queryParams,plain_http_request_candidate,False,False,False,False,False,False,True,False,PER_CALL,,$schema|minLength,False,False,False,True,True,True,token-prices,https://docs.asksurf.ai/data-api/market/price,https://github.com/monid-ai/monid/blob/c57aa3d4b2036f518cbc7d3879a097ac1c8af4ea/connectors/surf/provider.ts
surf#market/price-indicator,surf,/market/price-indicator,Technical Indicator,GET,https://api.asksurf.ai/gateway/v1/market/price-indicator,https://api.asksurf.ai,bearer,Authorization,apiKey,apiKey,queryParams,plain_http_request_candidate,False,False,False,False,False,False,True,False,PER_CALL,,$schema|minLength,False,False,False,True,True,True,crypto-signals,https://docs.asksurf.ai/data-api/market/price-indicator,https://github.com/monid-ai/monid/blob/c57aa3d4b2036f518cbc7d3879a097ac1c8af4ea/connectors/surf/provider.ts
surf#market/public-sale,surf,/market/public-sale,Public Sale / Crowdsale,GET,https://api.asksurf.ai/gateway/v1/market/public-sale,https://api.asksurf.ai,bearer,Authorization,apiKey,apiKey,queryParams,plain_http_request_candidate,False,False,False,False,False,False,True,False,PER_CALL,,$schema|anyOf|minLength,False,False,False,True,True,True,token-prices,https://docs.asksurf.ai/data-api/market/public-sale,https://github.com/monid-ai/monid/blob/c57aa3d4b2036f518cbc7d3879a097ac1c8af4ea/connectors/surf/provider.ts
surf#market/ranking,surf,/market/ranking,Token Rankings,GET,https://api.asksurf.ai/gateway/v1/market/ranking,https://api.asksurf.ai,bearer,Authorization,apiKey,apiKey,queryParams,plain_http_request_candidate,False,False,False,False,False,False,True,False,PER_CALL,,$schema|maximum|minimum,False,False,False,True,True,True,token-prices,https://docs.asksurf.ai/data-api/market/ranking,https://github.com/monid-ai/monid/blob/c57aa3d4b2036f518cbc7d3879a097ac1c8af4ea/connectors/surf/provider.ts
surf#market/tge,surf,/market/tge,Token Generation Event,GET,https://api.asksurf.ai/gateway/v1/market/tge,https://api.asksurf.ai,bearer,Authorization,apiKey,apiKey,queryParams,plain_http_request_candidate,False,False,False,False,False,False,True,False,PER_CALL,,$schema|anyOf|minLength,False,False,False,True,True,True,token-prices,https://docs.asksurf.ai/data-api/market/tge,https://github.com/monid-ai/monid/blob/c57aa3d4b2036f518cbc7d3879a097ac1c8af4ea/connectors/surf/provider.ts
surf#news/detail,surf,/news/detail,News Article Detail,GET,https://api.asksurf.ai/gateway/v1/news/detail,https://api.asksurf.ai,bearer,Authorization,apiKey,apiKey,queryParams,plain_http_request_candidate,False,False,False,False,False,False,True,False,PER_CALL,,$schema|minLength,False,False,False,True,True,True,news-search,https://docs.asksurf.ai/data-api/news/detail,https://github.com/monid-ai/monid/blob/c57aa3d4b2036f518cbc7d3879a097ac1c8af4ea/connectors/surf/provider.ts
surf#news/feed,surf,/news/feed,Crypto News Feed,GET,https://api.asksurf.ai/gateway/v1/news/feed,https://api.asksurf.ai,bearer,Authorization,apiKey,apiKey,queryParams,plain_http_request_candidate,False,False,False,False,False,False,True,False,PER_CALL,,$schema|maximum|minLength|minimum,False,False,False,True,True,True,news-search,https://docs.asksurf.ai/data-api/news/feed,https://github.com/monid-ai/monid/blob/c57aa3d4b2036f518cbc7d3879a097ac1c8af4ea/connectors/surf/provider.ts
surf#onchain/bridge/ranking,surf,/onchain/bridge/ranking,Bridge Protocol Ranking,GET,https://api.asksurf.ai/gateway/v1/onchain/bridge/ranking,https://api.asksurf.ai,bearer,Authorization,apiKey,apiKey,queryParams,plain_http_request_candidate,False,False,False,False,False,False,True,False,PER_CALL,,$schema|maximum|minimum,False,False,False,True,True,True,defi,https://docs.asksurf.ai/data-api/onchain/bridge-ranking,https://github.com/monid-ai/monid/blob/c57aa3d4b2036f518cbc7d3879a097ac1c8af4ea/connectors/surf/provider.ts
surf#onchain/dex/activity,surf,/onchain/dex/activity,DEX Protocol Activity,GET,https://api.asksurf.ai/gateway/v1/onchain/dex/activity,https://api.asksurf.ai,bearer,Authorization,apiKey,apiKey,queryParams,plain_http_request_candidate,False,False,False,False,False,False,True,False,PER_CALL,,$schema|anyOf|minLength,False,False,False,True,True,True,defi,https://docs.asksurf.ai/data-api/onchain/dex-activity,https://github.com/monid-ai/monid/blob/c57aa3d4b2036f518cbc7d3879a097ac1c8af4ea/connectors/surf/provider.ts
surf#onchain/gas-price,surf,/onchain/gas-price,Current Gas Price,GET,https://api.asksurf.ai/gateway/v1/onchain/gas-price,https://api.asksurf.ai,bearer,Authorization,apiKey,apiKey,queryParams,plain_http_request_candidate,False,False,False,False,False,False,True,False,PER_CALL,,$schema,False,False,False,True,True,True,onchain-data,https://docs.asksurf.ai/data-api/onchain/gas-price,https://github.com/monid-ai/monid/blob/c57aa3d4b2036f518cbc7d3879a097ac1c8af4ea/connectors/surf/provider.ts
surf#onchain/query,surf,/onchain/query,Blockchain Structured Query,POST,https://api.asksurf.ai/gateway/v1/onchain/query,https://api.asksurf.ai,bearer,Authorization,apiKey,apiKey,body,plain_http_request_candidate,False,False,False,False,False,False,True,False,PER_CALL,,$schema|anyOf|maximum|minLength|minimum|pattern,False,False,False,True,True,True,onchain-data,https://docs.asksurf.ai/data-api/onchain/query,https://github.com/monid-ai/monid/blob/c57aa3d4b2036f518cbc7d3879a097ac1c8af4ea/connectors/surf/provider.ts
surf#onchain/schema,surf,/onchain/schema,On-Chain Table Schema,GET,https://api.asksurf.ai/gateway/v1/onchain/schema,https://api.asksurf.ai,bearer,Authorization,apiKey,apiKey,queryParams,plain_http_request_candidate,False,False,False,False,False,False,True,False,PER_CALL,,$schema|minLength,False,False,False,True,True,True,onchain-data,https://docs.asksurf.ai/data-api/onchain/schema,https://github.com/monid-ai/monid/blob/c57aa3d4b2036f518cbc7d3879a097ac1c8af4ea/connectors/surf/provider.ts
surf#onchain/sql,surf,/onchain/sql,Blockchain SQL Query,POST,https://api.asksurf.ai/gateway/v1/onchain/sql,https://api.asksurf.ai,bearer,Authorization,apiKey,apiKey,body,plain_http_request_candidate,False,False,False,False,False,False,True,False,PER_CALL,,$schema|maximum|minLength|minimum,False,False,False,True,True,True,onchain-data,https://docs.asksurf.ai/data-api/onchain/sql,https://github.com/monid-ai/monid/blob/c57aa3d4b2036f518cbc7d3879a097ac1c8af4ea/connectors/surf/provider.ts
surf#onchain/sql/jobs,surf,/onchain/sql/jobs,Asynchronous Blockchain SQL Job,POST,https://api.asksurf.ai/gateway/v1/onchain/sql/jobs,https://api.asksurf.ai,bearer,Authorization,apiKey,apiKey,body,polling_lifecycle_adapter,False,True,True,True,False,False,True,False,PER_CALL,,$schema|maximum|minLength|minimum,False,False,False,True,True,True,onchain-data,https://docs.asksurf.ai,https://github.com/monid-ai/monid/blob/c57aa3d4b2036f518cbc7d3879a097ac1c8af4ea/connectors/surf/provider.ts
surf#onchain/sql/preflight,surf,/onchain/sql/preflight,Preflight Blockchain SQL Query,POST,https://api.asksurf.ai/gateway/v1/onchain/sql/preflight,https://api.asksurf.ai,bearer,Authorization,apiKey,apiKey,body,plain_http_request_candidate,False,False,False,False,False,False,True,False,PER_CALL,,$schema|maximum|minLength|minimum,False,False,False,True,True,True,onchain-data,https://docs.asksurf.ai,https://github.com/monid-ai/monid/blob/c57aa3d4b2036f518cbc7d3879a097ac1c8af4ea/connectors/surf/provider.ts
surf#onchain/tx,surf,/onchain/tx,Transaction Details by Hash,GET,https://api.asksurf.ai/gateway/v1/onchain/tx,https://api.asksurf.ai,bearer,Authorization,apiKey,apiKey,queryParams,plain_http_request_candidate,False,False,False,False,False,False,True,False,PER_CALL,,$schema|minLength,False,False,False,True,True,True,onchain-data,https://docs.asksurf.ai/data-api/onchain/tx,https://github.com/monid-ai/monid/blob/c57aa3d4b2036f518cbc7d3879a097ac1c8af4ea/connectors/surf/provider.ts
surf#onchain/yield/ranking,surf,/onchain/yield/ranking,Yield Pool Ranking,GET,https://api.asksurf.ai/gateway/v1/onchain/yield/ranking,https://api.asksurf.ai,bearer,Authorization,apiKey,apiKey,queryParams,plain_http_request_candidate,False,False,False,False,False,False,True,False,PER_CALL,,$schema|maximum|minLength|minimum,False,False,False,True,True,True,yields,https://docs.asksurf.ai/data-api/onchain/yield-ranking,https://github.com/monid-ai/monid/blob/c57aa3d4b2036f518cbc7d3879a097ac1c8af4ea/connectors/surf/provider.ts
surf#prediction-market/analytics,surf,/prediction-market/analytics,Prediction Market Analytics,GET,https://api.asksurf.ai/gateway/v1/prediction-market/analytics,https://api.asksurf.ai,bearer,Authorization,apiKey,apiKey,queryParams,plain_http_request_candidate,False,False,False,False,False,False,True,False,PER_CALL,,$schema|maximum|minimum,False,False,False,True,True,True,prediction-markets,https://docs.asksurf.ai/data-api/prediction-market/analytics,https://github.com/monid-ai/monid/blob/c57aa3d4b2036f518cbc7d3879a097ac1c8af4ea/connectors/surf/provider.ts
surf#prediction-market/correlations,surf,/prediction-market/correlations,Market Correlations,GET,https://api.asksurf.ai/gateway/v1/prediction-market/correlations,https://api.asksurf.ai,bearer,Authorization,apiKey,apiKey,queryParams,plain_http_request_candidate,False,False,False,False,False,False,True,False,PER_CALL,,$schema|maximum|minLength|minimum,False,False,False,True,True,True,prediction-markets,https://docs.asksurf.ai/data-api/prediction-market/correlations,https://github.com/monid-ai/monid/blob/c57aa3d4b2036f518cbc7d3879a097ac1c8af4ea/connectors/surf/provider.ts
surf#prediction-market/kalshi/events,surf,/prediction-market/kalshi/events,Kalshi Events,GET,https://api.asksurf.ai/gateway/v1/prediction-market/kalshi/events,https://api.asksurf.ai,bearer,Authorization,apiKey,apiKey,queryParams,plain_http_request_candidate,False,False,False,False,False,False,True,False,PER_CALL,,$schema|maximum|minLength|minimum,False,False,False,True,True,True,prediction-markets,https://docs.asksurf.ai/data-api/prediction-market/kalshi-events,https://github.com/monid-ai/monid/blob/c57aa3d4b2036f518cbc7d3879a097ac1c8af4ea/connectors/surf/provider.ts
surf#prediction-market/kalshi/markets,surf,/prediction-market/kalshi/markets,Kalshi Markets,GET,https://api.asksurf.ai/gateway/v1/prediction-market/kalshi/markets,https://api.asksurf.ai,bearer,Authorization,apiKey,apiKey,queryParams,plain_http_request_candidate,False,False,False,False,False,False,True,False,PER_CALL,,$schema|maximum|minLength|minimum,False,False,False,True,True,True,prediction-markets,https://docs.asksurf.ai/data-api/prediction-market/kalshi-markets,https://github.com/monid-ai/monid/blob/c57aa3d4b2036f518cbc7d3879a097ac1c8af4ea/connectors/surf/provider.ts
surf#prediction-market/kalshi/open-interest,surf,/prediction-market/kalshi/open-interest,Kalshi Open Interest History,GET,https://api.asksurf.ai/gateway/v1/prediction-market/kalshi/open-interest,https://api.asksurf.ai,bearer,Authorization,apiKey,apiKey,queryParams,plain_http_request_candidate,False,False,False,False,False,False,True,False,PER_CALL,,$schema|minLength,False,False,False,True,True,True,prediction-markets,https://docs.asksurf.ai/data-api/prediction-market/kalshi-open-interest,https://github.com/monid-ai/monid/blob/c57aa3d4b2036f518cbc7d3879a097ac1c8af4ea/connectors/surf/provider.ts
surf#prediction-market/kalshi/orderbooks,surf,/prediction-market/kalshi/orderbooks,Kalshi Orderbook History,GET,https://api.asksurf.ai/gateway/v1/prediction-market/kalshi/orderbooks,https://api.asksurf.ai,bearer,Authorization,apiKey,apiKey,queryParams,plain_http_request_candidate,False,False,False,False,False,False,True,False,PER_CALL,,$schema|maximum|minLength|minimum,False,False,False,True,True,True,prediction-markets,https://docs.asksurf.ai/data-api/prediction-market/kalshi-orderbooks,https://github.com/monid-ai/monid/blob/c57aa3d4b2036f518cbc7d3879a097ac1c8af4ea/connectors/surf/provider.ts
surf#prediction-market/kalshi/prices,surf,/prediction-market/kalshi/prices,Kalshi Price History,GET,https://api.asksurf.ai/gateway/v1/prediction-market/kalshi/prices,https://api.asksurf.ai,bearer,Authorization,apiKey,apiKey,queryParams,plain_http_request_candidate,False,False,False,False,False,False,True,False,PER_CALL,,$schema|minLength,False,False,False,True,True,True,prediction-markets,https://docs.asksurf.ai/data-api/prediction-market/kalshi-prices,https://github.com/monid-ai/monid/blob/c57aa3d4b2036f518cbc7d3879a097ac1c8af4ea/connectors/surf/provider.ts
surf#prediction-market/kalshi/trades,surf,/prediction-market/kalshi/trades,Kalshi Trades,GET,https://api.asksurf.ai/gateway/v1/prediction-market/kalshi/trades,https://api.asksurf.ai,bearer,Authorization,apiKey,apiKey,queryParams,plain_http_request_candidate,False,False,False,False,False,False,True,False,PER_CALL,,$schema|maximum|minLength|minimum,False,False,False,True,True,True,prediction-markets,https://docs.asksurf.ai/data-api/prediction-market/kalshi-trades,https://github.com/monid-ai/monid/blob/c57aa3d4b2036f518cbc7d3879a097ac1c8af4ea/connectors/surf/provider.ts
surf#prediction-market/kalshi/volumes,surf,/prediction-market/kalshi/volumes,Kalshi Volume History,GET,https://api.asksurf.ai/gateway/v1/prediction-market/kalshi/volumes,https://api.asksurf.ai,bearer,Authorization,apiKey,apiKey,queryParams,plain_http_request_candidate,False,False,False,False,False,False,True,False,PER_CALL,,$schema|minLength,False,False,False,True,True,True,prediction-markets,https://docs.asksurf.ai/data-api/prediction-market/kalshi-volumes,https://github.com/monid-ai/monid/blob/c57aa3d4b2036f518cbc7d3879a097ac1c8af4ea/connectors/surf/provider.ts
surf#prediction-market/matching/daily,surf,/prediction-market/matching/daily,Cross-Platform Daily Comparison (Polymarket <> Kalshi),GET,https://api.asksurf.ai/gateway/v1/prediction-market/matching/daily,https://api.asksurf.ai,bearer,Authorization,apiKey,apiKey,queryParams,plain_http_request_candidate,False,False,False,False,False,False,True,False,PER_CALL,,$schema|maximum|minLength|minimum,False,False,False,True,True,True,prediction-markets,https://docs.asksurf.ai/data-api/prediction-market/matching-daily,https://github.com/monid-ai/monid/blob/c57aa3d4b2036f518cbc7d3879a097ac1c8af4ea/connectors/surf/provider.ts
surf#prediction-market/matching/pairs,surf,/prediction-market/matching/pairs,Cross-Platform Prediction Market Matcher (Polymarket <> Kalshi),GET,https://api.asksurf.ai/gateway/v1/prediction-market/matching/pairs,https://api.asksurf.ai,bearer,Authorization,apiKey,apiKey,queryParams,plain_http_request_candidate,False,False,False,False,False,False,True,False,PER_CALL,,$schema|maximum|minLength|minimum,False,False,False,True,True,True,prediction-markets,https://docs.asksurf.ai/data-api/prediction-market/matching-pairs,https://github.com/monid-ai/monid/blob/c57aa3d4b2036f518cbc7d3879a097ac1c8af4ea/connectors/surf/provider.ts
surf#prediction-market/polymarket/events,surf,/prediction-market/polymarket/events,Polymarket Events,GET,https://api.asksurf.ai/gateway/v1/prediction-market/polymarket/events,https://api.asksurf.ai,bearer,Authorization,apiKey,apiKey,queryParams,plain_http_request_candidate,False,False,False,False,False,False,True,False,PER_CALL,,$schema|maximum|minLength|minimum,False,False,False,True,True,True,prediction-markets,https://docs.asksurf.ai/data-api/prediction-market/polymarket-events,https://github.com/monid-ai/monid/blob/c57aa3d4b2036f518cbc7d3879a097ac1c8af4ea/connectors/surf/provider.ts
surf#prediction-market/polymarket/leaderboard,surf,/prediction-market/polymarket/leaderboard,Polymarket Leaderboard,GET,https://api.asksurf.ai/gateway/v1/prediction-market/polymarket/leaderboard,https://api.asksurf.ai,bearer,Authorization,apiKey,apiKey,queryParams,plain_http_request_candidate,False,False,False,False,False,False,True,False,PER_CALL,,$schema|maximum|minimum,False,False,False,True,True,True,prediction-markets,https://docs.asksurf.ai/data-api/prediction-market/polymarket-leaderboard,https://github.com/monid-ai/monid/blob/c57aa3d4b2036f518cbc7d3879a097ac1c8af4ea/connectors/surf/provider.ts
surf#prediction-market/polymarket/markets,surf,/prediction-market/polymarket/markets,Polymarket Markets,GET,https://api.asksurf.ai/gateway/v1/prediction-market/polymarket/markets,https://api.asksurf.ai,bearer,Authorization,apiKey,apiKey,queryParams,plain_http_request_candidate,False,False,False,False,False,False,True,False,PER_CALL,,$schema|maximum|minLength|minimum,False,False,False,True,True,True,prediction-markets,https://docs.asksurf.ai/data-api/prediction-market/polymarket-markets,https://github.com/monid-ai/monid/blob/c57aa3d4b2036f518cbc7d3879a097ac1c8af4ea/connectors/surf/provider.ts
surf#prediction-market/polymarket/open-interest,surf,/prediction-market/polymarket/open-interest,Polymarket Open Interest History,GET,https://api.asksurf.ai/gateway/v1/prediction-market/polymarket/open-interest,https://api.asksurf.ai,bearer,Authorization,apiKey,apiKey,queryParams,plain_http_request_candidate,False,False,False,False,False,False,True,False,PER_CALL,,$schema|minLength,False,False,False,True,True,True,prediction-markets,https://docs.asksurf.ai/data-api/prediction-market/polymarket-open-interest,https://github.com/monid-ai/monid/blob/c57aa3d4b2036f518cbc7d3879a097ac1c8af4ea/connectors/surf/provider.ts
surf#prediction-market/polymarket/orderbooks,surf,/prediction-market/polymarket/orderbooks,Polymarket Orderbook History,GET,https://api.asksurf.ai/gateway/v1/prediction-market/polymarket/orderbooks,https://api.asksurf.ai,bearer,Authorization,apiKey,apiKey,queryParams,plain_http_request_candidate,False,False,False,False,False,False,True,False,PER_CALL,,$schema|maximum|minLength|minimum,False,False,False,True,True,True,prediction-markets,https://docs.asksurf.ai/data-api/prediction-market/polymarket-orderbooks,https://github.com/monid-ai/monid/blob/c57aa3d4b2036f518cbc7d3879a097ac1c8af4ea/connectors/surf/provider.ts
surf#prediction-market/polymarket/positions,surf,/prediction-market/polymarket/positions,Polymarket Wallet Positions,GET,https://api.asksurf.ai/gateway/v1/prediction-market/polymarket/positions,https://api.asksurf.ai,bearer,Authorization,apiKey,apiKey,queryParams,plain_http_request_candidate,False,False,False,False,False,False,True,False,PER_CALL,,$schema|maximum|minLength|minimum,False,False,False,True,True,True,prediction-markets,https://docs.asksurf.ai/data-api/prediction-market/polymarket-positions,https://github.com/monid-ai/monid/blob/c57aa3d4b2036f518cbc7d3879a097ac1c8af4ea/connectors/surf/provider.ts
surf#prediction-market/polymarket/price-ohlcv,surf,/prediction-market/polymarket/price-ohlcv,Polymarket OHLCV Candlesticks,GET,https://api.asksurf.ai/gateway/v1/prediction-market/polymarket/price-ohlcv/{condition_id},https://api.asksurf.ai,bearer,Authorization,apiKey,apiKey,queryParams|pathParams,plain_http_request_candidate,False,False,False,False,False,False,True,False,PER_CALL,,$schema|maximum|minLength|minimum,False,False,False,True,False,False,prediction-markets,https://docs.asksurf.ai/data-api/prediction-market/polymarket-ohlcv,https://github.com/monid-ai/monid/blob/c57aa3d4b2036f518cbc7d3879a097ac1c8af4ea/connectors/surf/provider.ts
surf#prediction-market/polymarket/prices,surf,/prediction-market/polymarket/prices,Polymarket Price History,GET,https://api.asksurf.ai/gateway/v1/prediction-market/polymarket/prices,https://api.asksurf.ai,bearer,Authorization,apiKey,apiKey,queryParams,plain_http_request_candidate,False,False,False,False,False,False,True,False,PER_CALL,,$schema|minLength,False,False,False,True,True,True,prediction-markets,https://docs.asksurf.ai/data-api/prediction-market/polymarket-prices,https://github.com/monid-ai/monid/blob/c57aa3d4b2036f518cbc7d3879a097ac1c8af4ea/connectors/surf/provider.ts
surf#prediction-market/polymarket/smart-money,surf,/prediction-market/polymarket/smart-money,Polymarket Smart Money,GET,https://api.asksurf.ai/gateway/v1/prediction-market/polymarket/smart-money,https://api.asksurf.ai,bearer,Authorization,apiKey,apiKey,queryParams,plain_http_request_candidate,False,False,False,False,False,False,True,False,PER_CALL,,$schema|maximum|minLength|minimum,False,False,False,True,True,True,prediction-markets,https://docs.asksurf.ai/data-api/prediction-market/polymarket-smart-money,https://github.com/monid-ai/monid/blob/c57aa3d4b2036f518cbc7d3879a097ac1c8af4ea/connectors/surf/provider.ts
surf#prediction-market/polymarket/trades,surf,/prediction-market/polymarket/trades,Polymarket Trades,GET,https://api.asksurf.ai/gateway/v1/prediction-market/polymarket/trades,https://api.asksurf.ai,bearer,Authorization,apiKey,apiKey,queryParams,plain_http_request_candidate,False,False,False,False,False,False,True,False,PER_CALL,,$schema|anyOf|maximum|minLength|minimum,False,False,False,True,True,True,prediction-markets,https://docs.asksurf.ai/data-api/prediction-market/polymarket-trades,https://github.com/monid-ai/monid/blob/c57aa3d4b2036f518cbc7d3879a097ac1c8af4ea/connectors/surf/provider.ts
surf#prediction-market/polymarket/volume-split,surf,/prediction-market/polymarket/volume-split,Polymarket Volume Split (YES/NO),GET,https://api.asksurf.ai/gateway/v1/prediction-market/polymarket/volume-split/{condition_id},https://api.asksurf.ai,bearer,Authorization,apiKey,apiKey,queryParams|pathParams,plain_http_request_candidate,False,False,False,False,False,False,True,False,PER_CALL,,$schema|maximum|minLength|minimum,False,False,False,True,False,False,prediction-markets,https://docs.asksurf.ai/data-api/prediction-market/polymarket-volume-split,https://github.com/monid-ai/monid/blob/c57aa3d4b2036f518cbc7d3879a097ac1c8af4ea/connectors/surf/provider.ts
surf#prediction-market/polymarket/volumes,surf,/prediction-market/polymarket/volumes,Polymarket Volume History,GET,https://api.asksurf.ai/gateway/v1/prediction-market/polymarket/volumes,https://api.asksurf.ai,bearer,Authorization,apiKey,apiKey,queryParams,plain_http_request_candidate,False,False,False,False,False,False,True,False,PER_CALL,,$schema|anyOf|maximum|minLength|minimum,False,False,False,True,True,True,prediction-markets,https://docs.asksurf.ai/data-api/prediction-market/polymarket-volumes,https://github.com/monid-ai/monid/blob/c57aa3d4b2036f518cbc7d3879a097ac1c8af4ea/connectors/surf/provider.ts
surf#project/ai-news,surf,/project/ai-news,Project AI News,GET,https://api.asksurf.ai/gateway/v1/project/ai-news,https://api.asksurf.ai,bearer,Authorization,apiKey,apiKey,queryParams,plain_http_request_candidate,False,False,False,False,False,False,True,False,PER_CALL,,$schema|anyOf|maximum|minLength|minimum,False,False,False,True,True,True,company-news,https://docs.asksurf.ai/data-api/project/ai-news,https://github.com/monid-ai/monid/blob/c57aa3d4b2036f518cbc7d3879a097ac1c8af4ea/connectors/surf/provider.ts
surf#project/defi/metrics,surf,/project/defi/metrics,Project DeFi Metrics,GET,https://api.asksurf.ai/gateway/v1/project/defi/metrics,https://api.asksurf.ai,bearer,Authorization,apiKey,apiKey,queryParams,plain_http_request_candidate,False,False,False,False,False,False,True,False,PER_CALL,,$schema|anyOf|maximum|minLength|minimum,False,False,False,True,True,True,defi,https://docs.asksurf.ai/data-api/project/defi-metrics,https://github.com/monid-ai/monid/blob/c57aa3d4b2036f518cbc7d3879a097ac1c8af4ea/connectors/surf/provider.ts
surf#project/defi/ranking,surf,/project/defi/ranking,DeFi Protocol Ranking,GET,https://api.asksurf.ai/gateway/v1/project/defi/ranking,https://api.asksurf.ai,bearer,Authorization,apiKey,apiKey,queryParams,plain_http_request_candidate,False,False,False,False,False,False,True,False,PER_CALL,,$schema|maximum|minimum,False,False,False,True,True,True,defi,https://docs.asksurf.ai/data-api/project/defi-ranking,https://github.com/monid-ai/monid/blob/c57aa3d4b2036f518cbc7d3879a097ac1c8af4ea/connectors/surf/provider.ts
surf#project/detail,surf,/project/detail,Aggregated Project Detail,GET,https://api.asksurf.ai/gateway/v1/project/detail,https://api.asksurf.ai,bearer,Authorization,apiKey,apiKey,queryParams,plain_http_request_candidate,False,False,False,False,False,False,True,False,PER_CALL,,$schema|anyOf|minLength,False,False,False,True,True,True,company-enrichment,https://docs.asksurf.ai/data-api/project/detail,https://github.com/monid-ai/monid/blob/c57aa3d4b2036f518cbc7d3879a097ac1c8af4ea/connectors/surf/provider.ts
surf#search/airdrop,surf,/search/airdrop,Airdrop Search,GET,https://api.asksurf.ai/gateway/v1/search/airdrop,https://api.asksurf.ai,bearer,Authorization,apiKey,apiKey,queryParams,plain_http_request_candidate,False,False,False,False,False,False,True,False,PER_CALL,,$schema|maxLength|maximum|minLength|minimum|pattern,False,False,False,True,True,True,onchain-data,https://docs.asksurf.ai/data-api/search/airdrop,https://github.com/monid-ai/monid/blob/c57aa3d4b2036f518cbc7d3879a097ac1c8af4ea/connectors/surf/provider.ts
surf#search/airdrop/activities,surf,/search/airdrop/activities,Airdrop Activities,GET,https://api.asksurf.ai/gateway/v1/search/airdrop/activities,https://api.asksurf.ai,bearer,Authorization,apiKey,apiKey,queryParams,plain_http_request_candidate,False,False,False,False,False,False,True,False,PER_CALL,,$schema|maximum|minimum,False,False,False,True,True,True,onchain-data,https://docs.asksurf.ai/data-api/search/airdrop-activities,https://github.com/monid-ai/monid/blob/c57aa3d4b2036f518cbc7d3879a097ac1c8af4ea/connectors/surf/provider.ts
surf#search/events,surf,/search/events,Project Event Search,GET,https://api.asksurf.ai/gateway/v1/search/events,https://api.asksurf.ai,bearer,Authorization,apiKey,apiKey,queryParams,plain_http_request_candidate,False,False,False,False,False,False,True,False,PER_CALL,,$schema|anyOf|maxLength|maximum|minLength|minimum,False,False,False,True,True,True,company-enrichment,https://docs.asksurf.ai/data-api/search/events,https://github.com/monid-ai/monid/blob/c57aa3d4b2036f518cbc7d3879a097ac1c8af4ea/connectors/surf/provider.ts
surf#search/fund,surf,/search/fund,Fund Search,GET,https://api.asksurf.ai/gateway/v1/search/fund,https://api.asksurf.ai,bearer,Authorization,apiKey,apiKey,queryParams,plain_http_request_candidate,False,False,False,False,False,False,True,False,PER_CALL,,$schema|maxLength|maximum|minLength|minimum,False,False,False,True,True,True,company-enrichment|funding-data,https://docs.asksurf.ai/data-api/search/fund,https://github.com/monid-ai/monid/blob/c57aa3d4b2036f518cbc7d3879a097ac1c8af4ea/connectors/surf/provider.ts
surf#search/fundraising,surf,/search/fundraising,Fundraising Event Search,GET,https://api.asksurf.ai/gateway/v1/search/fundraising,https://api.asksurf.ai,bearer,Authorization,apiKey,apiKey,queryParams,plain_http_request_candidate,False,False,False,False,False,False,True,False,PER_CALL,,$schema|maxLength|maximum|minLength|minimum,False,False,False,True,True,True,company-enrichment|funding-data,https://docs.asksurf.ai,https://github.com/monid-ai/monid/blob/c57aa3d4b2036f518cbc7d3879a097ac1c8af4ea/connectors/surf/provider.ts
surf#search/news,surf,/search/news,News Article Search,GET,https://api.asksurf.ai/gateway/v1/search/news,https://api.asksurf.ai,bearer,Authorization,apiKey,apiKey,queryParams,plain_http_request_candidate,False,False,False,False,False,False,True,False,PER_CALL,,$schema|maxLength|maximum|minLength|minimum,False,False,False,True,True,True,news-search,https://docs.asksurf.ai/data-api/search/news,https://github.com/monid-ai/monid/blob/c57aa3d4b2036f518cbc7d3879a097ac1c8af4ea/connectors/surf/provider.ts
surf#search/prediction-market,surf,/search/prediction-market,Search Prediction Markets,GET,https://api.asksurf.ai/gateway/v1/search/prediction-market,https://api.asksurf.ai,bearer,Authorization,apiKey,apiKey,queryParams,plain_http_request_candidate,False,False,False,False,False,False,True,False,PER_CALL,,$schema|maxLength|maximum|minLength|minimum,False,False,False,True,True,True,prediction-markets,https://docs.asksurf.ai/data-api/search/prediction-market,https://github.com/monid-ai/monid/blob/c57aa3d4b2036f518cbc7d3879a097ac1c8af4ea/connectors/surf/provider.ts
surf#search/project,surf,/search/project,Project Search,GET,https://api.asksurf.ai/gateway/v1/search/project,https://api.asksurf.ai,bearer,Authorization,apiKey,apiKey,queryParams,plain_http_request_candidate,False,False,False,False,False,False,True,False,PER_CALL,,$schema|maxLength|maximum|minLength|minimum,False,False,False,True,True,True,company-enrichment,https://docs.asksurf.ai/data-api/search/project,https://github.com/monid-ai/monid/blob/c57aa3d4b2036f518cbc7d3879a097ac1c8af4ea/connectors/surf/provider.ts
surf#search/token,surf,/search/token,Token Symbol Resolution,GET,https://api.asksurf.ai/gateway/v1/search/token,https://api.asksurf.ai,bearer,Authorization,apiKey,apiKey,queryParams,plain_http_request_candidate,False,False,False,False,False,False,True,False,PER_CALL,,$schema|maxLength|maximum|minLength|minimum,False,False,False,True,True,True,token-prices,https://docs.asksurf.ai/data-api/search/token,https://github.com/monid-ai/monid/blob/c57aa3d4b2036f518cbc7d3879a097ac1c8af4ea/connectors/surf/provider.ts
surf#search/wallet,surf,/search/wallet,Wallet Search,GET,https://api.asksurf.ai/gateway/v1/search/wallet,https://api.asksurf.ai,bearer,Authorization,apiKey,apiKey,queryParams,plain_http_request_candidate,False,False,False,False,False,False,True,False,PER_CALL,,$schema|maxLength|maximum|minLength|minimum,False,False,False,True,True,True,onchain-data,https://docs.asksurf.ai/data-api/search/wallet,https://github.com/monid-ai/monid/blob/c57aa3d4b2036f518cbc7d3879a097ac1c8af4ea/connectors/surf/provider.ts
surf#search/web,surf,/search/web,Web Search,GET,https://api.asksurf.ai/gateway/v1/search/web,https://api.asksurf.ai,bearer,Authorization,apiKey,apiKey,queryParams,plain_http_request_candidate,False,False,False,False,False,False,True,False,PER_CALL,,$schema|maxLength|maximum|minLength|minimum,False,False,False,True,True,True,web-search,https://docs.asksurf.ai/data-api/search/web,https://github.com/monid-ai/monid/blob/c57aa3d4b2036f518cbc7d3879a097ac1c8af4ea/connectors/surf/provider.ts
surf#token/dex-trades,surf,/token/dex-trades,Token DEX Trade History,GET,https://api.asksurf.ai/gateway/v1/token/dex-trades,https://api.asksurf.ai,bearer,Authorization,apiKey,apiKey,queryParams,plain_http_request_candidate,False,False,False,False,False,False,True,False,PER_CALL,,$schema|maximum|minLength|minimum,False,False,False,True,True,True,onchain-data,https://docs.asksurf.ai/data-api/token/dex-trades,https://github.com/monid-ai/monid/blob/c57aa3d4b2036f518cbc7d3879a097ac1c8af4ea/connectors/surf/provider.ts
surf#token/holders,surf,/token/holders,Token Holders,GET,https://api.asksurf.ai/gateway/v1/token/holders,https://api.asksurf.ai,bearer,Authorization,apiKey,apiKey,queryParams,plain_http_request_candidate,False,False,False,False,False,False,True,False,PER_CALL,,$schema|maximum|minLength|minimum,False,False,False,True,True,True,onchain-data,https://docs.asksurf.ai/data-api/token/holders,https://github.com/monid-ai/monid/blob/c57aa3d4b2036f518cbc7d3879a097ac1c8af4ea/connectors/surf/provider.ts
surf#token/tokenomics,surf,/token/tokenomics,Token Unlock Schedule,GET,https://api.asksurf.ai/gateway/v1/token/tokenomics,https://api.asksurf.ai,bearer,Authorization,apiKey,apiKey,queryParams,plain_http_request_candidate,False,False,False,False,False,False,True,False,PER_CALL,,$schema|anyOf|minLength,False,False,False,True,True,True,onchain-data,https://docs.asksurf.ai/data-api/token/tokenomics,https://github.com/monid-ai/monid/blob/c57aa3d4b2036f518cbc7d3879a097ac1c8af4ea/connectors/surf/provider.ts
surf#token/transfer-counterparties,surf,/token/transfer-counterparties,Top Transfer Counterparties,GET,https://api.asksurf.ai/gateway/v1/token/transfer-counterparties,https://api.asksurf.ai,bearer,Authorization,apiKey,apiKey,queryParams,plain_http_request_candidate,False,False,False,False,False,False,True,False,PER_CALL,,$schema|maximum|minLength|minimum,False,False,False,True,True,True,onchain-data,https://docs.asksurf.ai/data-api/token/transfer-counterparties,https://github.com/monid-ai/monid/blob/c57aa3d4b2036f518cbc7d3879a097ac1c8af4ea/connectors/surf/provider.ts
surf#token/transfer-stats,surf,/token/transfer-stats,Token Transfer Activity Summary,GET,https://api.asksurf.ai/gateway/v1/token/transfer-stats,https://api.asksurf.ai,bearer,Authorization,apiKey,apiKey,queryParams,plain_http_request_candidate,False,False,False,False,False,False,True,False,PER_CALL,,$schema|minLength,False,False,False,True,True,True,onchain-data,https://docs.asksurf.ai/data-api/token/transfer-stats,https://github.com/monid-ai/monid/blob/c57aa3d4b2036f518cbc7d3879a097ac1c8af4ea/connectors/surf/provider.ts
surf#token/transfers,surf,/token/transfers,Token Transfer History,GET,https://api.asksurf.ai/gateway/v1/token/transfers,https://api.asksurf.ai,bearer,Authorization,apiKey,apiKey,queryParams,plain_http_request_candidate,False,False,False,False,False,False,True,False,PER_CALL,,$schema|maximum|minLength|minimum,False,False,False,True,True,True,onchain-data,https://docs.asksurf.ai/data-api/token/transfers,https://github.com/monid-ai/monid/blob/c57aa3d4b2036f518cbc7d3879a097ac1c8af4ea/connectors/surf/provider.ts
surf#wallet/detail,surf,/wallet/detail,Aggregated Wallet Detail,GET,https://api.asksurf.ai/gateway/v1/wallet/detail,https://api.asksurf.ai,bearer,Authorization,apiKey,apiKey,queryParams,plain_http_request_candidate,False,False,False,False,False,False,True,False,PER_CALL,,$schema|minLength,False,False,False,True,True,True,onchain-data,https://docs.asksurf.ai/data-api/wallet/detail,https://github.com/monid-ai/monid/blob/c57aa3d4b2036f518cbc7d3879a097ac1c8af4ea/connectors/surf/provider.ts
surf#wallet/history,surf,/wallet/history,Wallet Transaction History,GET,https://api.asksurf.ai/gateway/v1/wallet/history,https://api.asksurf.ai,bearer,Authorization,apiKey,apiKey,queryParams,plain_http_request_candidate,False,False,False,False,False,False,True,False,PER_CALL,,$schema|maximum|minLength|minimum,False,False,False,True,True,True,onchain-data,https://docs.asksurf.ai/data-api/wallet/history,https://github.com/monid-ai/monid/blob/c57aa3d4b2036f518cbc7d3879a097ac1c8af4ea/connectors/surf/provider.ts
surf#wallet/labels/batch,surf,/wallet/labels/batch,Wallet Labels (Batch),GET,https://api.asksurf.ai/gateway/v1/wallet/labels/batch,https://api.asksurf.ai,bearer,Authorization,apiKey,apiKey,queryParams,plain_http_request_candidate,False,False,False,False,False,False,True,False,PER_CALL,,$schema|minLength,False,False,False,True,True,True,onchain-data,https://docs.asksurf.ai/data-api/wallet/labels-batch,https://github.com/monid-ai/monid/blob/c57aa3d4b2036f518cbc7d3879a097ac1c8af4ea/connectors/surf/provider.ts
surf#wallet/net-worth,surf,/wallet/net-worth,Wallet Net Worth History,GET,https://api.asksurf.ai/gateway/v1/wallet/net-worth,https://api.asksurf.ai,bearer,Authorization,apiKey,apiKey,queryParams,plain_http_request_candidate,False,False,False,False,False,False,True,False,PER_CALL,,$schema|minLength,False,False,False,True,True,True,onchain-data,https://docs.asksurf.ai/data-api/wallet/net-worth,https://github.com/monid-ai/monid/blob/c57aa3d4b2036f518cbc7d3879a097ac1c8af4ea/connectors/surf/provider.ts
surf#wallet/protocols,surf,/wallet/protocols,Wallet DeFi Protocol Positions,GET,https://api.asksurf.ai/gateway/v1/wallet/protocols,https://api.asksurf.ai,bearer,Authorization,apiKey,apiKey,queryParams,plain_http_request_candidate,False,False,False,False,False,False,True,False,PER_CALL,,$schema|maximum|minLength|minimum,False,False,False,True,True,True,onchain-data,https://docs.asksurf.ai/data-api/wallet/protocols,https://github.com/monid-ai/monid/blob/c57aa3d4b2036f518cbc7d3879a097ac1c8af4ea/connectors/surf/provider.ts
surf#wallet/transfers,surf,/wallet/transfers,Wallet Transfer History,GET,https://api.asksurf.ai/gateway/v1/wallet/transfers,https://api.asksurf.ai,bearer,Authorization,apiKey,apiKey,queryParams,plain_http_request_candidate,False,False,False,False,False,False,True,False,PER_CALL,,$schema|maximum|minLength|minimum,False,False,False,True,True,True,onchain-data,https://docs.asksurf.ai/data-api/wallet/transfers,https://github.com/monid-ai/monid/blob/c57aa3d4b2036f518cbc7d3879a097ac1c8af4ea/connectors/surf/provider.ts
surf#web/fetch,surf,/web/fetch,Web Page Fetch,GET,https://api.asksurf.ai/gateway/v1/web/fetch,https://api.asksurf.ai,bearer,Authorization,apiKey,apiKey,queryParams,plain_http_request_candidate,False,False,False,False,False,False,True,False,PER_CALL,,$schema|format|maximum|minLength|minimum,False,False,False,True,True,True,web-extraction,https://docs.asksurf.ai/data-api/web/fetch,https://github.com/monid-ai/monid/blob/c57aa3d4b2036f518cbc7d3879a097ac1c8af4ea/connectors/surf/provider.ts
suzanne#v1/models/{job_id}/download,suzanne,/v1/models/{job_id}/download,Suzanne Model Download,GET,https://api.suzanne3d.com/v1/models/{job_id}/download,https://api.suzanne3d.com,bearer,Authorization,apiKey,apiKey,queryParams|pathParams,polling_lifecycle_adapter,False,True,True,False,False,False,True,False,FREE,,$schema|minLength,False,False,False,True,True,True,3d-generation,https://console.suzanne3d.com/documentation/download-model,https://github.com/monid-ai/monid/blob/c57aa3d4b2036f518cbc7d3879a097ac1c8af4ea/connectors/suzanne/provider.ts
suzanne#v1/generations/photo-to-3d,suzanne,/v1/generations/photo-to-3d,Suzanne Photo-to-3D,POST,https://api.suzanne3d.com/v1/generations/photo-to-3d,https://api.suzanne3d.com,bearer,Authorization,apiKey,apiKey,body,polling_lifecycle_adapter,True,True,True,False,False,False,True,False,PER_CALL,,$schema|anyOf|const|pattern,False,False,False,True,True,True,3d-generation,https://console.suzanne3d.com/documentation/photo-to-3d,https://github.com/monid-ai/monid/blob/c57aa3d4b2036f518cbc7d3879a097ac1c8af4ea/connectors/suzanne/provider.ts
suzanne#v1/generations/text-to-3d,suzanne,/v1/generations/text-to-3d,Suzanne Text-to-3D,POST,https://api.suzanne3d.com/v1/generations/text-to-3d,https://api.suzanne3d.com,bearer,Authorization,apiKey,apiKey,body,polling_lifecycle_adapter,True,True,True,False,False,False,True,False,PER_CALL,,$schema|anyOf|const|maxLength|minLength,False,False,False,True,True,True,3d-generation,https://console.suzanne3d.com/documentation/text-to-3d,https://github.com/monid-ai/monid/blob/c57aa3d4b2036f518cbc7d3879a097ac1c8af4ea/connectors/suzanne/provider.ts
suzanne#v1/uploads,suzanne,/v1/uploads,Suzanne Image Upload URL,POST,https://api.suzanne3d.com/v1/uploads,https://api.suzanne3d.com,bearer,Authorization,apiKey,apiKey,,polling_lifecycle_adapter,False,True,True,False,False,False,True,False,PER_CALL,,,False,False,False,True,True,True,3d-generation,https://console.suzanne3d.com/documentation/uploads,https://github.com/monid-ai/monid/blob/c57aa3d4b2036f518cbc7d3879a097ac1c8af4ea/connectors/suzanne/provider.ts
tinyfish#fetch,tinyfish,/fetch,TinyFish Fetch,POST,https://api.fetch.tinyfish.ai/,https://api.fetch.tinyfish.ai,header,X-API-Key,apiKey,apiKey,body,plain_http_request_candidate,False,False,False,False,False,False,False,False,FREE,,$schema|format|maxItems|maxLength|maximum|minItems|minLength|minimum,False,True,True,True,True,True,web-scraping,https://docs.tinyfish.ai/fetch-api/reference,https://github.com/monid-ai/monid/blob/c57aa3d4b2036f518cbc7d3879a097ac1c8af4ea/connectors/tinyfish/provider.ts
tinyfish#search,tinyfish,/search,TinyFish Web Search,GET,https://api.search.tinyfish.ai/,https://api.search.tinyfish.ai,header,X-API-Key,apiKey,apiKey,queryParams,plain_http_request_candidate,False,False,False,False,False,False,False,False,FREE,,$schema|format|maxLength|maximum|minLength|minimum|pattern,False,True,True,True,True,True,web-search|news-search,https://docs.tinyfish.ai/search-api/reference,https://github.com/monid-ai/monid/blob/c57aa3d4b2036f518cbc7d3879a097ac1c8af4ea/connectors/tinyfish/provider.ts
vaquill#us/statutes/count,vaquill,/us/statutes/count,Count US Statute Sections,POST,https://api.vaquill.ai/api/v1/us/statutes/count,https://api.vaquill.ai,bearer,Authorization,apiKey,apiKey,body,plain_http_request_candidate,False,False,False,False,False,False,False,True,PER_UNIT,,$schema|anyOf|maximum|minimum,False,False,False,True,True,True,legal-research,https://www.vaquill.ai/docs/api-reference/us-statutes/count-the-sections-in-a-scope,https://github.com/monid-ai/monid/blob/c57aa3d4b2036f518cbc7d3879a097ac1c8af4ea/connectors/apollo/endpoints/organizations-enrich/endpoint.ts
vaquill#us/statutes/coverage,vaquill,/us/statutes/coverage,US Statutes Coverage,GET,https://api.vaquill.ai/api/v1/us/statutes/coverage,https://api.vaquill.ai,bearer,Authorization,apiKey,apiKey,,plain_http_request_candidate,False,False,False,False,False,False,False,True,FREE,,,False,False,False,True,True,True,legal-research,https://www.vaquill.ai/docs/api-reference/us-statutes/coverage-matrix-by-jurisdiction-and-corpustype,https://github.com/monid-ai/monid/blob/c57aa3d4b2036f518cbc7d3879a097ac1c8af4ea/connectors/vaquill/provider.ts
vaquill#us/statutes/divisions,vaquill,/us/statutes/divisions,Browse the Statutory Hierarchy,GET,https://api.vaquill.ai/api/v1/us/statutes/divisions,https://api.vaquill.ai,bearer,Authorization,apiKey,apiKey,queryParams,plain_http_request_candidate,False,False,False,False,False,False,False,True,PER_UNIT,,$schema|maximum|minimum,False,False,False,True,True,True,legal-research,https://www.vaquill.ai/docs/api-reference/us-statutes/browse-the-statutory-hierarchy,https://github.com/monid-ai/monid/blob/c57aa3d4b2036f518cbc7d3879a097ac1c8af4ea/connectors/apollo/endpoints/organizations-enrich/endpoint.ts
vaquill#us/statutes/resolve,vaquill,/us/statutes/resolve,Resolve US Citations,POST,https://api.vaquill.ai/api/v1/us/statutes/resolve,https://api.vaquill.ai,bearer,Authorization,apiKey,apiKey,body,plain_http_request_candidate,False,False,False,False,False,False,False,True,PER_UNIT,,$schema|maxItems|minItems,False,False,False,True,True,True,legal-research,https://www.vaquill.ai/docs/api-reference/us-statutes/resolve-many-citations-at-once,https://github.com/monid-ai/monid/blob/c57aa3d4b2036f518cbc7d3879a097ac1c8af4ea/connectors/vaquill/endpoints/resolve/endpoint.ts
vaquill#us/statutes/search,vaquill,/us/statutes/search,Search US Statutes,POST,https://api.vaquill.ai/api/v1/us/statutes/search,https://api.vaquill.ai,bearer,Authorization,apiKey,apiKey,body,plain_http_request_candidate,False,False,False,False,False,False,False,True,COMPOSITE,,$schema|anyOf|format|maxLength|maximum|minLength|minimum|pattern,False,False,False,True,True,True,legal-research,https://www.vaquill.ai/docs/api-reference/us-statutes/search-us-statutes-constitutions-court-rules-and-executive-actions,https://github.com/monid-ai/monid/blob/c57aa3d4b2036f518cbc7d3879a097ac1c8af4ea/connectors/vaquill/endpoints/search/endpoint.ts
vaquill#us/statutes/section/{act_id},vaquill,/us/statutes/section/{act_id},Get US Statute Section,GET,https://api.vaquill.ai/api/v1/us/statutes/section/{act_id},https://api.vaquill.ai,bearer,Authorization,apiKey,apiKey,pathParams,plain_http_request_candidate,False,False,False,False,False,False,False,True,PER_CALL,,$schema|maxLength|minLength,False,False,False,True,True,True,legal-research,https://www.vaquill.ai/docs/api-reference/us-statutes/get-statute-section-metadata,https://github.com/monid-ai/monid/blob/c57aa3d4b2036f518cbc7d3879a097ac1c8af4ea/connectors/vaquill/provider.ts
vaquill#us/statutes/section/{act_id}/body,vaquill,/us/statutes/section/{act_id}/body,Get US Statute Full Text,GET,https://api.vaquill.ai/api/v1/us/statutes/section/{act_id}/body,https://api.vaquill.ai,bearer,Authorization,apiKey,apiKey,queryParams|pathParams,plain_http_request_candidate,False,False,False,False,False,False,False,True,PER_UNIT,,$schema|format|maxLength|minLength|pattern,False,False,False,True,True,True,legal-research,https://www.vaquill.ai/docs/api-reference/us-statutes/get-statute-full-text,https://github.com/monid-ai/monid/blob/c57aa3d4b2036f518cbc7d3879a097ac1c8af4ea/connectors/apollo/endpoints/organizations-enrich/endpoint.ts
vaquill#us/statutes/section/{act_id}/changes,vaquill,/us/statutes/section/{act_id}/changes,Get Section Change History,GET,https://api.vaquill.ai/api/v1/us/statutes/section/{act_id}/changes,https://api.vaquill.ai,bearer,Authorization,apiKey,apiKey,queryParams|pathParams,plain_http_request_candidate,False,False,False,False,False,False,False,True,PER_UNIT,changeKind,$schema|maxLength|maximum|minLength|minimum,False,False,False,True,True,True,legal-research,https://www.vaquill.ai/docs/api-reference/us-statutes/get-this-sections-change-history,https://github.com/monid-ai/monid/blob/c57aa3d4b2036f518cbc7d3879a097ac1c8af4ea/connectors/apollo/endpoints/organizations-enrich/endpoint.ts
vaquill#us/statutes/section/{act_id}/cited-by,vaquill,/us/statutes/section/{act_id}/cited-by,Get Sections Citing This One,GET,https://api.vaquill.ai/api/v1/us/statutes/section/{act_id}/cited-by,https://api.vaquill.ai,bearer,Authorization,apiKey,apiKey,queryParams|pathParams,plain_http_request_candidate,False,False,False,False,False,False,False,True,PER_UNIT,,$schema|maxLength|maximum|minLength|minimum,False,False,False,True,True,True,legal-research,https://www.vaquill.ai/docs/api-reference/us-statutes/find-the-sections-that-cite-this-one,https://github.com/monid-ai/monid/blob/c57aa3d4b2036f518cbc7d3879a097ac1c8af4ea/connectors/apollo/endpoints/organizations-enrich/endpoint.ts
vaquill#us/statutes/section/{act_id}/cross-state,vaquill,/us/statutes/section/{act_id}/cross-state,Compare a Provision Across States,GET,https://api.vaquill.ai/api/v1/us/statutes/section/{act_id}/cross-state,https://api.vaquill.ai,bearer,Authorization,apiKey,apiKey,queryParams|pathParams,plain_http_request_candidate,False,False,False,False,False,False,False,True,PER_UNIT,,$schema|maxLength|maximum|minLength|minimum,False,False,False,True,True,True,legal-research,https://www.vaquill.ai/docs/api-reference/us-statutes/compare-this-provision-against-other-states,https://github.com/monid-ai/monid/blob/c57aa3d4b2036f518cbc7d3879a097ac1c8af4ea/connectors/apollo/endpoints/organizations-enrich/endpoint.ts
vaquill#us/statutes/section/{act_id}/definitions,vaquill,/us/statutes/section/{act_id}/definitions,Get Defined Terms,GET,https://api.vaquill.ai/api/v1/us/statutes/section/{act_id}/definitions,https://api.vaquill.ai,bearer,Authorization,apiKey,apiKey,pathParams,plain_http_request_candidate,False,False,False,False,False,False,False,True,PER_UNIT,,$schema|maxLength|minLength,False,False,False,True,True,True,legal-research,https://www.vaquill.ai/docs/api-reference/us-statutes/get-the-defined-terms-that-govern-this-section,https://github.com/monid-ai/monid/blob/c57aa3d4b2036f518cbc7d3879a097ac1c8af4ea/connectors/apollo/endpoints/organizations-enrich/endpoint.ts
vaquill#us/statutes/section/{act_id}/related,vaquill,/us/statutes/section/{act_id}/related,Get Neighbouring Sections,GET,https://api.vaquill.ai/api/v1/us/statutes/section/{act_id}/related,https://api.vaquill.ai,bearer,Authorization,apiKey,apiKey,queryParams|pathParams,plain_http_request_candidate,False,False,False,False,False,False,False,True,PER_CALL,,$schema|maxLength|maximum|minLength|minimum,False,False,False,True,True,True,legal-research,https://www.vaquill.ai/docs/api-reference/us-statutes/get-the-sections-around-this-one,https://github.com/monid-ai/monid/blob/c57aa3d4b2036f518cbc7d3879a097ac1c8af4ea/connectors/vaquill/provider.ts
vaquill#us/statutes/sections,vaquill,/us/statutes/sections,Get US Statute Sections (Batch),POST,https://api.vaquill.ai/api/v1/us/statutes/sections,https://api.vaquill.ai,bearer,Authorization,apiKey,apiKey,body,plain_http_request_candidate,False,False,False,False,False,False,False,True,COMPOSITE,,$schema|maxItems|minItems,False,False,False,True,True,True,legal-research,https://www.vaquill.ai/docs/api-reference/us-statutes/get-metadata-for-many-statute-sections,https://github.com/monid-ai/monid/blob/c57aa3d4b2036f518cbc7d3879a097ac1c8af4ea/connectors/vaquill/endpoints/sections/endpoint.ts
